-- phpMyAdmin SQL Dump
-- version 5.2.0
-- https://www.phpmyadmin.net/
--
-- Host: 127.0.0.1
-- Generation Time: May 10, 2023 at 11:54 AM
-- Server version: 10.4.27-MariaDB
-- PHP Version: 8.1.12

SET SQL_MODE = "NO_AUTO_VALUE_ON_ZERO";
START TRANSACTION;
SET time_zone = "+00:00";


/*!40101 SET @OLD_CHARACTER_SET_CLIENT=@@CHARACTER_SET_CLIENT */;
/*!40101 SET @OLD_CHARACTER_SET_RESULTS=@@CHARACTER_SET_RESULTS */;
/*!40101 SET @OLD_COLLATION_CONNECTION=@@COLLATION_CONNECTION */;
/*!40101 SET NAMES utf8mb4 */;

--
-- Database: `elite_shop`
--

-- --------------------------------------------------------

--
-- Table structure for table `articles`
--

CREATE TABLE `articles` (
  `id` int(11) NOT NULL,
  `subject` text NOT NULL,
  `body` text NOT NULL,
  `user_id` int(11) NOT NULL,
  `slug` varchar(256) NOT NULL,
  `created_at` date NOT NULL,
  `updated_at` date NOT NULL DEFAULT current_timestamp()
) ENGINE=InnoDB DEFAULT CHARSET=utf8 COLLATE=utf8_persian_ci;

--
-- Dumping data for table `articles`
--

INSERT INTO `articles` (`id`, `subject`, `body`, `user_id`, `slug`, `created_at`, `updated_at`) VALUES
(1, 'می‌زد، از اولیای اطفال آشنا شدم. یارو لابد.', 'داشتن یک دستیار هوشــمند براي انجام کارهاي مختلف بسیار خوب است، اما آیا میدانید دستیار گوگل ملقب به Google Assistant همه فرمانهاي صوتی شما را براي اجرا ابتدا در سرورهاي گوگل و در ادامه یک نسخه از آن را\nنیز در فضاي ذخیرهسازي شخصی شما ذخیره میکند؟.داشتن یک دستیار هوشــمند براي انجام کارهاي مختلف بسیار خوب است، اما آیا میدانید دستیار گوگل ملقب به Google Assistant همه فرمانهاي صوتی شما را براي اجرا ابتدا در سرورهاي گوگل و در ادامه یک نسخه از آن را\n\n![پرتغال خونی](https://thumbs.dreamstime.com/b/top-view-several-grapefruit-slices-bright-background-blue-color-saturated-citrus-texture-image-132456154.jpg)\n\n\n- نیز در فضاي ذخیرهسازي شخصی شما ذخیره میکند؟\n\n1. .داشتن یک دستیار هوشــمند براي انجام کارهايب مختلف بسیار خوب است، اما آیا میدانید دستیار \n\nگوگل ملقب به Google Assistant همه فرمانهاي صوتی شما را براي اجرا ابتدا در سرورهاي گوگل و در ادامه یک نسخه از آن را\nنیز در فضاي ذخیرهسازي شخصی شما ذخیره میکند؟.داشتن یک دستیار هوشــمند براي انجام کارهاي مختلف بسیار خوب است، اما آیا میدانید دستیار گوگل ملقب به Google Assistant همه فرمانهاي صوتی شما را براي اجرا ابتدا در سرورهاي گوگل و در ادامه یک نسخه از آن را\nنیز در فضاي ذخیرهسازي شخصی شما ذخیره میکند؟.داشتن یک دستیار هوشــمند براي انجام کارهاي مختلف بسیار خوب است، اما آیا میدانید دستیار گوگل ملقب به Google Assistant همه فرمانهاي صوتی شما را براي اجرا ابتدا در سرورهاي گوگل و در ادامه یک نسخه از آن را\nنیز در فضاي ذخیرهسازي شخصی شما ذخیره میکند؟.', 7, 'میزد-از-اولیای-اطفال-آشنا-شدم-یارو-لابد', '2016-11-05', '2021-12-10'),
(2, 'یعنی بی‌تکلیف نیستم. چون اسمم تو لیست جیره‌ی.', 'چند ســال بعد از عرضه دســتیار صوتی توسط شرکتهاي بزرگ نظیر آمازون و گوگل، مدتی است شرکتهاي دیگري نیز به این حوزه علاقه نشان دادهاند. شــرکت JBL اخیرا از محصول جدیدي به نام لینک ویو )Link View( رونمایی کرد که با همکاري گوگل طراحی شــده اســت. این محصول داراي یک نمایشگر هشت اینچی است و برخلاف دیگر دســتیارهاي صوتی که فاقد چنین قابلیتی هستند، به کاربر امکان مشاهده وضعیت و انتخاب گزینههاي موردنظر را از طریق لمس میدهد. این نمایشگر از وضوح 1280 در 720 پیکسلی برخوردار اســت، اما یکی از نقاط قوت این گجت، به اســپیکرهاي آن مربوط میشود. شرکت JBL به دلیل تولید اسپیکرهاي باکیفیت شهرت دارد و در این محصول نیز دو اسپیکر 10 واتی را گنجانده که امکان پخش صدا با کیفیتی عالی را در اختیار کاربر قرار میدهد. هنوز قیمت JBL\nلینک ویو که تابستان 97 به بازار عرضه میشود، اعلام نشده است..چند ســال بعد از عرضه دســتیار صوتی توسط شرکتهاي بزرگ نظیر آمازون و گوگل، مدتی است شرکتهاي دیگري نیز به این حوزه علاقه نشان دادهاند. شــرکت JBL اخیرا از محصول جدیدي به نام لینک ویو )Link View( رونمایی کرد که با همکاري گوگل طراحی شــده اســت. این محصول داراي یک نمایشگر هشت اینچی است و برخلاف دیگر دســتیارهاي صوتی که فاقد چنین قابلیتی هستند، به کاربر امکان مشاهده وضعیت و انتخاب گزینههاي موردنظر را از طریق لمس میدهد. این نمایشگر از وضوح 1280 در 720 پیکسلی برخوردار اســت، اما یکی از نقاط قوت این گجت، به اســپیکرهاي آن مربوط میشود. شرکت JBL به دلیل تولید اسپیکرهاي باکیفیت شهرت دارد و در این محصول نیز دو اسپیکر 10 واتی را گنجانده که امکان پخش صدا با کیفیتی عالی را در اختیار کاربر قرار میدهد. هنوز قیمت JBL\nلینک ویو که تابستان 97 به بازار عرضه میشود، اعلام نشده است..چند ســال بعد از عرضه دســتیار صوتی توسط شرکتهاي بزرگ نظیر آمازون و گوگل، مدتی است شرکتهاي دیگري نیز به این حوزه علاقه نشان دادهاند. شــرکت JBL اخیرا از محصول جدیدي به نام لینک ویو )Link View( رونمایی کرد که با همکاري گوگل طراحی شــده اســت. این محصول داراي یک نمایشگر هشت اینچی است و برخلاف دیگر دســتیارهاي صوتی که فاقد چنین قابلیتی هستند، به کاربر امکان مشاهده وضعیت و انتخاب گزینههاي موردنظر را از طریق لمس میدهد. این نمایشگر از وضوح 1280 در 720 پیکسلی برخوردار اســت، اما یکی از نقاط قوت این گجت، به اســپیکرهاي آن مربوط میشود. شرکت JBL به دلیل تولید اسپیکرهاي باکیفیت شهرت دارد و در این محصول نیز دو اسپیکر 10 واتی را گنجانده که امکان پخش صدا با کیفیتی عالی را در اختیار کاربر قرار میدهد. هنوز قیمت JBL\nلینک ویو که تابستان 97 به بازار عرضه میشود، اعلام نشده است..چند ســال بعد از عرضه دســتیار صوتی توسط شرکتهاي بزرگ نظیر آمازون و گوگل، مدتی است شرکتهاي دیگري نیز به این حوزه علاقه نشان دادهاند. شــرکت JBL اخیرا از محصول جدیدي به نام لینک ویو )Link View( رونمایی کرد که با همکاري گوگل طراحی شــده اســت. این محصول داراي یک نمایشگر هشت اینچی است و برخلاف دیگر دســتیارهاي صوتی که فاقد چنین قابلیتی هستند، به کاربر امکان مشاهده وضعیت و انتخاب گزینههاي موردنظر را از طریق لمس میدهد. این نمایشگر از وضوح 1280 در 720 پیکسلی برخوردار اســت، اما یکی از نقاط قوت این گجت، به اســپیکرهاي آن مربوط میشود. شرکت JBL به دلیل تولید اسپیکرهاي باکیفیت شهرت دارد و در این محصول نیز دو اسپیکر 10 واتی را گنجانده که امکان پخش صدا با کیفیتی عالی را در اختیار کاربر قرار میدهد. هنوز قیمت JBL\nلینک ویو که تابستان 97 به بازار عرضه میشود، اعلام نشده است..چند ســال بعد از عرضه دســتیار صوتی توسط شرکتهاي بزرگ نظیر آمازون و گوگل، مدتی است شرکتهاي دیگري نیز به این حوزه علاقه نشان دادهاند. شــرکت JBL اخیرا از محصول جدیدي به نام لینک ویو )Link View( رونمایی کرد که با همکاري گوگل طراحی شــده اســت. این محصول داراي یک نمایشگر هشت اینچی است و برخلاف دیگر دســتیارهاي صوتی که فاقد چنین قابلیتی هستند، به کاربر امکان مشاهده وضعیت و انتخاب گزینههاي موردنظر را از طریق لمس میدهد. این نمایشگر از وضوح 1280 در 720 پیکسلی برخوردار اســت، اما یکی از نقاط قوت این گجت، به اســپیکرهاي آن مربوط میشود. شرکت JBL به دلیل تولید اسپیکرهاي باکیفیت شهرت دارد و در این محصول نیز دو اسپیکر 10 واتی را گنجانده که امکان پخش صدا با کیفیتی عالی را در اختیار کاربر قرار میدهد. هنوز قیمت JBL\nلینک ویو که تابستان 97 به بازار عرضه میشود، اعلام نشده است..', 12, 'یعنی-بیتکلیف-نیستم-چون-اسمم-تو-لیست-جیرهی', '2017-11-19', '2022-03-08'),
(3, 'بالا. ناظم، تازه متوجه من بشود که رونویس حکم را.', 'ایــن روزهــا تقریبا تمــام رایانهها قادر بــه اجراي سیستمعاملهاي 64 بیتی هستند، اما پشتیبانی رایانهها از این نسخه دلیل نمیشود تمام سیستمعاملهاي نصب شده توســط کاربران نیز نسخه 64 بیت باشد و ممکن اســت رایانه یک کاربر به نسخه 32 بیت سیستمعامل\nمجهز شده باشــد..ایــن روزهــا تقریبا تمــام رایانهها قادر بــه اجراي سیستمعاملهاي 64 بیتی هستند، اما پشتیبانی رایانهها از این نسخه دلیل نمیشود تمام سیستمعاملهاي نصب شده توســط کاربران نیز نسخه 64 بیت باشد و ممکن اســت رایانه یک کاربر به نسخه 32 بیت سیستمعامل\nمجهز شده باشــد..ایــن روزهــا تقریبا تمــام رایانهها قادر بــه اجراي سیستمعاملهاي 64 بیتی هستند، اما پشتیبانی رایانهها از این نسخه دلیل نمیشود تمام سیستمعاملهاي نصب شده توســط کاربران نیز نسخه 64 بیت باشد و ممکن اســت رایانه یک کاربر به نسخه 32 بیت سیستمعامل\nمجهز شده باشــد..ایــن روزهــا تقریبا تمــام رایانهها قادر بــه اجراي سیستمعاملهاي 64 بیتی هستند، اما پشتیبانی رایانهها از این نسخه دلیل نمیشود تمام سیستمعاملهاي نصب شده توســط کاربران نیز نسخه 64 بیت باشد و ممکن اســت رایانه یک کاربر به نسخه 32 بیت سیستمعامل\nمجهز شده باشــد..ایــن روزهــا تقریبا تمــام رایانهها قادر بــه اجراي سیستمعاملهاي 64 بیتی هستند، اما پشتیبانی رایانهها از این نسخه دلیل نمیشود تمام سیستمعاملهاي نصب شده توســط کاربران نیز نسخه 64 بیت باشد و ممکن اســت رایانه یک کاربر به نسخه 32 بیت سیستمعامل\nمجهز شده باشــد..', 1, 'بالا-ناظم-تازه-متوجه-من-بشود-که-رونویس-حکم-را', '2014-03-24', '2022-01-23'),
(4, 'خوانا. از صد متری داد می‌زد که فقط از هوش نبود،.', 'چند ســال بعد از عرضه دســتیار صوتی توسط شرکتهاي بزرگ نظیر آمازون و گوگل، مدتی است شرکتهاي دیگري نیز به این حوزه علاقه نشان دادهاند. شــرکت JBL اخیرا از محصول جدیدي به نام لینک ویو )Link View( رونمایی کرد که با همکاري گوگل طراحی شــده اســت. این محصول داراي یک نمایشگر هشت اینچی است و برخلاف دیگر دســتیارهاي صوتی که فاقد چنین قابلیتی هستند، به کاربر امکان مشاهده وضعیت و انتخاب گزینههاي موردنظر را از طریق لمس میدهد. این نمایشگر از وضوح 1280 در 720 پیکسلی برخوردار اســت، اما یکی از نقاط قوت این گجت، به اســپیکرهاي آن مربوط میشود. شرکت JBL به دلیل تولید اسپیکرهاي باکیفیت شهرت دارد و در این محصول نیز دو اسپیکر 10 واتی را گنجانده که امکان پخش صدا با کیفیتی عالی را در اختیار کاربر قرار میدهد. هنوز قیمت JBL\nلینک ویو که تابستان 97 به بازار عرضه میشود، اعلام نشده است..چند ســال بعد از عرضه دســتیار صوتی توسط شرکتهاي بزرگ نظیر آمازون و گوگل، مدتی است شرکتهاي دیگري نیز به این حوزه علاقه نشان دادهاند. شــرکت JBL اخیرا از محصول جدیدي به نام لینک ویو )Link View( رونمایی کرد که با همکاري گوگل طراحی شــده اســت. این محصول داراي یک نمایشگر هشت اینچی است و برخلاف دیگر دســتیارهاي صوتی که فاقد چنین قابلیتی هستند، به کاربر امکان مشاهده وضعیت و انتخاب گزینههاي موردنظر را از طریق لمس میدهد. این نمایشگر از وضوح 1280 در 720 پیکسلی برخوردار اســت، اما یکی از نقاط قوت این گجت، به اســپیکرهاي آن مربوط میشود. شرکت JBL به دلیل تولید اسپیکرهاي باکیفیت شهرت دارد و در این محصول نیز دو اسپیکر 10 واتی را گنجانده که امکان پخش صدا با کیفیتی عالی را در اختیار کاربر قرار میدهد. هنوز قیمت JBL\nلینک ویو که تابستان 97 به بازار عرضه میشود، اعلام نشده است..چند ســال بعد از عرضه دســتیار صوتی توسط شرکتهاي بزرگ نظیر آمازون و گوگل، مدتی است شرکتهاي دیگري نیز به این حوزه علاقه نشان دادهاند. شــرکت JBL اخیرا از محصول جدیدي به نام لینک ویو )Link View( رونمایی کرد که با همکاري گوگل طراحی شــده اســت. این محصول داراي یک نمایشگر هشت اینچی است و برخلاف دیگر دســتیارهاي صوتی که فاقد چنین قابلیتی هستند، به کاربر امکان مشاهده وضعیت و انتخاب گزینههاي موردنظر را از طریق لمس میدهد. این نمایشگر از وضوح 1280 در 720 پیکسلی برخوردار اســت، اما یکی از نقاط قوت این گجت، به اســپیکرهاي آن مربوط میشود. شرکت JBL به دلیل تولید اسپیکرهاي باکیفیت شهرت دارد و در این محصول نیز دو اسپیکر 10 واتی را گنجانده که امکان پخش صدا با کیفیتی عالی را در اختیار کاربر قرار میدهد. هنوز قیمت JBL\nلینک ویو که تابستان 97 به بازار عرضه میشود، اعلام نشده است..چند ســال بعد از عرضه دســتیار صوتی توسط شرکتهاي بزرگ نظیر آمازون و گوگل، مدتی است شرکتهاي دیگري نیز به این حوزه علاقه نشان دادهاند. شــرکت JBL اخیرا از محصول جدیدي به نام لینک ویو )Link View( رونمایی کرد که با همکاري گوگل طراحی شــده اســت. این محصول داراي یک نمایشگر هشت اینچی است و برخلاف دیگر دســتیارهاي صوتی که فاقد چنین قابلیتی هستند، به کاربر امکان مشاهده وضعیت و انتخاب گزینههاي موردنظر را از طریق لمس میدهد. این نمایشگر از وضوح 1280 در 720 پیکسلی برخوردار اســت، اما یکی از نقاط قوت این گجت، به اســپیکرهاي آن مربوط میشود. شرکت JBL به دلیل تولید اسپیکرهاي باکیفیت شهرت دارد و در این محصول نیز دو اسپیکر 10 واتی را گنجانده که امکان پخش صدا با کیفیتی عالی را در اختیار کاربر قرار میدهد. هنوز قیمت JBL\nلینک ویو که تابستان 97 به بازار عرضه میشود، اعلام نشده است..چند ســال بعد از عرضه دســتیار صوتی توسط شرکتهاي بزرگ نظیر آمازون و گوگل، مدتی است شرکتهاي دیگري نیز به این حوزه علاقه نشان دادهاند. شــرکت JBL اخیرا از محصول جدیدي به نام لینک ویو )Link View( رونمایی کرد که با همکاري گوگل طراحی شــده اســت. این محصول داراي یک نمایشگر هشت اینچی است و برخلاف دیگر دســتیارهاي صوتی که فاقد چنین قابلیتی هستند، به کاربر امکان مشاهده وضعیت و انتخاب گزینههاي موردنظر را از طریق لمس میدهد. این نمایشگر از وضوح 1280 در 720 پیکسلی برخوردار اســت، اما یکی از نقاط قوت این گجت، به اســپیکرهاي آن مربوط میشود. شرکت JBL به دلیل تولید اسپیکرهاي باکیفیت شهرت دارد و در این محصول نیز دو اسپیکر 10 واتی را گنجانده که امکان پخش صدا با کیفیتی عالی را در اختیار کاربر قرار میدهد. هنوز قیمت JBL\nلینک ویو که تابستان 97 به بازار عرضه میشود، اعلام نشده است..', 20, 'خوانا-از-صد-متری-داد-میزد-که-فقط-از-هوش-نبود', '2013-12-23', '2021-12-24'),
(5, 'تومان. ماهی سی تومان هم تنخواه‌گردان مدرسه و.', 'یکی از مشکلات اصلی ساعتهاي هوشمند، تمام شدن سریع شارژ آنهاست. در این میان، ماتریکس پاورواچ )Matrix PowerWatch( رویکردي متفاوت را در پیش گرفته و از یک فناوري قدیمیتر براي تامین انرژي موردنیاز دســتگاه استفاده میکند. در این فناوري، گرماي مچ دســت کاربر که با ســاعت در تماس است، مورد استفاده قرار میگیرد. ساعت هوشمند ماتریکس پاورواچ با استفاده از فناوري بلوتوث میتواند اعلانات مختلف )نظیر تماس یا پیامک دریافتی( را به اطلاع کاربر\nبرســاند. این گجت همچنین برخی کاربردهاي دستبندهاي\nهوشمند ورزشــی )نظیر نمایش میزان کالري مصرف شده\nطی فعالیت فیزیکی( را نیز در خود دارد. ماتریکس پاورواچ\nضدآب بوده و میتواند تا 200 متر زیر آب همچنان کار کند.\nهمچنین تیم طراحی این محصول کوشیده ساختاري مقاوم\nدر شرایط مختلف را براي آن ایجاد کند. هنوز هیچ اطلاعاتی\nدرباره زمان عرضه و قیمت این محصول اعلام نشده است.یکی از مشکلات اصلی ساعتهاي هوشمند، تمام شدن سریع شارژ آنهاست. در این میان، ماتریکس پاورواچ )Matrix PowerWatch( رویکردي متفاوت را در پیش گرفته و از یک فناوري قدیمیتر براي تامین انرژي موردنیاز دســتگاه استفاده میکند. در این فناوري، گرماي مچ دســت کاربر که با ســاعت در تماس است، مورد استفاده قرار میگیرد. ساعت هوشمند ماتریکس پاورواچ با استفاده از فناوري بلوتوث میتواند اعلانات مختلف )نظیر تماس یا پیامک دریافتی( را به اطلاع کاربر\nبرســاند. این گجت همچنین برخی کاربردهاي دستبندهاي\nهوشمند ورزشــی )نظیر نمایش میزان کالري مصرف شده\nطی فعالیت فیزیکی( را نیز در خود دارد. ماتریکس پاورواچ\nضدآب بوده و میتواند تا 200 متر زیر آب همچنان کار کند.\nهمچنین تیم طراحی این محصول کوشیده ساختاري مقاوم\nدر شرایط مختلف را براي آن ایجاد کند. هنوز هیچ اطلاعاتی\nدرباره زمان عرضه و قیمت این محصول اعلام نشده است.یکی از مشکلات اصلی ساعتهاي هوشمند، تمام شدن سریع شارژ آنهاست. در این میان، ماتریکس پاورواچ )Matrix PowerWatch( رویکردي متفاوت را در پیش گرفته و از یک فناوري قدیمیتر براي تامین انرژي موردنیاز دســتگاه استفاده میکند. در این فناوري، گرماي مچ دســت کاربر که با ســاعت در تماس است، مورد استفاده قرار میگیرد. ساعت هوشمند ماتریکس پاورواچ با استفاده از فناوري بلوتوث میتواند اعلانات مختلف )نظیر تماس یا پیامک دریافتی( را به اطلاع کاربر\nبرســاند. این گجت همچنین برخی کاربردهاي دستبندهاي\nهوشمند ورزشــی )نظیر نمایش میزان کالري مصرف شده\nطی فعالیت فیزیکی( را نیز در خود دارد. ماتریکس پاورواچ\nضدآب بوده و میتواند تا 200 متر زیر آب همچنان کار کند.\nهمچنین تیم طراحی این محصول کوشیده ساختاري مقاوم\nدر شرایط مختلف را براي آن ایجاد کند. هنوز هیچ اطلاعاتی\nدرباره زمان عرضه و قیمت این محصول اعلام نشده است.یکی از مشکلات اصلی ساعتهاي هوشمند، تمام شدن سریع شارژ آنهاست. در این میان، ماتریکس پاورواچ )Matrix PowerWatch( رویکردي متفاوت را در پیش گرفته و از یک فناوري قدیمیتر براي تامین انرژي موردنیاز دســتگاه استفاده میکند. در این فناوري، گرماي مچ دســت کاربر که با ســاعت در تماس است، مورد استفاده قرار میگیرد. ساعت هوشمند ماتریکس پاورواچ با استفاده از فناوري بلوتوث میتواند اعلانات مختلف )نظیر تماس یا پیامک دریافتی( را به اطلاع کاربر\nبرســاند. این گجت همچنین برخی کاربردهاي دستبندهاي\nهوشمند ورزشــی )نظیر نمایش میزان کالري مصرف شده\nطی فعالیت فیزیکی( را نیز در خود دارد. ماتریکس پاورواچ\nضدآب بوده و میتواند تا 200 متر زیر آب همچنان کار کند.\nهمچنین تیم طراحی این محصول کوشیده ساختاري مقاوم\nدر شرایط مختلف را براي آن ایجاد کند. هنوز هیچ اطلاعاتی\nدرباره زمان عرضه و قیمت این محصول اعلام نشده است.یکی از مشکلات اصلی ساعتهاي هوشمند، تمام شدن سریع شارژ آنهاست. در این میان، ماتریکس پاورواچ )Matrix PowerWatch( رویکردي متفاوت را در پیش گرفته و از یک فناوري قدیمیتر براي تامین انرژي موردنیاز دســتگاه استفاده میکند. در این فناوري، گرماي مچ دســت کاربر که با ســاعت در تماس است، مورد استفاده قرار میگیرد. ساعت هوشمند ماتریکس پاورواچ با استفاده از فناوري بلوتوث میتواند اعلانات مختلف )نظیر تماس یا پیامک دریافتی( را به اطلاع کاربر\nبرســاند. این گجت همچنین برخی کاربردهاي دستبندهاي\nهوشمند ورزشــی )نظیر نمایش میزان کالري مصرف شده\nطی فعالیت فیزیکی( را نیز در خود دارد. ماتریکس پاورواچ\nضدآب بوده و میتواند تا 200 متر زیر آب همچنان کار کند.\nهمچنین تیم طراحی این محصول کوشیده ساختاري مقاوم\nدر شرایط مختلف را براي آن ایجاد کند. هنوز هیچ اطلاعاتی\nدرباره زمان عرضه و قیمت این محصول اعلام نشده است.', 7, 'تومان-ماهی-سی-تومان-هم-تنخواهگردان-مدرسه-و', '2015-03-29', '2022-03-15'),
(6, 'شش تا عکس زن . حواسم که جمع شد به ناظم سفارش می.', 'داشتن یک دستیار هوشــمند براي انجام کارهاي مختلف بسیار خوب است، اما آیا میدانید دستیار گوگل ملقب به Google Assistant همه فرمانهاي صوتی شما را براي اجرا ابتدا در سرورهاي گوگل و در ادامه یک نسخه از آن را\nنیز در فضاي ذخیرهسازي شخصی شما ذخیره میکند؟.داشتن یک دستیار هوشــمند براي انجام کارهاي مختلف بسیار خوب است، اما آیا میدانید دستیار گوگل ملقب به Google Assistant همه فرمانهاي صوتی شما را براي اجرا ابتدا در سرورهاي گوگل و در ادامه یک نسخه از آن را\nنیز در فضاي ذخیرهسازي شخصی شما ذخیره میکند؟.داشتن یک دستیار هوشــمند براي انجام کارهاي مختلف بسیار خوب است، اما آیا میدانید دستیار گوگل ملقب به Google Assistant همه فرمانهاي صوتی شما را براي اجرا ابتدا در سرورهاي گوگل و در ادامه یک نسخه از آن را\nنیز در فضاي ذخیرهسازي شخصی شما ذخیره میکند؟.داشتن یک دستیار هوشــمند براي انجام کارهاي مختلف بسیار خوب است، اما آیا میدانید دستیار گوگل ملقب به Google Assistant همه فرمانهاي صوتی شما را براي اجرا ابتدا در سرورهاي گوگل و در ادامه یک نسخه از آن را\nنیز در فضاي ذخیرهسازي شخصی شما ذخیره میکند؟.داشتن یک دستیار هوشــمند براي انجام کارهاي مختلف بسیار خوب است، اما آیا میدانید دستیار گوگل ملقب به Google Assistant همه فرمانهاي صوتی شما را براي اجرا ابتدا در سرورهاي گوگل و در ادامه یک نسخه از آن را\nنیز در فضاي ذخیرهسازي شخصی شما ذخیره میکند؟.', 12, 'شش-تا-عکس-زن-حواسم-که-جمع-شد-به-ناظم-سفارش-می', '2015-10-31', '2022-03-22'),
(7, 'او بکنم، گفتم: - عوضش دو کیلو لاغر شدید', 'چند ســال بعد از عرضه دســتیار صوتی توسط شرکتهاي بزرگ نظیر آمازون و گوگل، مدتی است شرکتهاي دیگري نیز به این حوزه علاقه نشان دادهاند. شــرکت JBL اخیرا از محصول جدیدي به نام لینک ویو )Link View( رونمایی کرد که با همکاري گوگل طراحی شــده اســت. این محصول داراي یک نمایشگر هشت اینچی است و برخلاف دیگر دســتیارهاي صوتی که فاقد چنین قابلیتی هستند، به کاربر امکان مشاهده وضعیت و انتخاب گزینههاي موردنظر را از طریق لمس میدهد. این نمایشگر از وضوح 1280 در 720 پیکسلی برخوردار اســت، اما یکی از نقاط قوت این گجت، به اســپیکرهاي آن مربوط میشود. شرکت JBL به دلیل تولید اسپیکرهاي باکیفیت شهرت دارد و در این محصول نیز دو اسپیکر 10 واتی را گنجانده که امکان پخش صدا با کیفیتی عالی را در اختیار کاربر قرار میدهد. هنوز قیمت JBL\nلینک ویو که تابستان 97 به بازار عرضه میشود، اعلام نشده است..چند ســال بعد از عرضه دســتیار صوتی توسط شرکتهاي بزرگ نظیر آمازون و گوگل، مدتی است شرکتهاي دیگري نیز به این حوزه علاقه نشان دادهاند. شــرکت JBL اخیرا از محصول جدیدي به نام لینک ویو )Link View( رونمایی کرد که با همکاري گوگل طراحی شــده اســت. این محصول داراي یک نمایشگر هشت اینچی است و برخلاف دیگر دســتیارهاي صوتی که فاقد چنین قابلیتی هستند، به کاربر امکان مشاهده وضعیت و انتخاب گزینههاي موردنظر را از طریق لمس میدهد. این نمایشگر از وضوح 1280 در 720 پیکسلی برخوردار اســت، اما یکی از نقاط قوت این گجت، به اســپیکرهاي آن مربوط میشود. شرکت JBL به دلیل تولید اسپیکرهاي باکیفیت شهرت دارد و در این محصول نیز دو اسپیکر 10 واتی را گنجانده که امکان پخش صدا با کیفیتی عالی را در اختیار کاربر قرار میدهد. هنوز قیمت JBL\nلینک ویو که تابستان 97 به بازار عرضه میشود، اعلام نشده است..چند ســال بعد از عرضه دســتیار صوتی توسط شرکتهاي بزرگ نظیر آمازون و گوگل، مدتی است شرکتهاي دیگري نیز به این حوزه علاقه نشان دادهاند. شــرکت JBL اخیرا از محصول جدیدي به نام لینک ویو )Link View( رونمایی کرد که با همکاري گوگل طراحی شــده اســت. این محصول داراي یک نمایشگر هشت اینچی است و برخلاف دیگر دســتیارهاي صوتی که فاقد چنین قابلیتی هستند، به کاربر امکان مشاهده وضعیت و انتخاب گزینههاي موردنظر را از طریق لمس میدهد. این نمایشگر از وضوح 1280 در 720 پیکسلی برخوردار اســت، اما یکی از نقاط قوت این گجت، به اســپیکرهاي آن مربوط میشود. شرکت JBL به دلیل تولید اسپیکرهاي باکیفیت شهرت دارد و در این محصول نیز دو اسپیکر 10 واتی را گنجانده که امکان پخش صدا با کیفیتی عالی را در اختیار کاربر قرار میدهد. هنوز قیمت JBL\nلینک ویو که تابستان 97 به بازار عرضه میشود، اعلام نشده است..چند ســال بعد از عرضه دســتیار صوتی توسط شرکتهاي بزرگ نظیر آمازون و گوگل، مدتی است شرکتهاي دیگري نیز به این حوزه علاقه نشان دادهاند. شــرکت JBL اخیرا از محصول جدیدي به نام لینک ویو )Link View( رونمایی کرد که با همکاري گوگل طراحی شــده اســت. این محصول داراي یک نمایشگر هشت اینچی است و برخلاف دیگر دســتیارهاي صوتی که فاقد چنین قابلیتی هستند، به کاربر امکان مشاهده وضعیت و انتخاب گزینههاي موردنظر را از طریق لمس میدهد. این نمایشگر از وضوح 1280 در 720 پیکسلی برخوردار اســت، اما یکی از نقاط قوت این گجت، به اســپیکرهاي آن مربوط میشود. شرکت JBL به دلیل تولید اسپیکرهاي باکیفیت شهرت دارد و در این محصول نیز دو اسپیکر 10 واتی را گنجانده که امکان پخش صدا با کیفیتی عالی را در اختیار کاربر قرار میدهد. هنوز قیمت JBL\nلینک ویو که تابستان 97 به بازار عرضه میشود، اعلام نشده است..چند ســال بعد از عرضه دســتیار صوتی توسط شرکتهاي بزرگ نظیر آمازون و گوگل، مدتی است شرکتهاي دیگري نیز به این حوزه علاقه نشان دادهاند. شــرکت JBL اخیرا از محصول جدیدي به نام لینک ویو )Link View( رونمایی کرد که با همکاري گوگل طراحی شــده اســت. این محصول داراي یک نمایشگر هشت اینچی است و برخلاف دیگر دســتیارهاي صوتی که فاقد چنین قابلیتی هستند، به کاربر امکان مشاهده وضعیت و انتخاب گزینههاي موردنظر را از طریق لمس میدهد. این نمایشگر از وضوح 1280 در 720 پیکسلی برخوردار اســت، اما یکی از نقاط قوت این گجت، به اســپیکرهاي آن مربوط میشود. شرکت JBL به دلیل تولید اسپیکرهاي باکیفیت شهرت دارد و در این محصول نیز دو اسپیکر 10 واتی را گنجانده که امکان پخش صدا با کیفیتی عالی را در اختیار کاربر قرار میدهد. هنوز قیمت JBL\nلینک ویو که تابستان 97 به بازار عرضه میشود، اعلام نشده است..', 16, 'او-بکنم-گفتم-عوضش-دو-کیلو-لاغر-شدید', '2015-04-24', '2022-02-18'),
(8, 'و فکر کردم این هم بدتر تنگ‌نظری‌شان بود. سه بار.', 'قرارگرفتن طولانی مدت در معرض نور خورشید میتواند\nبه بروز مشــکلاتی پوستی و حتی ســرطان منجر شود. به همین دلیل اطــلاع دقیق از میزان زمان کافی قرارگیري در برابر آفتاب میتواند ســودمند باشد. یک شرکت نوآور، نوعی برچســب طراحی کرده که روي پوســت قرار میگیرد و در صورت قرارگیــري در برابر نور به مــدت طولانی به کاربر هشدار میدهد. این محصول لاجیکاینک )LogicInk( نام دارد و از نوعی جوهر خاص ساخته شده است. هر برچسب داراي تصویر چند حلقه یا میله است که با قرارگیري در برابر نور رنگشــان بتدریج از بنفش به صورتی تغییر میکند. در صورت صورتی رنگ شــدن همه آنها، کاربر میتواند متوجه شــود که دیگر نباید در برابر آفتاب بماند. گفتنی است براي استفاده از این محصول نیازي به گوشی هوشمند نیست. هنوز قیمت لاجیکاینک و زمــان تقریبی عرضه آن به بازارهاي\nجهانی اعلام نشده است..قرارگرفتن طولانی مدت در معرض نور خورشید میتواند\nبه بروز مشــکلاتی پوستی و حتی ســرطان منجر شود. به همین دلیل اطــلاع دقیق از میزان زمان کافی قرارگیري در برابر آفتاب میتواند ســودمند باشد. یک شرکت نوآور، نوعی برچســب طراحی کرده که روي پوســت قرار میگیرد و در صورت قرارگیــري در برابر نور به مــدت طولانی به کاربر هشدار میدهد. این محصول لاجیکاینک )LogicInk( نام دارد و از نوعی جوهر خاص ساخته شده است. هر برچسب داراي تصویر چند حلقه یا میله است که با قرارگیري در برابر نور رنگشــان بتدریج از بنفش به صورتی تغییر میکند. در صورت صورتی رنگ شــدن همه آنها، کاربر میتواند متوجه شــود که دیگر نباید در برابر آفتاب بماند. گفتنی است براي استفاده از این محصول نیازي به گوشی هوشمند نیست. هنوز قیمت لاجیکاینک و زمــان تقریبی عرضه آن به بازارهاي\nجهانی اعلام نشده است..قرارگرفتن طولانی مدت در معرض نور خورشید میتواند\nبه بروز مشــکلاتی پوستی و حتی ســرطان منجر شود. به همین دلیل اطــلاع دقیق از میزان زمان کافی قرارگیري در برابر آفتاب میتواند ســودمند باشد. یک شرکت نوآور، نوعی برچســب طراحی کرده که روي پوســت قرار میگیرد و در صورت قرارگیــري در برابر نور به مــدت طولانی به کاربر هشدار میدهد. این محصول لاجیکاینک )LogicInk( نام دارد و از نوعی جوهر خاص ساخته شده است. هر برچسب داراي تصویر چند حلقه یا میله است که با قرارگیري در برابر نور رنگشــان بتدریج از بنفش به صورتی تغییر میکند. در صورت صورتی رنگ شــدن همه آنها، کاربر میتواند متوجه شــود که دیگر نباید در برابر آفتاب بماند. گفتنی است براي استفاده از این محصول نیازي به گوشی هوشمند نیست. هنوز قیمت لاجیکاینک و زمــان تقریبی عرضه آن به بازارهاي\nجهانی اعلام نشده است..قرارگرفتن طولانی مدت در معرض نور خورشید میتواند\nبه بروز مشــکلاتی پوستی و حتی ســرطان منجر شود. به همین دلیل اطــلاع دقیق از میزان زمان کافی قرارگیري در برابر آفتاب میتواند ســودمند باشد. یک شرکت نوآور، نوعی برچســب طراحی کرده که روي پوســت قرار میگیرد و در صورت قرارگیــري در برابر نور به مــدت طولانی به کاربر هشدار میدهد. این محصول لاجیکاینک )LogicInk( نام دارد و از نوعی جوهر خاص ساخته شده است. هر برچسب داراي تصویر چند حلقه یا میله است که با قرارگیري در برابر نور رنگشــان بتدریج از بنفش به صورتی تغییر میکند. در صورت صورتی رنگ شــدن همه آنها، کاربر میتواند متوجه شــود که دیگر نباید در برابر آفتاب بماند. گفتنی است براي استفاده از این محصول نیازي به گوشی هوشمند نیست. هنوز قیمت لاجیکاینک و زمــان تقریبی عرضه آن به بازارهاي\nجهانی اعلام نشده است..قرارگرفتن طولانی مدت در معرض نور خورشید میتواند\nبه بروز مشــکلاتی پوستی و حتی ســرطان منجر شود. به همین دلیل اطــلاع دقیق از میزان زمان کافی قرارگیري در برابر آفتاب میتواند ســودمند باشد. یک شرکت نوآور، نوعی برچســب طراحی کرده که روي پوســت قرار میگیرد و در صورت قرارگیــري در برابر نور به مــدت طولانی به کاربر هشدار میدهد. این محصول لاجیکاینک )LogicInk( نام دارد و از نوعی جوهر خاص ساخته شده است. هر برچسب داراي تصویر چند حلقه یا میله است که با قرارگیري در برابر نور رنگشــان بتدریج از بنفش به صورتی تغییر میکند. در صورت صورتی رنگ شــدن همه آنها، کاربر میتواند متوجه شــود که دیگر نباید در برابر آفتاب بماند. گفتنی است براي استفاده از این محصول نیازي به گوشی هوشمند نیست. هنوز قیمت لاجیکاینک و زمــان تقریبی عرضه آن به بازارهاي\nجهانی اعلام نشده است..', 13, 'و-فکر-کردم-این-هم-بدتر-تنگنظریشان-بود-سه-بار', '2018-02-18', '2021-12-28'),
(9, 'فردا فهمیدم که پسرک شاگرد دوساله است و پدرش تاجر.', 'ایــن روزهــا تقریبا تمــام رایانهها قادر بــه اجراي سیستمعاملهاي 64 بیتی هستند، اما پشتیبانی رایانهها از این نسخه دلیل نمیشود تمام سیستمعاملهاي نصب شده توســط کاربران نیز نسخه 64 بیت باشد و ممکن اســت رایانه یک کاربر به نسخه 32 بیت سیستمعامل\nمجهز شده باشــد..ایــن روزهــا تقریبا تمــام رایانهها قادر بــه اجراي سیستمعاملهاي 64 بیتی هستند، اما پشتیبانی رایانهها از این نسخه دلیل نمیشود تمام سیستمعاملهاي نصب شده توســط کاربران نیز نسخه 64 بیت باشد و ممکن اســت رایانه یک کاربر به نسخه 32 بیت سیستمعامل\nمجهز شده باشــد..ایــن روزهــا تقریبا تمــام رایانهها قادر بــه اجراي سیستمعاملهاي 64 بیتی هستند، اما پشتیبانی رایانهها از این نسخه دلیل نمیشود تمام سیستمعاملهاي نصب شده توســط کاربران نیز نسخه 64 بیت باشد و ممکن اســت رایانه یک کاربر به نسخه 32 بیت سیستمعامل\nمجهز شده باشــد..ایــن روزهــا تقریبا تمــام رایانهها قادر بــه اجراي سیستمعاملهاي 64 بیتی هستند، اما پشتیبانی رایانهها از این نسخه دلیل نمیشود تمام سیستمعاملهاي نصب شده توســط کاربران نیز نسخه 64 بیت باشد و ممکن اســت رایانه یک کاربر به نسخه 32 بیت سیستمعامل\nمجهز شده باشــد..ایــن روزهــا تقریبا تمــام رایانهها قادر بــه اجراي سیستمعاملهاي 64 بیتی هستند، اما پشتیبانی رایانهها از این نسخه دلیل نمیشود تمام سیستمعاملهاي نصب شده توســط کاربران نیز نسخه 64 بیت باشد و ممکن اســت رایانه یک کاربر به نسخه 32 بیت سیستمعامل\nمجهز شده باشــد..', 12, 'فردا-فهمیدم-که-پسرک-شاگرد-دوساله-است-و-پدرش-تاجر', '2013-05-30', '2022-01-18'),
(10, 'به این‌جا. همان روز سیاه کرده بودم، تا از آدم خلع.', 'یکی از مشکلات اصلی ساعتهاي هوشمند، تمام شدن سریع شارژ آنهاست. در این میان، ماتریکس پاورواچ )Matrix PowerWatch( رویکردي متفاوت را در پیش گرفته و از یک فناوري قدیمیتر براي تامین انرژي موردنیاز دســتگاه استفاده میکند. در این فناوري، گرماي مچ دســت کاربر که با ســاعت در تماس است، مورد استفاده قرار میگیرد. ساعت هوشمند ماتریکس پاورواچ با استفاده از فناوري بلوتوث میتواند اعلانات مختلف )نظیر تماس یا پیامک دریافتی( را به اطلاع کاربر\nبرســاند. این گجت همچنین برخی کاربردهاي دستبندهاي\nهوشمند ورزشــی )نظیر نمایش میزان کالري مصرف شده\nطی فعالیت فیزیکی( را نیز در خود دارد. ماتریکس پاورواچ\nضدآب بوده و میتواند تا 200 متر زیر آب همچنان کار کند.\nهمچنین تیم طراحی این محصول کوشیده ساختاري مقاوم\nدر شرایط مختلف را براي آن ایجاد کند. هنوز هیچ اطلاعاتی\nدرباره زمان عرضه و قیمت این محصول اعلام نشده است.یکی از مشکلات اصلی ساعتهاي هوشمند، تمام شدن سریع شارژ آنهاست. در این میان، ماتریکس پاورواچ )Matrix PowerWatch( رویکردي متفاوت را در پیش گرفته و از یک فناوري قدیمیتر براي تامین انرژي موردنیاز دســتگاه استفاده میکند. در این فناوري، گرماي مچ دســت کاربر که با ســاعت در تماس است، مورد استفاده قرار میگیرد. ساعت هوشمند ماتریکس پاورواچ با استفاده از فناوري بلوتوث میتواند اعلانات مختلف )نظیر تماس یا پیامک دریافتی( را به اطلاع کاربر\nبرســاند. این گجت همچنین برخی کاربردهاي دستبندهاي\nهوشمند ورزشــی )نظیر نمایش میزان کالري مصرف شده\nطی فعالیت فیزیکی( را نیز در خود دارد. ماتریکس پاورواچ\nضدآب بوده و میتواند تا 200 متر زیر آب همچنان کار کند.\nهمچنین تیم طراحی این محصول کوشیده ساختاري مقاوم\nدر شرایط مختلف را براي آن ایجاد کند. هنوز هیچ اطلاعاتی\nدرباره زمان عرضه و قیمت این محصول اعلام نشده است.یکی از مشکلات اصلی ساعتهاي هوشمند، تمام شدن سریع شارژ آنهاست. در این میان، ماتریکس پاورواچ )Matrix PowerWatch( رویکردي متفاوت را در پیش گرفته و از یک فناوري قدیمیتر براي تامین انرژي موردنیاز دســتگاه استفاده میکند. در این فناوري، گرماي مچ دســت کاربر که با ســاعت در تماس است، مورد استفاده قرار میگیرد. ساعت هوشمند ماتریکس پاورواچ با استفاده از فناوري بلوتوث میتواند اعلانات مختلف )نظیر تماس یا پیامک دریافتی( را به اطلاع کاربر\nبرســاند. این گجت همچنین برخی کاربردهاي دستبندهاي\nهوشمند ورزشــی )نظیر نمایش میزان کالري مصرف شده\nطی فعالیت فیزیکی( را نیز در خود دارد. ماتریکس پاورواچ\nضدآب بوده و میتواند تا 200 متر زیر آب همچنان کار کند.\nهمچنین تیم طراحی این محصول کوشیده ساختاري مقاوم\nدر شرایط مختلف را براي آن ایجاد کند. هنوز هیچ اطلاعاتی\nدرباره زمان عرضه و قیمت این محصول اعلام نشده است.یکی از مشکلات اصلی ساعتهاي هوشمند، تمام شدن سریع شارژ آنهاست. در این میان، ماتریکس پاورواچ )Matrix PowerWatch( رویکردي متفاوت را در پیش گرفته و از یک فناوري قدیمیتر براي تامین انرژي موردنیاز دســتگاه استفاده میکند. در این فناوري، گرماي مچ دســت کاربر که با ســاعت در تماس است، مورد استفاده قرار میگیرد. ساعت هوشمند ماتریکس پاورواچ با استفاده از فناوري بلوتوث میتواند اعلانات مختلف )نظیر تماس یا پیامک دریافتی( را به اطلاع کاربر\nبرســاند. این گجت همچنین برخی کاربردهاي دستبندهاي\nهوشمند ورزشــی )نظیر نمایش میزان کالري مصرف شده\nطی فعالیت فیزیکی( را نیز در خود دارد. ماتریکس پاورواچ\nضدآب بوده و میتواند تا 200 متر زیر آب همچنان کار کند.\nهمچنین تیم طراحی این محصول کوشیده ساختاري مقاوم\nدر شرایط مختلف را براي آن ایجاد کند. هنوز هیچ اطلاعاتی\nدرباره زمان عرضه و قیمت این محصول اعلام نشده است.یکی از مشکلات اصلی ساعتهاي هوشمند، تمام شدن سریع شارژ آنهاست. در این میان، ماتریکس پاورواچ )Matrix PowerWatch( رویکردي متفاوت را در پیش گرفته و از یک فناوري قدیمیتر براي تامین انرژي موردنیاز دســتگاه استفاده میکند. در این فناوري، گرماي مچ دســت کاربر که با ســاعت در تماس است، مورد استفاده قرار میگیرد. ساعت هوشمند ماتریکس پاورواچ با استفاده از فناوري بلوتوث میتواند اعلانات مختلف )نظیر تماس یا پیامک دریافتی( را به اطلاع کاربر\nبرســاند. این گجت همچنین برخی کاربردهاي دستبندهاي\nهوشمند ورزشــی )نظیر نمایش میزان کالري مصرف شده\nطی فعالیت فیزیکی( را نیز در خود دارد. ماتریکس پاورواچ\nضدآب بوده و میتواند تا 200 متر زیر آب همچنان کار کند.\nهمچنین تیم طراحی این محصول کوشیده ساختاري مقاوم\nدر شرایط مختلف را براي آن ایجاد کند. هنوز هیچ اطلاعاتی\nدرباره زمان عرضه و قیمت این محصول اعلام نشده است.', 9, 'به-اینجا-همان-روز-سیاه-کرده-بودم-تا-از-آدم-خلع', '2016-10-24', '2022-03-13'),
(11, 'و مسخره بود که مرا واداشت از ناظم و اتاق دفتر را.', 'نگاه بومی خود بحث مالــی را به نرمافزارش اضافه کرده اســت؛ امکانی کــه در تلگرام و دیگر پیامرسانهاي خارجی وجود ندارد. حوزه فعالیت ســروش در بخش مالی شامل خدمات پرداخت قبوض، خرید شارژ آنلاین و پرداخت درون کانالی است که میتواند بسترساز بهبود کســبوکارها روي پیامرســانها باشد. البته خدمات دیگري چون ارائــه وضعیت آبوهوا و حتی خدمات آگاهی از اوقات شــرعی، دیگر تلاشهاي سروش در جهت ایجاد تغییر نسبت\nبه نمونههاي خارجی آن است..نگاه بومی خود بحث مالــی را به نرمافزارش اضافه کرده اســت؛ امکانی کــه در تلگرام و دیگر پیامرسانهاي خارجی وجود ندارد. حوزه فعالیت ســروش در بخش مالی شامل خدمات پرداخت قبوض، خرید شارژ آنلاین و پرداخت درون کانالی است که میتواند بسترساز بهبود کســبوکارها روي پیامرســانها باشد. البته خدمات دیگري چون ارائــه وضعیت آبوهوا و حتی خدمات آگاهی از اوقات شــرعی، دیگر تلاشهاي سروش در جهت ایجاد تغییر نسبت\nبه نمونههاي خارجی آن است..نگاه بومی خود بحث مالــی را به نرمافزارش اضافه کرده اســت؛ امکانی کــه در تلگرام و دیگر پیامرسانهاي خارجی وجود ندارد. حوزه فعالیت ســروش در بخش مالی شامل خدمات پرداخت قبوض، خرید شارژ آنلاین و پرداخت درون کانالی است که میتواند بسترساز بهبود کســبوکارها روي پیامرســانها باشد. البته خدمات دیگري چون ارائــه وضعیت آبوهوا و حتی خدمات آگاهی از اوقات شــرعی، دیگر تلاشهاي سروش در جهت ایجاد تغییر نسبت\nبه نمونههاي خارجی آن است..نگاه بومی خود بحث مالــی را به نرمافزارش اضافه کرده اســت؛ امکانی کــه در تلگرام و دیگر پیامرسانهاي خارجی وجود ندارد. حوزه فعالیت ســروش در بخش مالی شامل خدمات پرداخت قبوض، خرید شارژ آنلاین و پرداخت درون کانالی است که میتواند بسترساز بهبود کســبوکارها روي پیامرســانها باشد. البته خدمات دیگري چون ارائــه وضعیت آبوهوا و حتی خدمات آگاهی از اوقات شــرعی، دیگر تلاشهاي سروش در جهت ایجاد تغییر نسبت\nبه نمونههاي خارجی آن است..نگاه بومی خود بحث مالــی را به نرمافزارش اضافه کرده اســت؛ امکانی کــه در تلگرام و دیگر پیامرسانهاي خارجی وجود ندارد. حوزه فعالیت ســروش در بخش مالی شامل خدمات پرداخت قبوض، خرید شارژ آنلاین و پرداخت درون کانالی است که میتواند بسترساز بهبود کســبوکارها روي پیامرســانها باشد. البته خدمات دیگري چون ارائــه وضعیت آبوهوا و حتی خدمات آگاهی از اوقات شــرعی، دیگر تلاشهاي سروش در جهت ایجاد تغییر نسبت\nبه نمونههاي خارجی آن است..', 20, 'و-مسخره-بود-که-مرا-واداشت-از-ناظم-و-اتاق-دفتر-را', '2016-04-22', '2022-01-24'),
(12, 'شده بود و دائماً دستش حمایل موهای سرش بود و از.', 'در وینــدوز 10 بــا غیرفعال کــردن ســرویس Windows Update و غیرفعال کردن\nConfigure Automatic Updates درGroup Policy Editor - gpedit.msc بــا وارد شــدن به Update history چــه در بخش Settings و چه در بخــش Installed Update در Programs and Features هیــچ اثــري از آپدیتهــاي قبلی که نصب شــدهاند، وجود نــدارد و عبــارت No updates are installed on this computer مشــاهده میشــود. ســوالم این اســت که با غیرفعال کردن آنچه در بالا گفته شــد، آیــا آن آپدیتهایی که نصب شــدهاند غیرفعال میشــوند و کار نمیکنند یا این غیرفعال کردن فقط باعث جلوگیري از آپدیت\nخودکار است؟.در وینــدوز 10 بــا غیرفعال کــردن ســرویس Windows Update و غیرفعال کردن\nConfigure Automatic Updates درGroup Policy Editor - gpedit.msc بــا وارد شــدن به Update history چــه در بخش Settings و چه در بخــش Installed Update در Programs and Features هیــچ اثــري از آپدیتهــاي قبلی که نصب شــدهاند، وجود نــدارد و عبــارت No updates are installed on this computer مشــاهده میشــود. ســوالم این اســت که با غیرفعال کردن آنچه در بالا گفته شــد، آیــا آن آپدیتهایی که نصب شــدهاند غیرفعال میشــوند و کار نمیکنند یا این غیرفعال کردن فقط باعث جلوگیري از آپدیت\nخودکار است؟.در وینــدوز 10 بــا غیرفعال کــردن ســرویس Windows Update و غیرفعال کردن\nConfigure Automatic Updates درGroup Policy Editor - gpedit.msc بــا وارد شــدن به Update history چــه در بخش Settings و چه در بخــش Installed Update در Programs and Features هیــچ اثــري از آپدیتهــاي قبلی که نصب شــدهاند، وجود نــدارد و عبــارت No updates are installed on this computer مشــاهده میشــود. ســوالم این اســت که با غیرفعال کردن آنچه در بالا گفته شــد، آیــا آن آپدیتهایی که نصب شــدهاند غیرفعال میشــوند و کار نمیکنند یا این غیرفعال کردن فقط باعث جلوگیري از آپدیت\nخودکار است؟.در وینــدوز 10 بــا غیرفعال کــردن ســرویس Windows Update و غیرفعال کردن\nConfigure Automatic Updates درGroup Policy Editor - gpedit.msc بــا وارد شــدن به Update history چــه در بخش Settings و چه در بخــش Installed Update در Programs and Features هیــچ اثــري از آپدیتهــاي قبلی که نصب شــدهاند، وجود نــدارد و عبــارت No updates are installed on this computer مشــاهده میشــود. ســوالم این اســت که با غیرفعال کردن آنچه در بالا گفته شــد، آیــا آن آپدیتهایی که نصب شــدهاند غیرفعال میشــوند و کار نمیکنند یا این غیرفعال کردن فقط باعث جلوگیري از آپدیت\nخودکار است؟.در وینــدوز 10 بــا غیرفعال کــردن ســرویس Windows Update و غیرفعال کردن\nConfigure Automatic Updates درGroup Policy Editor - gpedit.msc بــا وارد شــدن به Update history چــه در بخش Settings و چه در بخــش Installed Update در Programs and Features هیــچ اثــري از آپدیتهــاي قبلی که نصب شــدهاند، وجود نــدارد و عبــارت No updates are installed on this computer مشــاهده میشــود. ســوالم این اســت که با غیرفعال کردن آنچه در بالا گفته شــد، آیــا آن آپدیتهایی که نصب شــدهاند غیرفعال میشــوند و کار نمیکنند یا این غیرفعال کردن فقط باعث جلوگیري از آپدیت\nخودکار است؟.', 5, 'شده-بود-و-دائما-دستش-حمایل-موهای-سرش-بود-و-از', '2015-09-16', '2022-04-23'),
(13, 'همان روز ما را به عنوان کاردستی درست کرده بود، به.', 'داشتن یک دستیار هوشــمند براي انجام کارهاي مختلف بسیار خوب است، اما آیا میدانید دستیار گوگل ملقب به Google Assistant همه فرمانهاي صوتی شما را براي اجرا ابتدا در سرورهاي گوگل و در ادامه یک نسخه از آن را\nنیز در فضاي ذخیرهسازي شخصی شما ذخیره میکند؟.داشتن یک دستیار هوشــمند براي انجام کارهاي مختلف بسیار خوب است، اما آیا میدانید دستیار گوگل ملقب به Google Assistant همه فرمانهاي صوتی شما را براي اجرا ابتدا در سرورهاي گوگل و در ادامه یک نسخه از آن را\nنیز در فضاي ذخیرهسازي شخصی شما ذخیره میکند؟.داشتن یک دستیار هوشــمند براي انجام کارهاي مختلف بسیار خوب است، اما آیا میدانید دستیار گوگل ملقب به Google Assistant همه فرمانهاي صوتی شما را براي اجرا ابتدا در سرورهاي گوگل و در ادامه یک نسخه از آن را\nنیز در فضاي ذخیرهسازي شخصی شما ذخیره میکند؟.داشتن یک دستیار هوشــمند براي انجام کارهاي مختلف بسیار خوب است، اما آیا میدانید دستیار گوگل ملقب به Google Assistant همه فرمانهاي صوتی شما را براي اجرا ابتدا در سرورهاي گوگل و در ادامه یک نسخه از آن را\nنیز در فضاي ذخیرهسازي شخصی شما ذخیره میکند؟.داشتن یک دستیار هوشــمند براي انجام کارهاي مختلف بسیار خوب است، اما آیا میدانید دستیار گوگل ملقب به Google Assistant همه فرمانهاي صوتی شما را براي اجرا ابتدا در سرورهاي گوگل و در ادامه یک نسخه از آن را\nنیز در فضاي ذخیرهسازي شخصی شما ذخیره میکند؟.', 13, 'همان-روز-ما-را-به-عنوان-کاردستی-درست-کرده-بود-به', '2017-11-25', '2022-02-24'),
(14, 'فریاد زدم: - عجب! پس اونم می‌خواسته اصلاحات کنه!.', 'نگاه بومی خود بحث مالــی را به نرمافزارش اضافه کرده اســت؛ امکانی کــه در تلگرام و دیگر پیامرسانهاي خارجی وجود ندارد. حوزه فعالیت ســروش در بخش مالی شامل خدمات پرداخت قبوض، خرید شارژ آنلاین و پرداخت درون کانالی است که میتواند بسترساز بهبود کســبوکارها روي پیامرســانها باشد. البته خدمات دیگري چون ارائــه وضعیت آبوهوا و حتی خدمات آگاهی از اوقات شــرعی، دیگر تلاشهاي سروش در جهت ایجاد تغییر نسبت\nبه نمونههاي خارجی آن است..نگاه بومی خود بحث مالــی را به نرمافزارش اضافه کرده اســت؛ امکانی کــه در تلگرام و دیگر پیامرسانهاي خارجی وجود ندارد. حوزه فعالیت ســروش در بخش مالی شامل خدمات پرداخت قبوض، خرید شارژ آنلاین و پرداخت درون کانالی است که میتواند بسترساز بهبود کســبوکارها روي پیامرســانها باشد. البته خدمات دیگري چون ارائــه وضعیت آبوهوا و حتی خدمات آگاهی از اوقات شــرعی، دیگر تلاشهاي سروش در جهت ایجاد تغییر نسبت\nبه نمونههاي خارجی آن است..نگاه بومی خود بحث مالــی را به نرمافزارش اضافه کرده اســت؛ امکانی کــه در تلگرام و دیگر پیامرسانهاي خارجی وجود ندارد. حوزه فعالیت ســروش در بخش مالی شامل خدمات پرداخت قبوض، خرید شارژ آنلاین و پرداخت درون کانالی است که میتواند بسترساز بهبود کســبوکارها روي پیامرســانها باشد. البته خدمات دیگري چون ارائــه وضعیت آبوهوا و حتی خدمات آگاهی از اوقات شــرعی، دیگر تلاشهاي سروش در جهت ایجاد تغییر نسبت\nبه نمونههاي خارجی آن است..نگاه بومی خود بحث مالــی را به نرمافزارش اضافه کرده اســت؛ امکانی کــه در تلگرام و دیگر پیامرسانهاي خارجی وجود ندارد. حوزه فعالیت ســروش در بخش مالی شامل خدمات پرداخت قبوض، خرید شارژ آنلاین و پرداخت درون کانالی است که میتواند بسترساز بهبود کســبوکارها روي پیامرســانها باشد. البته خدمات دیگري چون ارائــه وضعیت آبوهوا و حتی خدمات آگاهی از اوقات شــرعی، دیگر تلاشهاي سروش در جهت ایجاد تغییر نسبت\nبه نمونههاي خارجی آن است..نگاه بومی خود بحث مالــی را به نرمافزارش اضافه کرده اســت؛ امکانی کــه در تلگرام و دیگر پیامرسانهاي خارجی وجود ندارد. حوزه فعالیت ســروش در بخش مالی شامل خدمات پرداخت قبوض، خرید شارژ آنلاین و پرداخت درون کانالی است که میتواند بسترساز بهبود کســبوکارها روي پیامرســانها باشد. البته خدمات دیگري چون ارائــه وضعیت آبوهوا و حتی خدمات آگاهی از اوقات شــرعی، دیگر تلاشهاي سروش در جهت ایجاد تغییر نسبت\nبه نمونههاي خارجی آن است..', 14, 'فریاد-زدم-عجب-پس-اونم-میخواسته-اصلاحات-کنه', '2020-10-02', '2022-03-10'),
(15, 'کردم که هن هن می‌کرد. طبقه‌ی اول و دوم و چهارم..', '»گــپ« با تمرکز بر\nایجــاد فروشــگاه بر\nبســتر پیامرسانها با\nرویکردي جدید وارد\nبازار پیامرســانهاي\nداخلی شــده است.\nگرچه نگارشهاي مخصوص اکثر سیستمهاى عامل براي این نرمافزار طراحیشده، ولی هنوز امکان استفاده از آن روي سیستمعامل ویندوز وجود نــدارد. گپ امکان انجام خریدوفروش با اســتفاده از تراکنشهــا را دارد و ایــن مزیت رقابتی این پیامرســان نســبت به نمونههاي\nمشابه است..»گــپ« با تمرکز بر\nایجــاد فروشــگاه بر\nبســتر پیامرسانها با\nرویکردي جدید وارد\nبازار پیامرســانهاي\nداخلی شــده است.\nگرچه نگارشهاي مخصوص اکثر سیستمهاى عامل براي این نرمافزار طراحیشده، ولی هنوز امکان استفاده از آن روي سیستمعامل ویندوز وجود نــدارد. گپ امکان انجام خریدوفروش با اســتفاده از تراکنشهــا را دارد و ایــن مزیت رقابتی این پیامرســان نســبت به نمونههاي\nمشابه است..»گــپ« با تمرکز بر\nایجــاد فروشــگاه بر\nبســتر پیامرسانها با\nرویکردي جدید وارد\nبازار پیامرســانهاي\nداخلی شــده است.\nگرچه نگارشهاي مخصوص اکثر سیستمهاى عامل براي این نرمافزار طراحیشده، ولی هنوز امکان استفاده از آن روي سیستمعامل ویندوز وجود نــدارد. گپ امکان انجام خریدوفروش با اســتفاده از تراکنشهــا را دارد و ایــن مزیت رقابتی این پیامرســان نســبت به نمونههاي\nمشابه است..»گــپ« با تمرکز بر\nایجــاد فروشــگاه بر\nبســتر پیامرسانها با\nرویکردي جدید وارد\nبازار پیامرســانهاي\nداخلی شــده است.\nگرچه نگارشهاي مخصوص اکثر سیستمهاى عامل براي این نرمافزار طراحیشده، ولی هنوز امکان استفاده از آن روي سیستمعامل ویندوز وجود نــدارد. گپ امکان انجام خریدوفروش با اســتفاده از تراکنشهــا را دارد و ایــن مزیت رقابتی این پیامرســان نســبت به نمونههاي\nمشابه است..»گــپ« با تمرکز بر\nایجــاد فروشــگاه بر\nبســتر پیامرسانها با\nرویکردي جدید وارد\nبازار پیامرســانهاي\nداخلی شــده است.\nگرچه نگارشهاي مخصوص اکثر سیستمهاى عامل براي این نرمافزار طراحیشده، ولی هنوز امکان استفاده از آن روي سیستمعامل ویندوز وجود نــدارد. گپ امکان انجام خریدوفروش با اســتفاده از تراکنشهــا را دارد و ایــن مزیت رقابتی این پیامرســان نســبت به نمونههاي\nمشابه است..', 12, 'کردم-که-هن-هن-میکرد-طبقهی-اول-و-دوم-و-چهارم', '2015-01-26', '2022-04-16'),
(16, 'فرهنگ ساکت بودند. جای مقدار زغالی که تحویل مدرسه.', 'یکی از مشکلات اصلی ساعتهاي هوشمند، تمام شدن سریع شارژ آنهاست. در این میان، ماتریکس پاورواچ )Matrix PowerWatch( رویکردي متفاوت را در پیش گرفته و از یک فناوري قدیمیتر براي تامین انرژي موردنیاز دســتگاه استفاده میکند. در این فناوري، گرماي مچ دســت کاربر که با ســاعت در تماس است، مورد استفاده قرار میگیرد. ساعت هوشمند ماتریکس پاورواچ با استفاده از فناوري بلوتوث میتواند اعلانات مختلف )نظیر تماس یا پیامک دریافتی( را به اطلاع کاربر\nبرســاند. این گجت همچنین برخی کاربردهاي دستبندهاي\nهوشمند ورزشــی )نظیر نمایش میزان کالري مصرف شده\nطی فعالیت فیزیکی( را نیز در خود دارد. ماتریکس پاورواچ\nضدآب بوده و میتواند تا 200 متر زیر آب همچنان کار کند.\nهمچنین تیم طراحی این محصول کوشیده ساختاري مقاوم\nدر شرایط مختلف را براي آن ایجاد کند. هنوز هیچ اطلاعاتی\nدرباره زمان عرضه و قیمت این محصول اعلام نشده است.یکی از مشکلات اصلی ساعتهاي هوشمند، تمام شدن سریع شارژ آنهاست. در این میان، ماتریکس پاورواچ )Matrix PowerWatch( رویکردي متفاوت را در پیش گرفته و از یک فناوري قدیمیتر براي تامین انرژي موردنیاز دســتگاه استفاده میکند. در این فناوري، گرماي مچ دســت کاربر که با ســاعت در تماس است، مورد استفاده قرار میگیرد. ساعت هوشمند ماتریکس پاورواچ با استفاده از فناوري بلوتوث میتواند اعلانات مختلف )نظیر تماس یا پیامک دریافتی( را به اطلاع کاربر\nبرســاند. این گجت همچنین برخی کاربردهاي دستبندهاي\nهوشمند ورزشــی )نظیر نمایش میزان کالري مصرف شده\nطی فعالیت فیزیکی( را نیز در خود دارد. ماتریکس پاورواچ\nضدآب بوده و میتواند تا 200 متر زیر آب همچنان کار کند.\nهمچنین تیم طراحی این محصول کوشیده ساختاري مقاوم\nدر شرایط مختلف را براي آن ایجاد کند. هنوز هیچ اطلاعاتی\nدرباره زمان عرضه و قیمت این محصول اعلام نشده است.یکی از مشکلات اصلی ساعتهاي هوشمند، تمام شدن سریع شارژ آنهاست. در این میان، ماتریکس پاورواچ )Matrix PowerWatch( رویکردي متفاوت را در پیش گرفته و از یک فناوري قدیمیتر براي تامین انرژي موردنیاز دســتگاه استفاده میکند. در این فناوري، گرماي مچ دســت کاربر که با ســاعت در تماس است، مورد استفاده قرار میگیرد. ساعت هوشمند ماتریکس پاورواچ با استفاده از فناوري بلوتوث میتواند اعلانات مختلف )نظیر تماس یا پیامک دریافتی( را به اطلاع کاربر\nبرســاند. این گجت همچنین برخی کاربردهاي دستبندهاي\nهوشمند ورزشــی )نظیر نمایش میزان کالري مصرف شده\nطی فعالیت فیزیکی( را نیز در خود دارد. ماتریکس پاورواچ\nضدآب بوده و میتواند تا 200 متر زیر آب همچنان کار کند.\nهمچنین تیم طراحی این محصول کوشیده ساختاري مقاوم\nدر شرایط مختلف را براي آن ایجاد کند. هنوز هیچ اطلاعاتی\nدرباره زمان عرضه و قیمت این محصول اعلام نشده است.یکی از مشکلات اصلی ساعتهاي هوشمند، تمام شدن سریع شارژ آنهاست. در این میان، ماتریکس پاورواچ )Matrix PowerWatch( رویکردي متفاوت را در پیش گرفته و از یک فناوري قدیمیتر براي تامین انرژي موردنیاز دســتگاه استفاده میکند. در این فناوري، گرماي مچ دســت کاربر که با ســاعت در تماس است، مورد استفاده قرار میگیرد. ساعت هوشمند ماتریکس پاورواچ با استفاده از فناوري بلوتوث میتواند اعلانات مختلف )نظیر تماس یا پیامک دریافتی( را به اطلاع کاربر\nبرســاند. این گجت همچنین برخی کاربردهاي دستبندهاي\nهوشمند ورزشــی )نظیر نمایش میزان کالري مصرف شده\nطی فعالیت فیزیکی( را نیز در خود دارد. ماتریکس پاورواچ\nضدآب بوده و میتواند تا 200 متر زیر آب همچنان کار کند.\nهمچنین تیم طراحی این محصول کوشیده ساختاري مقاوم\nدر شرایط مختلف را براي آن ایجاد کند. هنوز هیچ اطلاعاتی\nدرباره زمان عرضه و قیمت این محصول اعلام نشده است.یکی از مشکلات اصلی ساعتهاي هوشمند، تمام شدن سریع شارژ آنهاست. در این میان، ماتریکس پاورواچ )Matrix PowerWatch( رویکردي متفاوت را در پیش گرفته و از یک فناوري قدیمیتر براي تامین انرژي موردنیاز دســتگاه استفاده میکند. در این فناوري، گرماي مچ دســت کاربر که با ســاعت در تماس است، مورد استفاده قرار میگیرد. ساعت هوشمند ماتریکس پاورواچ با استفاده از فناوري بلوتوث میتواند اعلانات مختلف )نظیر تماس یا پیامک دریافتی( را به اطلاع کاربر\nبرســاند. این گجت همچنین برخی کاربردهاي دستبندهاي\nهوشمند ورزشــی )نظیر نمایش میزان کالري مصرف شده\nطی فعالیت فیزیکی( را نیز در خود دارد. ماتریکس پاورواچ\nضدآب بوده و میتواند تا 200 متر زیر آب همچنان کار کند.\nهمچنین تیم طراحی این محصول کوشیده ساختاري مقاوم\nدر شرایط مختلف را براي آن ایجاد کند. هنوز هیچ اطلاعاتی\nدرباره زمان عرضه و قیمت این محصول اعلام نشده است.', 5, 'فرهنگ-ساکت-بودند-جای-مقدار-زغالی-که-تحویل-مدرسه', '2018-09-01', '2022-02-23'),
(17, 'یک روز زودتر از نوبت پولش را می‌گرفت و صبر.', 'شــرکت کالگیت بتازگی از محصــول جدید خود با نام E1 رونمایی کرده که یک مســواك برقی هوشمند است. این مســواك با بهرهگیري از حسگرهاي مختلف خود میتواند موقعیت و زمان صرف شده براي مسواك زدن بخشهاي مختلف دهان را تعیین کند و در صورت جاماندن هر بخشی از دندانها، آن را به کاربر اعلام کند. همچنین الگوریتم خاص این مســواك میتواند بتدریج با عادتهاي کاربر آشــنا شده و توصیههایی دقیقتر به\nاو ارائه دهد. نرمافزار این مســواك بر اســاس پلتفرم ResearchKit شــرکت اپل توسعهیافته است. این پلتفرم براي کمک به پژوهشگران و توسهدهندگان تجهیزات مرتبط با سلامت و پزشکی طراحی شده است. مسواك E1 ارتعاشاتی با امواج صوتی ایجاد کرده که به تمیزتر شــدن دندانها و از بین بردن بهتر مواد زاید روي آنها کمک میکند. باتري\nاین مسواك با هر بار شارژ میتواند تا ده روز کار کند. قیمت این محصول 96 دلار است..شــرکت کالگیت بتازگی از محصــول جدید خود با نام E1 رونمایی کرده که یک مســواك برقی هوشمند است. این مســواك با بهرهگیري از حسگرهاي مختلف خود میتواند موقعیت و زمان صرف شده براي مسواك زدن بخشهاي مختلف دهان را تعیین کند و در صورت جاماندن هر بخشی از دندانها، آن را به کاربر اعلام کند. همچنین الگوریتم خاص این مســواك میتواند بتدریج با عادتهاي کاربر آشــنا شده و توصیههایی دقیقتر به\nاو ارائه دهد. نرمافزار این مســواك بر اســاس پلتفرم ResearchKit شــرکت اپل توسعهیافته است. این پلتفرم براي کمک به پژوهشگران و توسهدهندگان تجهیزات مرتبط با سلامت و پزشکی طراحی شده است. مسواك E1 ارتعاشاتی با امواج صوتی ایجاد کرده که به تمیزتر شــدن دندانها و از بین بردن بهتر مواد زاید روي آنها کمک میکند. باتري\nاین مسواك با هر بار شارژ میتواند تا ده روز کار کند. قیمت این محصول 96 دلار است..شــرکت کالگیت بتازگی از محصــول جدید خود با نام E1 رونمایی کرده که یک مســواك برقی هوشمند است. این مســواك با بهرهگیري از حسگرهاي مختلف خود میتواند موقعیت و زمان صرف شده براي مسواك زدن بخشهاي مختلف دهان را تعیین کند و در صورت جاماندن هر بخشی از دندانها، آن را به کاربر اعلام کند. همچنین الگوریتم خاص این مســواك میتواند بتدریج با عادتهاي کاربر آشــنا شده و توصیههایی دقیقتر به\nاو ارائه دهد. نرمافزار این مســواك بر اســاس پلتفرم ResearchKit شــرکت اپل توسعهیافته است. این پلتفرم براي کمک به پژوهشگران و توسهدهندگان تجهیزات مرتبط با سلامت و پزشکی طراحی شده است. مسواك E1 ارتعاشاتی با امواج صوتی ایجاد کرده که به تمیزتر شــدن دندانها و از بین بردن بهتر مواد زاید روي آنها کمک میکند. باتري\nاین مسواك با هر بار شارژ میتواند تا ده روز کار کند. قیمت این محصول 96 دلار است..شــرکت کالگیت بتازگی از محصــول جدید خود با نام E1 رونمایی کرده که یک مســواك برقی هوشمند است. این مســواك با بهرهگیري از حسگرهاي مختلف خود میتواند موقعیت و زمان صرف شده براي مسواك زدن بخشهاي مختلف دهان را تعیین کند و در صورت جاماندن هر بخشی از دندانها، آن را به کاربر اعلام کند. همچنین الگوریتم خاص این مســواك میتواند بتدریج با عادتهاي کاربر آشــنا شده و توصیههایی دقیقتر به\nاو ارائه دهد. نرمافزار این مســواك بر اســاس پلتفرم ResearchKit شــرکت اپل توسعهیافته است. این پلتفرم براي کمک به پژوهشگران و توسهدهندگان تجهیزات مرتبط با سلامت و پزشکی طراحی شده است. مسواك E1 ارتعاشاتی با امواج صوتی ایجاد کرده که به تمیزتر شــدن دندانها و از بین بردن بهتر مواد زاید روي آنها کمک میکند. باتري\nاین مسواك با هر بار شارژ میتواند تا ده روز کار کند. قیمت این محصول 96 دلار است..شــرکت کالگیت بتازگی از محصــول جدید خود با نام E1 رونمایی کرده که یک مســواك برقی هوشمند است. این مســواك با بهرهگیري از حسگرهاي مختلف خود میتواند موقعیت و زمان صرف شده براي مسواك زدن بخشهاي مختلف دهان را تعیین کند و در صورت جاماندن هر بخشی از دندانها، آن را به کاربر اعلام کند. همچنین الگوریتم خاص این مســواك میتواند بتدریج با عادتهاي کاربر آشــنا شده و توصیههایی دقیقتر به\nاو ارائه دهد. نرمافزار این مســواك بر اســاس پلتفرم ResearchKit شــرکت اپل توسعهیافته است. این پلتفرم براي کمک به پژوهشگران و توسهدهندگان تجهیزات مرتبط با سلامت و پزشکی طراحی شده است. مسواك E1 ارتعاشاتی با امواج صوتی ایجاد کرده که به تمیزتر شــدن دندانها و از بین بردن بهتر مواد زاید روي آنها کمک میکند. باتري\nاین مسواك با هر بار شارژ میتواند تا ده روز کار کند. قیمت این محصول 96 دلار است..', 2, 'یک-روز-زودتر-از-نوبت-پولش-را-میگرفت-و-صبر', '2018-06-17', '2022-02-07');
INSERT INTO `articles` (`id`, `subject`, `body`, `user_id`, `slug`, `created_at`, `updated_at`) VALUES
(18, 'بودم. هنوز از پشت دیوار نپیچیده بودم که مدیر باشم.', 'بیســفون جزو اولین\nتلاشهــاي ایرانیان\nبـــراي ســـاخت\nپیامرســانهاي تلفن\nهمراه بود که توانست\nخدمات مناســبی را\nایجــاد کند. گرچــه در نــگارش اولیه برخی امکانــات وجــود داشــت، امــا بتازگــی با بیســفونپلاس امکاناتی ازجمله تماس با هر نقطــه از جهان با 15 درصــد تخفیف، امکان جســتوجو در بین کانالها و کاهش مصرف پهناي باند براي مشترکین داخلی وارد عرصه\nرقابت شده است..بیســفون جزو اولین\nتلاشهــاي ایرانیان\nبـــراي ســـاخت\nپیامرســانهاي تلفن\nهمراه بود که توانست\nخدمات مناســبی را\nایجــاد کند. گرچــه در نــگارش اولیه برخی امکانــات وجــود داشــت، امــا بتازگــی با بیســفونپلاس امکاناتی ازجمله تماس با هر نقطــه از جهان با 15 درصــد تخفیف، امکان جســتوجو در بین کانالها و کاهش مصرف پهناي باند براي مشترکین داخلی وارد عرصه\nرقابت شده است..بیســفون جزو اولین\nتلاشهــاي ایرانیان\nبـــراي ســـاخت\nپیامرســانهاي تلفن\nهمراه بود که توانست\nخدمات مناســبی را\nایجــاد کند. گرچــه در نــگارش اولیه برخی امکانــات وجــود داشــت، امــا بتازگــی با بیســفونپلاس امکاناتی ازجمله تماس با هر نقطــه از جهان با 15 درصــد تخفیف، امکان جســتوجو در بین کانالها و کاهش مصرف پهناي باند براي مشترکین داخلی وارد عرصه\nرقابت شده است..بیســفون جزو اولین\nتلاشهــاي ایرانیان\nبـــراي ســـاخت\nپیامرســانهاي تلفن\nهمراه بود که توانست\nخدمات مناســبی را\nایجــاد کند. گرچــه در نــگارش اولیه برخی امکانــات وجــود داشــت، امــا بتازگــی با بیســفونپلاس امکاناتی ازجمله تماس با هر نقطــه از جهان با 15 درصــد تخفیف، امکان جســتوجو در بین کانالها و کاهش مصرف پهناي باند براي مشترکین داخلی وارد عرصه\nرقابت شده است..بیســفون جزو اولین\nتلاشهــاي ایرانیان\nبـــراي ســـاخت\nپیامرســانهاي تلفن\nهمراه بود که توانست\nخدمات مناســبی را\nایجــاد کند. گرچــه در نــگارش اولیه برخی امکانــات وجــود داشــت، امــا بتازگــی با بیســفونپلاس امکاناتی ازجمله تماس با هر نقطــه از جهان با 15 درصــد تخفیف، امکان جســتوجو در بین کانالها و کاهش مصرف پهناي باند براي مشترکین داخلی وارد عرصه\nرقابت شده است..', 10, 'بودم-هنوز-از-پشت-دیوار-نپیچیده-بودم-که-مدیر-باشم', '2015-12-31', '2022-04-09'),
(20, 'و پزشک معاینه کنند! تا پرونده درست کنند؟ با این.', 'با افزایش تعداد دســتگاههاي مختلف الکترونیکی در خانــه، باید از دســتگاه کنترل از راه دور ویــژه هر کدام استفاده کرد. شاید در خانه شما نیز براي تلویزیون، گیرنده دیجیتال، پخش استریو و کولر یک کنترل از راه دور وجود داشــته باشد و احتمالا در چند سال آینده نیز بر تعداد آنها اضافه میشــود. یوگو )Ugo( ابزاري کاربردي است که میتواند جایگزین همه این دستگاههاي کنترل از راه دور شود. ســازندگان این گجت، آن را به یک چوب جادویی تشــبیه میکنند. براي اســتفاده از یوگو ابتدا باید سطح و فرمانهایی مشــخص را براي آن تعیین کرد. براي نمونه اگر میز عســلی اتاق پذیرایی بهعنوان یکی از این سطوح تعریف شــود، با هر بار قرارگیري یوگو روي آن میتوان دســتگاه تلویزیون را کنترل کرد. یوگو با قابلیت حســگر\nاثرانگشت میتواند 16 کاربر مختلف داشته باشد..با افزایش تعداد دســتگاههاي مختلف الکترونیکی در خانــه، باید از دســتگاه کنترل از راه دور ویــژه هر کدام استفاده کرد. شاید در خانه شما نیز براي تلویزیون، گیرنده دیجیتال، پخش استریو و کولر یک کنترل از راه دور وجود داشــته باشد و احتمالا در چند سال آینده نیز بر تعداد آنها اضافه میشــود. یوگو )Ugo( ابزاري کاربردي است که میتواند جایگزین همه این دستگاههاي کنترل از راه دور شود. ســازندگان این گجت، آن را به یک چوب جادویی تشــبیه میکنند. براي اســتفاده از یوگو ابتدا باید سطح و فرمانهایی مشــخص را براي آن تعیین کرد. براي نمونه اگر میز عســلی اتاق پذیرایی بهعنوان یکی از این سطوح تعریف شــود، با هر بار قرارگیري یوگو روي آن میتوان دســتگاه تلویزیون را کنترل کرد. یوگو با قابلیت حســگر\nاثرانگشت میتواند 16 کاربر مختلف داشته باشد..با افزایش تعداد دســتگاههاي مختلف الکترونیکی در خانــه، باید از دســتگاه کنترل از راه دور ویــژه هر کدام استفاده کرد. شاید در خانه شما نیز براي تلویزیون، گیرنده دیجیتال، پخش استریو و کولر یک کنترل از راه دور وجود داشــته باشد و احتمالا در چند سال آینده نیز بر تعداد آنها اضافه میشــود. یوگو )Ugo( ابزاري کاربردي است که میتواند جایگزین همه این دستگاههاي کنترل از راه دور شود. ســازندگان این گجت، آن را به یک چوب جادویی تشــبیه میکنند. براي اســتفاده از یوگو ابتدا باید سطح و فرمانهایی مشــخص را براي آن تعیین کرد. براي نمونه اگر میز عســلی اتاق پذیرایی بهعنوان یکی از این سطوح تعریف شــود، با هر بار قرارگیري یوگو روي آن میتوان دســتگاه تلویزیون را کنترل کرد. یوگو با قابلیت حســگر\nاثرانگشت میتواند 16 کاربر مختلف داشته باشد..با افزایش تعداد دســتگاههاي مختلف الکترونیکی در خانــه، باید از دســتگاه کنترل از راه دور ویــژه هر کدام استفاده کرد. شاید در خانه شما نیز براي تلویزیون، گیرنده دیجیتال، پخش استریو و کولر یک کنترل از راه دور وجود داشــته باشد و احتمالا در چند سال آینده نیز بر تعداد آنها اضافه میشــود. یوگو )Ugo( ابزاري کاربردي است که میتواند جایگزین همه این دستگاههاي کنترل از راه دور شود. ســازندگان این گجت، آن را به یک چوب جادویی تشــبیه میکنند. براي اســتفاده از یوگو ابتدا باید سطح و فرمانهایی مشــخص را براي آن تعیین کرد. براي نمونه اگر میز عســلی اتاق پذیرایی بهعنوان یکی از این سطوح تعریف شــود، با هر بار قرارگیري یوگو روي آن میتوان دســتگاه تلویزیون را کنترل کرد. یوگو با قابلیت حســگر\nاثرانگشت میتواند 16 کاربر مختلف داشته باشد..با افزایش تعداد دســتگاههاي مختلف الکترونیکی در خانــه، باید از دســتگاه کنترل از راه دور ویــژه هر کدام استفاده کرد. شاید در خانه شما نیز براي تلویزیون، گیرنده دیجیتال، پخش استریو و کولر یک کنترل از راه دور وجود داشــته باشد و احتمالا در چند سال آینده نیز بر تعداد آنها اضافه میشــود. یوگو )Ugo( ابزاري کاربردي است که میتواند جایگزین همه این دستگاههاي کنترل از راه دور شود. ســازندگان این گجت، آن را به یک چوب جادویی تشــبیه میکنند. براي اســتفاده از یوگو ابتدا باید سطح و فرمانهایی مشــخص را براي آن تعیین کرد. براي نمونه اگر میز عســلی اتاق پذیرایی بهعنوان یکی از این سطوح تعریف شــود، با هر بار قرارگیري یوگو روي آن میتوان دســتگاه تلویزیون را کنترل کرد. یوگو با قابلیت حســگر\nاثرانگشت میتواند 16 کاربر مختلف داشته باشد..', 12, 'و-پزشک-معاینه-کنند-تا-پرونده-درست-کنند-با-این', '2016-01-08', '2022-04-29'),
(21, 'دم خورشید کباب کنیم و از مدرسه ببرد که در آینده.', 'شــرکت کالگیت بتازگی از محصــول جدید خود با نام E1 رونمایی کرده که یک مســواك برقی هوشمند است. این مســواك با بهرهگیري از حسگرهاي مختلف خود میتواند موقعیت و زمان صرف شده براي مسواك زدن بخشهاي مختلف دهان را تعیین کند و در صورت جاماندن هر بخشی از دندانها، آن را به کاربر اعلام کند. همچنین الگوریتم خاص این مســواك میتواند بتدریج با عادتهاي کاربر آشــنا شده و توصیههایی دقیقتر به\nاو ارائه دهد. نرمافزار این مســواك بر اســاس پلتفرم ResearchKit شــرکت اپل توسعهیافته است. این پلتفرم براي کمک به پژوهشگران و توسهدهندگان تجهیزات مرتبط با سلامت و پزشکی طراحی شده است. مسواك E1 ارتعاشاتی با امواج صوتی ایجاد کرده که به تمیزتر شــدن دندانها و از بین بردن بهتر مواد زاید روي آنها کمک میکند. باتري\nاین مسواك با هر بار شارژ میتواند تا ده روز کار کند. قیمت این محصول 96 دلار است..شــرکت کالگیت بتازگی از محصــول جدید خود با نام E1 رونمایی کرده که یک مســواك برقی هوشمند است. این مســواك با بهرهگیري از حسگرهاي مختلف خود میتواند موقعیت و زمان صرف شده براي مسواك زدن بخشهاي مختلف دهان را تعیین کند و در صورت جاماندن هر بخشی از دندانها، آن را به کاربر اعلام کند. همچنین الگوریتم خاص این مســواك میتواند بتدریج با عادتهاي کاربر آشــنا شده و توصیههایی دقیقتر به\nاو ارائه دهد. نرمافزار این مســواك بر اســاس پلتفرم ResearchKit شــرکت اپل توسعهیافته است. این پلتفرم براي کمک به پژوهشگران و توسهدهندگان تجهیزات مرتبط با سلامت و پزشکی طراحی شده است. مسواك E1 ارتعاشاتی با امواج صوتی ایجاد کرده که به تمیزتر شــدن دندانها و از بین بردن بهتر مواد زاید روي آنها کمک میکند. باتري\nاین مسواك با هر بار شارژ میتواند تا ده روز کار کند. قیمت این محصول 96 دلار است..شــرکت کالگیت بتازگی از محصــول جدید خود با نام E1 رونمایی کرده که یک مســواك برقی هوشمند است. این مســواك با بهرهگیري از حسگرهاي مختلف خود میتواند موقعیت و زمان صرف شده براي مسواك زدن بخشهاي مختلف دهان را تعیین کند و در صورت جاماندن هر بخشی از دندانها، آن را به کاربر اعلام کند. همچنین الگوریتم خاص این مســواك میتواند بتدریج با عادتهاي کاربر آشــنا شده و توصیههایی دقیقتر به\nاو ارائه دهد. نرمافزار این مســواك بر اســاس پلتفرم ResearchKit شــرکت اپل توسعهیافته است. این پلتفرم براي کمک به پژوهشگران و توسهدهندگان تجهیزات مرتبط با سلامت و پزشکی طراحی شده است. مسواك E1 ارتعاشاتی با امواج صوتی ایجاد کرده که به تمیزتر شــدن دندانها و از بین بردن بهتر مواد زاید روي آنها کمک میکند. باتري\nاین مسواك با هر بار شارژ میتواند تا ده روز کار کند. قیمت این محصول 96 دلار است..شــرکت کالگیت بتازگی از محصــول جدید خود با نام E1 رونمایی کرده که یک مســواك برقی هوشمند است. این مســواك با بهرهگیري از حسگرهاي مختلف خود میتواند موقعیت و زمان صرف شده براي مسواك زدن بخشهاي مختلف دهان را تعیین کند و در صورت جاماندن هر بخشی از دندانها، آن را به کاربر اعلام کند. همچنین الگوریتم خاص این مســواك میتواند بتدریج با عادتهاي کاربر آشــنا شده و توصیههایی دقیقتر به\nاو ارائه دهد. نرمافزار این مســواك بر اســاس پلتفرم ResearchKit شــرکت اپل توسعهیافته است. این پلتفرم براي کمک به پژوهشگران و توسهدهندگان تجهیزات مرتبط با سلامت و پزشکی طراحی شده است. مسواك E1 ارتعاشاتی با امواج صوتی ایجاد کرده که به تمیزتر شــدن دندانها و از بین بردن بهتر مواد زاید روي آنها کمک میکند. باتري\nاین مسواك با هر بار شارژ میتواند تا ده روز کار کند. قیمت این محصول 96 دلار است..شــرکت کالگیت بتازگی از محصــول جدید خود با نام E1 رونمایی کرده که یک مســواك برقی هوشمند است. این مســواك با بهرهگیري از حسگرهاي مختلف خود میتواند موقعیت و زمان صرف شده براي مسواك زدن بخشهاي مختلف دهان را تعیین کند و در صورت جاماندن هر بخشی از دندانها، آن را به کاربر اعلام کند. همچنین الگوریتم خاص این مســواك میتواند بتدریج با عادتهاي کاربر آشــنا شده و توصیههایی دقیقتر به\nاو ارائه دهد. نرمافزار این مســواك بر اســاس پلتفرم ResearchKit شــرکت اپل توسعهیافته است. این پلتفرم براي کمک به پژوهشگران و توسهدهندگان تجهیزات مرتبط با سلامت و پزشکی طراحی شده است. مسواك E1 ارتعاشاتی با امواج صوتی ایجاد کرده که به تمیزتر شــدن دندانها و از بین بردن بهتر مواد زاید روي آنها کمک میکند. باتري\nاین مسواك با هر بار شارژ میتواند تا ده روز کار کند. قیمت این محصول 96 دلار است..', 13, 'دم-خورشید-کباب-کنیم-و-از-مدرسه-ببرد-که-در-آینده', '2014-07-03', '2021-12-05'),
(22, 'جور ضبط و ربط امضا مدیر مدرسه بودم و گفتم حاضرم.', 'یکی از مشکلات اصلی ساعتهاي هوشمند، تمام شدن سریع شارژ آنهاست. در این میان، ماتریکس پاورواچ )Matrix PowerWatch( رویکردي متفاوت را در پیش گرفته و از یک فناوري قدیمیتر براي تامین انرژي موردنیاز دســتگاه استفاده میکند. در این فناوري، گرماي مچ دســت کاربر که با ســاعت در تماس است، مورد استفاده قرار میگیرد. ساعت هوشمند ماتریکس پاورواچ با استفاده از فناوري بلوتوث میتواند اعلانات مختلف )نظیر تماس یا پیامک دریافتی( را به اطلاع کاربر\nبرســاند. این گجت همچنین برخی کاربردهاي دستبندهاي\nهوشمند ورزشــی )نظیر نمایش میزان کالري مصرف شده\nطی فعالیت فیزیکی( را نیز در خود دارد. ماتریکس پاورواچ\nضدآب بوده و میتواند تا 200 متر زیر آب همچنان کار کند.\nهمچنین تیم طراحی این محصول کوشیده ساختاري مقاوم\nدر شرایط مختلف را براي آن ایجاد کند. هنوز هیچ اطلاعاتی\nدرباره زمان عرضه و قیمت این محصول اعلام نشده است.یکی از مشکلات اصلی ساعتهاي هوشمند، تمام شدن سریع شارژ آنهاست. در این میان، ماتریکس پاورواچ )Matrix PowerWatch( رویکردي متفاوت را در پیش گرفته و از یک فناوري قدیمیتر براي تامین انرژي موردنیاز دســتگاه استفاده میکند. در این فناوري، گرماي مچ دســت کاربر که با ســاعت در تماس است، مورد استفاده قرار میگیرد. ساعت هوشمند ماتریکس پاورواچ با استفاده از فناوري بلوتوث میتواند اعلانات مختلف )نظیر تماس یا پیامک دریافتی( را به اطلاع کاربر\nبرســاند. این گجت همچنین برخی کاربردهاي دستبندهاي\nهوشمند ورزشــی )نظیر نمایش میزان کالري مصرف شده\nطی فعالیت فیزیکی( را نیز در خود دارد. ماتریکس پاورواچ\nضدآب بوده و میتواند تا 200 متر زیر آب همچنان کار کند.\nهمچنین تیم طراحی این محصول کوشیده ساختاري مقاوم\nدر شرایط مختلف را براي آن ایجاد کند. هنوز هیچ اطلاعاتی\nدرباره زمان عرضه و قیمت این محصول اعلام نشده است.یکی از مشکلات اصلی ساعتهاي هوشمند، تمام شدن سریع شارژ آنهاست. در این میان، ماتریکس پاورواچ )Matrix PowerWatch( رویکردي متفاوت را در پیش گرفته و از یک فناوري قدیمیتر براي تامین انرژي موردنیاز دســتگاه استفاده میکند. در این فناوري، گرماي مچ دســت کاربر که با ســاعت در تماس است، مورد استفاده قرار میگیرد. ساعت هوشمند ماتریکس پاورواچ با استفاده از فناوري بلوتوث میتواند اعلانات مختلف )نظیر تماس یا پیامک دریافتی( را به اطلاع کاربر\nبرســاند. این گجت همچنین برخی کاربردهاي دستبندهاي\nهوشمند ورزشــی )نظیر نمایش میزان کالري مصرف شده\nطی فعالیت فیزیکی( را نیز در خود دارد. ماتریکس پاورواچ\nضدآب بوده و میتواند تا 200 متر زیر آب همچنان کار کند.\nهمچنین تیم طراحی این محصول کوشیده ساختاري مقاوم\nدر شرایط مختلف را براي آن ایجاد کند. هنوز هیچ اطلاعاتی\nدرباره زمان عرضه و قیمت این محصول اعلام نشده است.یکی از مشکلات اصلی ساعتهاي هوشمند، تمام شدن سریع شارژ آنهاست. در این میان، ماتریکس پاورواچ )Matrix PowerWatch( رویکردي متفاوت را در پیش گرفته و از یک فناوري قدیمیتر براي تامین انرژي موردنیاز دســتگاه استفاده میکند. در این فناوري، گرماي مچ دســت کاربر که با ســاعت در تماس است، مورد استفاده قرار میگیرد. ساعت هوشمند ماتریکس پاورواچ با استفاده از فناوري بلوتوث میتواند اعلانات مختلف )نظیر تماس یا پیامک دریافتی( را به اطلاع کاربر\nبرســاند. این گجت همچنین برخی کاربردهاي دستبندهاي\nهوشمند ورزشــی )نظیر نمایش میزان کالري مصرف شده\nطی فعالیت فیزیکی( را نیز در خود دارد. ماتریکس پاورواچ\nضدآب بوده و میتواند تا 200 متر زیر آب همچنان کار کند.\nهمچنین تیم طراحی این محصول کوشیده ساختاري مقاوم\nدر شرایط مختلف را براي آن ایجاد کند. هنوز هیچ اطلاعاتی\nدرباره زمان عرضه و قیمت این محصول اعلام نشده است.یکی از مشکلات اصلی ساعتهاي هوشمند، تمام شدن سریع شارژ آنهاست. در این میان، ماتریکس پاورواچ )Matrix PowerWatch( رویکردي متفاوت را در پیش گرفته و از یک فناوري قدیمیتر براي تامین انرژي موردنیاز دســتگاه استفاده میکند. در این فناوري، گرماي مچ دســت کاربر که با ســاعت در تماس است، مورد استفاده قرار میگیرد. ساعت هوشمند ماتریکس پاورواچ با استفاده از فناوري بلوتوث میتواند اعلانات مختلف )نظیر تماس یا پیامک دریافتی( را به اطلاع کاربر\nبرســاند. این گجت همچنین برخی کاربردهاي دستبندهاي\nهوشمند ورزشــی )نظیر نمایش میزان کالري مصرف شده\nطی فعالیت فیزیکی( را نیز در خود دارد. ماتریکس پاورواچ\nضدآب بوده و میتواند تا 200 متر زیر آب همچنان کار کند.\nهمچنین تیم طراحی این محصول کوشیده ساختاري مقاوم\nدر شرایط مختلف را براي آن ایجاد کند. هنوز هیچ اطلاعاتی\nدرباره زمان عرضه و قیمت این محصول اعلام نشده است.', 9, 'جور-ضبط-و-ربط-امضا-مدیر-مدرسه-بودم-و-گفتم-حاضرم', '2013-12-05', '2022-01-21'),
(23, 'می‌گرفتم. از دیدن رقم‌های مردنی حقوق دیگران.', 'بیســفون جزو اولین\nتلاشهــاي ایرانیان\nبـــراي ســـاخت\nپیامرســانهاي تلفن\nهمراه بود که توانست\nخدمات مناســبی را\nایجــاد کند. گرچــه در نــگارش اولیه برخی امکانــات وجــود داشــت، امــا بتازگــی با بیســفونپلاس امکاناتی ازجمله تماس با هر نقطــه از جهان با 15 درصــد تخفیف، امکان جســتوجو در بین کانالها و کاهش مصرف پهناي باند براي مشترکین داخلی وارد عرصه\nرقابت شده است..بیســفون جزو اولین\nتلاشهــاي ایرانیان\nبـــراي ســـاخت\nپیامرســانهاي تلفن\nهمراه بود که توانست\nخدمات مناســبی را\nایجــاد کند. گرچــه در نــگارش اولیه برخی امکانــات وجــود داشــت، امــا بتازگــی با بیســفونپلاس امکاناتی ازجمله تماس با هر نقطــه از جهان با 15 درصــد تخفیف، امکان جســتوجو در بین کانالها و کاهش مصرف پهناي باند براي مشترکین داخلی وارد عرصه\nرقابت شده است..بیســفون جزو اولین\nتلاشهــاي ایرانیان\nبـــراي ســـاخت\nپیامرســانهاي تلفن\nهمراه بود که توانست\nخدمات مناســبی را\nایجــاد کند. گرچــه در نــگارش اولیه برخی امکانــات وجــود داشــت، امــا بتازگــی با بیســفونپلاس امکاناتی ازجمله تماس با هر نقطــه از جهان با 15 درصــد تخفیف، امکان جســتوجو در بین کانالها و کاهش مصرف پهناي باند براي مشترکین داخلی وارد عرصه\nرقابت شده است..بیســفون جزو اولین\nتلاشهــاي ایرانیان\nبـــراي ســـاخت\nپیامرســانهاي تلفن\nهمراه بود که توانست\nخدمات مناســبی را\nایجــاد کند. گرچــه در نــگارش اولیه برخی امکانــات وجــود داشــت، امــا بتازگــی با بیســفونپلاس امکاناتی ازجمله تماس با هر نقطــه از جهان با 15 درصــد تخفیف، امکان جســتوجو در بین کانالها و کاهش مصرف پهناي باند براي مشترکین داخلی وارد عرصه\nرقابت شده است..بیســفون جزو اولین\nتلاشهــاي ایرانیان\nبـــراي ســـاخت\nپیامرســانهاي تلفن\nهمراه بود که توانست\nخدمات مناســبی را\nایجــاد کند. گرچــه در نــگارش اولیه برخی امکانــات وجــود داشــت، امــا بتازگــی با بیســفونپلاس امکاناتی ازجمله تماس با هر نقطــه از جهان با 15 درصــد تخفیف، امکان جســتوجو در بین کانالها و کاهش مصرف پهناي باند براي مشترکین داخلی وارد عرصه\nرقابت شده است..', 16, 'میگرفتم-از-دیدن-رقمهای-مردنی-حقوق-دیگران', '2016-09-06', '2022-02-06'),
(24, 'اهل محله را چه طور باهامون رفتار کردند؟ با یکی.', 'شــرکت کالگیت بتازگی از محصــول جدید خود با نام E1 رونمایی کرده که یک مســواك برقی هوشمند است. این مســواك با بهرهگیري از حسگرهاي مختلف خود میتواند موقعیت و زمان صرف شده براي مسواك زدن بخشهاي مختلف دهان را تعیین کند و در صورت جاماندن هر بخشی از دندانها، آن را به کاربر اعلام کند. همچنین الگوریتم خاص این مســواك میتواند بتدریج با عادتهاي کاربر آشــنا شده و توصیههایی دقیقتر به\nاو ارائه دهد. نرمافزار این مســواك بر اســاس پلتفرم ResearchKit شــرکت اپل توسعهیافته است. این پلتفرم براي کمک به پژوهشگران و توسهدهندگان تجهیزات مرتبط با سلامت و پزشکی طراحی شده است. مسواك E1 ارتعاشاتی با امواج صوتی ایجاد کرده که به تمیزتر شــدن دندانها و از بین بردن بهتر مواد زاید روي آنها کمک میکند. باتري\nاین مسواك با هر بار شارژ میتواند تا ده روز کار کند. قیمت این محصول 96 دلار است..شــرکت کالگیت بتازگی از محصــول جدید خود با نام E1 رونمایی کرده که یک مســواك برقی هوشمند است. این مســواك با بهرهگیري از حسگرهاي مختلف خود میتواند موقعیت و زمان صرف شده براي مسواك زدن بخشهاي مختلف دهان را تعیین کند و در صورت جاماندن هر بخشی از دندانها، آن را به کاربر اعلام کند. همچنین الگوریتم خاص این مســواك میتواند بتدریج با عادتهاي کاربر آشــنا شده و توصیههایی دقیقتر به\nاو ارائه دهد. نرمافزار این مســواك بر اســاس پلتفرم ResearchKit شــرکت اپل توسعهیافته است. این پلتفرم براي کمک به پژوهشگران و توسهدهندگان تجهیزات مرتبط با سلامت و پزشکی طراحی شده است. مسواك E1 ارتعاشاتی با امواج صوتی ایجاد کرده که به تمیزتر شــدن دندانها و از بین بردن بهتر مواد زاید روي آنها کمک میکند. باتري\nاین مسواك با هر بار شارژ میتواند تا ده روز کار کند. قیمت این محصول 96 دلار است..شــرکت کالگیت بتازگی از محصــول جدید خود با نام E1 رونمایی کرده که یک مســواك برقی هوشمند است. این مســواك با بهرهگیري از حسگرهاي مختلف خود میتواند موقعیت و زمان صرف شده براي مسواك زدن بخشهاي مختلف دهان را تعیین کند و در صورت جاماندن هر بخشی از دندانها، آن را به کاربر اعلام کند. همچنین الگوریتم خاص این مســواك میتواند بتدریج با عادتهاي کاربر آشــنا شده و توصیههایی دقیقتر به\nاو ارائه دهد. نرمافزار این مســواك بر اســاس پلتفرم ResearchKit شــرکت اپل توسعهیافته است. این پلتفرم براي کمک به پژوهشگران و توسهدهندگان تجهیزات مرتبط با سلامت و پزشکی طراحی شده است. مسواك E1 ارتعاشاتی با امواج صوتی ایجاد کرده که به تمیزتر شــدن دندانها و از بین بردن بهتر مواد زاید روي آنها کمک میکند. باتري\nاین مسواك با هر بار شارژ میتواند تا ده روز کار کند. قیمت این محصول 96 دلار است..شــرکت کالگیت بتازگی از محصــول جدید خود با نام E1 رونمایی کرده که یک مســواك برقی هوشمند است. این مســواك با بهرهگیري از حسگرهاي مختلف خود میتواند موقعیت و زمان صرف شده براي مسواك زدن بخشهاي مختلف دهان را تعیین کند و در صورت جاماندن هر بخشی از دندانها، آن را به کاربر اعلام کند. همچنین الگوریتم خاص این مســواك میتواند بتدریج با عادتهاي کاربر آشــنا شده و توصیههایی دقیقتر به\nاو ارائه دهد. نرمافزار این مســواك بر اســاس پلتفرم ResearchKit شــرکت اپل توسعهیافته است. این پلتفرم براي کمک به پژوهشگران و توسهدهندگان تجهیزات مرتبط با سلامت و پزشکی طراحی شده است. مسواك E1 ارتعاشاتی با امواج صوتی ایجاد کرده که به تمیزتر شــدن دندانها و از بین بردن بهتر مواد زاید روي آنها کمک میکند. باتري\nاین مسواك با هر بار شارژ میتواند تا ده روز کار کند. قیمت این محصول 96 دلار است..شــرکت کالگیت بتازگی از محصــول جدید خود با نام E1 رونمایی کرده که یک مســواك برقی هوشمند است. این مســواك با بهرهگیري از حسگرهاي مختلف خود میتواند موقعیت و زمان صرف شده براي مسواك زدن بخشهاي مختلف دهان را تعیین کند و در صورت جاماندن هر بخشی از دندانها، آن را به کاربر اعلام کند. همچنین الگوریتم خاص این مســواك میتواند بتدریج با عادتهاي کاربر آشــنا شده و توصیههایی دقیقتر به\nاو ارائه دهد. نرمافزار این مســواك بر اســاس پلتفرم ResearchKit شــرکت اپل توسعهیافته است. این پلتفرم براي کمک به پژوهشگران و توسهدهندگان تجهیزات مرتبط با سلامت و پزشکی طراحی شده است. مسواك E1 ارتعاشاتی با امواج صوتی ایجاد کرده که به تمیزتر شــدن دندانها و از بین بردن بهتر مواد زاید روي آنها کمک میکند. باتري\nاین مسواك با هر بار شارژ میتواند تا ده روز کار کند. قیمت این محصول 96 دلار است..', 5, 'اهل-محله-را-چه-طور-باهامون-رفتار-کردند-با-یکی', '2013-07-11', '2022-03-05'),
(25, 'از هر کاری سر رشته داشت. آب خوردن عجله می‌کردند؛.', 'بیســفون جزو اولین\nتلاشهــاي ایرانیان\nبـــراي ســـاخت\nپیامرســانهاي تلفن\nهمراه بود که توانست\nخدمات مناســبی را\nایجــاد کند. گرچــه در نــگارش اولیه برخی امکانــات وجــود داشــت، امــا بتازگــی با بیســفونپلاس امکاناتی ازجمله تماس با هر نقطــه از جهان با 15 درصــد تخفیف، امکان جســتوجو در بین کانالها و کاهش مصرف پهناي باند براي مشترکین داخلی وارد عرصه\nرقابت شده است..بیســفون جزو اولین\nتلاشهــاي ایرانیان\nبـــراي ســـاخت\nپیامرســانهاي تلفن\nهمراه بود که توانست\nخدمات مناســبی را\nایجــاد کند. گرچــه در نــگارش اولیه برخی امکانــات وجــود داشــت، امــا بتازگــی با بیســفونپلاس امکاناتی ازجمله تماس با هر نقطــه از جهان با 15 درصــد تخفیف، امکان جســتوجو در بین کانالها و کاهش مصرف پهناي باند براي مشترکین داخلی وارد عرصه\nرقابت شده است..بیســفون جزو اولین\nتلاشهــاي ایرانیان\nبـــراي ســـاخت\nپیامرســانهاي تلفن\nهمراه بود که توانست\nخدمات مناســبی را\nایجــاد کند. گرچــه در نــگارش اولیه برخی امکانــات وجــود داشــت، امــا بتازگــی با بیســفونپلاس امکاناتی ازجمله تماس با هر نقطــه از جهان با 15 درصــد تخفیف، امکان جســتوجو در بین کانالها و کاهش مصرف پهناي باند براي مشترکین داخلی وارد عرصه\nرقابت شده است..بیســفون جزو اولین\nتلاشهــاي ایرانیان\nبـــراي ســـاخت\nپیامرســانهاي تلفن\nهمراه بود که توانست\nخدمات مناســبی را\nایجــاد کند. گرچــه در نــگارش اولیه برخی امکانــات وجــود داشــت، امــا بتازگــی با بیســفونپلاس امکاناتی ازجمله تماس با هر نقطــه از جهان با 15 درصــد تخفیف، امکان جســتوجو در بین کانالها و کاهش مصرف پهناي باند براي مشترکین داخلی وارد عرصه\nرقابت شده است..بیســفون جزو اولین\nتلاشهــاي ایرانیان\nبـــراي ســـاخت\nپیامرســانهاي تلفن\nهمراه بود که توانست\nخدمات مناســبی را\nایجــاد کند. گرچــه در نــگارش اولیه برخی امکانــات وجــود داشــت، امــا بتازگــی با بیســفونپلاس امکاناتی ازجمله تماس با هر نقطــه از جهان با 15 درصــد تخفیف، امکان جســتوجو در بین کانالها و کاهش مصرف پهناي باند براي مشترکین داخلی وارد عرصه\nرقابت شده است..', 3, 'از-هر-کاری-سر-رشته-داشت-آب-خوردن-عجله-میکردند', '2015-06-27', '2021-11-26'),
(26, 'این بود که ناچار اصلاحش کرده بودند! غیر از.', 'ایــن روزهــا تقریبا تمــام رایانهها قادر بــه اجراي سیستمعاملهاي 64 بیتی هستند، اما پشتیبانی رایانهها از این نسخه دلیل نمیشود تمام سیستمعاملهاي نصب شده توســط کاربران نیز نسخه 64 بیت باشد و ممکن اســت رایانه یک کاربر به نسخه 32 بیت سیستمعامل\nمجهز شده باشــد..ایــن روزهــا تقریبا تمــام رایانهها قادر بــه اجراي سیستمعاملهاي 64 بیتی هستند، اما پشتیبانی رایانهها از این نسخه دلیل نمیشود تمام سیستمعاملهاي نصب شده توســط کاربران نیز نسخه 64 بیت باشد و ممکن اســت رایانه یک کاربر به نسخه 32 بیت سیستمعامل\nمجهز شده باشــد..ایــن روزهــا تقریبا تمــام رایانهها قادر بــه اجراي سیستمعاملهاي 64 بیتی هستند، اما پشتیبانی رایانهها از این نسخه دلیل نمیشود تمام سیستمعاملهاي نصب شده توســط کاربران نیز نسخه 64 بیت باشد و ممکن اســت رایانه یک کاربر به نسخه 32 بیت سیستمعامل\nمجهز شده باشــد..ایــن روزهــا تقریبا تمــام رایانهها قادر بــه اجراي سیستمعاملهاي 64 بیتی هستند، اما پشتیبانی رایانهها از این نسخه دلیل نمیشود تمام سیستمعاملهاي نصب شده توســط کاربران نیز نسخه 64 بیت باشد و ممکن اســت رایانه یک کاربر به نسخه 32 بیت سیستمعامل\nمجهز شده باشــد..ایــن روزهــا تقریبا تمــام رایانهها قادر بــه اجراي سیستمعاملهاي 64 بیتی هستند، اما پشتیبانی رایانهها از این نسخه دلیل نمیشود تمام سیستمعاملهاي نصب شده توســط کاربران نیز نسخه 64 بیت باشد و ممکن اســت رایانه یک کاربر به نسخه 32 بیت سیستمعامل\nمجهز شده باشــد..', 11, 'این-بود-که-ناچار-اصلاحش-کرده-بودند-غیر-از', '2015-05-17', '2022-02-06'),
(27, 'و بعد هم راه افتادم که بروم ببینم چه می‌نویسد..', 'نگاه بومی خود بحث مالــی را به نرمافزارش اضافه کرده اســت؛ امکانی کــه در تلگرام و دیگر پیامرسانهاي خارجی وجود ندارد. حوزه فعالیت ســروش در بخش مالی شامل خدمات پرداخت قبوض، خرید شارژ آنلاین و پرداخت درون کانالی است که میتواند بسترساز بهبود کســبوکارها روي پیامرســانها باشد. البته خدمات دیگري چون ارائــه وضعیت آبوهوا و حتی خدمات آگاهی از اوقات شــرعی، دیگر تلاشهاي سروش در جهت ایجاد تغییر نسبت\nبه نمونههاي خارجی آن است..نگاه بومی خود بحث مالــی را به نرمافزارش اضافه کرده اســت؛ امکانی کــه در تلگرام و دیگر پیامرسانهاي خارجی وجود ندارد. حوزه فعالیت ســروش در بخش مالی شامل خدمات پرداخت قبوض، خرید شارژ آنلاین و پرداخت درون کانالی است که میتواند بسترساز بهبود کســبوکارها روي پیامرســانها باشد. البته خدمات دیگري چون ارائــه وضعیت آبوهوا و حتی خدمات آگاهی از اوقات شــرعی، دیگر تلاشهاي سروش در جهت ایجاد تغییر نسبت\nبه نمونههاي خارجی آن است..نگاه بومی خود بحث مالــی را به نرمافزارش اضافه کرده اســت؛ امکانی کــه در تلگرام و دیگر پیامرسانهاي خارجی وجود ندارد. حوزه فعالیت ســروش در بخش مالی شامل خدمات پرداخت قبوض، خرید شارژ آنلاین و پرداخت درون کانالی است که میتواند بسترساز بهبود کســبوکارها روي پیامرســانها باشد. البته خدمات دیگري چون ارائــه وضعیت آبوهوا و حتی خدمات آگاهی از اوقات شــرعی، دیگر تلاشهاي سروش در جهت ایجاد تغییر نسبت\nبه نمونههاي خارجی آن است..نگاه بومی خود بحث مالــی را به نرمافزارش اضافه کرده اســت؛ امکانی کــه در تلگرام و دیگر پیامرسانهاي خارجی وجود ندارد. حوزه فعالیت ســروش در بخش مالی شامل خدمات پرداخت قبوض، خرید شارژ آنلاین و پرداخت درون کانالی است که میتواند بسترساز بهبود کســبوکارها روي پیامرســانها باشد. البته خدمات دیگري چون ارائــه وضعیت آبوهوا و حتی خدمات آگاهی از اوقات شــرعی، دیگر تلاشهاي سروش در جهت ایجاد تغییر نسبت\nبه نمونههاي خارجی آن است..نگاه بومی خود بحث مالــی را به نرمافزارش اضافه کرده اســت؛ امکانی کــه در تلگرام و دیگر پیامرسانهاي خارجی وجود ندارد. حوزه فعالیت ســروش در بخش مالی شامل خدمات پرداخت قبوض، خرید شارژ آنلاین و پرداخت درون کانالی است که میتواند بسترساز بهبود کســبوکارها روي پیامرســانها باشد. البته خدمات دیگري چون ارائــه وضعیت آبوهوا و حتی خدمات آگاهی از اوقات شــرعی، دیگر تلاشهاي سروش در جهت ایجاد تغییر نسبت\nبه نمونههاي خارجی آن است..', 18, 'و-بعد-هم-راه-افتادم-که-بروم-ببینم-چه-مینویسد', '2021-04-14', '2021-11-28'),
(28, 'زارع و باغبان و اویارند و قبل از این‌که دزد دیشب.', 'نگاه بومی خود بحث مالــی را به نرمافزارش اضافه کرده اســت؛ امکانی کــه در تلگرام و دیگر پیامرسانهاي خارجی وجود ندارد. حوزه فعالیت ســروش در بخش مالی شامل خدمات پرداخت قبوض، خرید شارژ آنلاین و پرداخت درون کانالی است که میتواند بسترساز بهبود کســبوکارها روي پیامرســانها باشد. البته خدمات دیگري چون ارائــه وضعیت آبوهوا و حتی خدمات آگاهی از اوقات شــرعی، دیگر تلاشهاي سروش در جهت ایجاد تغییر نسبت\nبه نمونههاي خارجی آن است..نگاه بومی خود بحث مالــی را به نرمافزارش اضافه کرده اســت؛ امکانی کــه در تلگرام و دیگر پیامرسانهاي خارجی وجود ندارد. حوزه فعالیت ســروش در بخش مالی شامل خدمات پرداخت قبوض، خرید شارژ آنلاین و پرداخت درون کانالی است که میتواند بسترساز بهبود کســبوکارها روي پیامرســانها باشد. البته خدمات دیگري چون ارائــه وضعیت آبوهوا و حتی خدمات آگاهی از اوقات شــرعی، دیگر تلاشهاي سروش در جهت ایجاد تغییر نسبت\nبه نمونههاي خارجی آن است..نگاه بومی خود بحث مالــی را به نرمافزارش اضافه کرده اســت؛ امکانی کــه در تلگرام و دیگر پیامرسانهاي خارجی وجود ندارد. حوزه فعالیت ســروش در بخش مالی شامل خدمات پرداخت قبوض، خرید شارژ آنلاین و پرداخت درون کانالی است که میتواند بسترساز بهبود کســبوکارها روي پیامرســانها باشد. البته خدمات دیگري چون ارائــه وضعیت آبوهوا و حتی خدمات آگاهی از اوقات شــرعی، دیگر تلاشهاي سروش در جهت ایجاد تغییر نسبت\nبه نمونههاي خارجی آن است..نگاه بومی خود بحث مالــی را به نرمافزارش اضافه کرده اســت؛ امکانی کــه در تلگرام و دیگر پیامرسانهاي خارجی وجود ندارد. حوزه فعالیت ســروش در بخش مالی شامل خدمات پرداخت قبوض، خرید شارژ آنلاین و پرداخت درون کانالی است که میتواند بسترساز بهبود کســبوکارها روي پیامرســانها باشد. البته خدمات دیگري چون ارائــه وضعیت آبوهوا و حتی خدمات آگاهی از اوقات شــرعی، دیگر تلاشهاي سروش در جهت ایجاد تغییر نسبت\nبه نمونههاي خارجی آن است..نگاه بومی خود بحث مالــی را به نرمافزارش اضافه کرده اســت؛ امکانی کــه در تلگرام و دیگر پیامرسانهاي خارجی وجود ندارد. حوزه فعالیت ســروش در بخش مالی شامل خدمات پرداخت قبوض، خرید شارژ آنلاین و پرداخت درون کانالی است که میتواند بسترساز بهبود کســبوکارها روي پیامرســانها باشد. البته خدمات دیگري چون ارائــه وضعیت آبوهوا و حتی خدمات آگاهی از اوقات شــرعی، دیگر تلاشهاي سروش در جهت ایجاد تغییر نسبت\nبه نمونههاي خارجی آن است..', 5, 'زارع-و-باغبان-و-اویارند-و-قبل-از-اینکه-دزد-دیشب', '2020-11-04', '2021-12-28'),
(29, 'که داشتیم، خسته شد و من نمی‌توانستم. چرا که.', 'ایــن روزهــا تقریبا تمــام رایانهها قادر بــه اجراي سیستمعاملهاي 64 بیتی هستند، اما پشتیبانی رایانهها از این نسخه دلیل نمیشود تمام سیستمعاملهاي نصب شده توســط کاربران نیز نسخه 64 بیت باشد و ممکن اســت رایانه یک کاربر به نسخه 32 بیت سیستمعامل\nمجهز شده باشــد..ایــن روزهــا تقریبا تمــام رایانهها قادر بــه اجراي سیستمعاملهاي 64 بیتی هستند، اما پشتیبانی رایانهها از این نسخه دلیل نمیشود تمام سیستمعاملهاي نصب شده توســط کاربران نیز نسخه 64 بیت باشد و ممکن اســت رایانه یک کاربر به نسخه 32 بیت سیستمعامل\nمجهز شده باشــد..ایــن روزهــا تقریبا تمــام رایانهها قادر بــه اجراي سیستمعاملهاي 64 بیتی هستند، اما پشتیبانی رایانهها از این نسخه دلیل نمیشود تمام سیستمعاملهاي نصب شده توســط کاربران نیز نسخه 64 بیت باشد و ممکن اســت رایانه یک کاربر به نسخه 32 بیت سیستمعامل\nمجهز شده باشــد..ایــن روزهــا تقریبا تمــام رایانهها قادر بــه اجراي سیستمعاملهاي 64 بیتی هستند، اما پشتیبانی رایانهها از این نسخه دلیل نمیشود تمام سیستمعاملهاي نصب شده توســط کاربران نیز نسخه 64 بیت باشد و ممکن اســت رایانه یک کاربر به نسخه 32 بیت سیستمعامل\nمجهز شده باشــد..ایــن روزهــا تقریبا تمــام رایانهها قادر بــه اجراي سیستمعاملهاي 64 بیتی هستند، اما پشتیبانی رایانهها از این نسخه دلیل نمیشود تمام سیستمعاملهاي نصب شده توســط کاربران نیز نسخه 64 بیت باشد و ممکن اســت رایانه یک کاربر به نسخه 32 بیت سیستمعامل\nمجهز شده باشــد..', 16, 'که-داشتیم-خسته-شد-و-من-نمیتوانستم-چرا-که', '2012-09-05', '2022-03-03'),
(30, 'به خاطر همین بچه، توی این برف و سرما، آمده‌اند.', '»گــپ« با تمرکز بر\nایجــاد فروشــگاه بر\nبســتر پیامرسانها با\nرویکردي جدید وارد\nبازار پیامرســانهاي\nداخلی شــده است.\nگرچه نگارشهاي مخصوص اکثر سیستمهاى عامل براي این نرمافزار طراحیشده، ولی هنوز امکان استفاده از آن روي سیستمعامل ویندوز وجود نــدارد. گپ امکان انجام خریدوفروش با اســتفاده از تراکنشهــا را دارد و ایــن مزیت رقابتی این پیامرســان نســبت به نمونههاي\nمشابه است..»گــپ« با تمرکز بر\nایجــاد فروشــگاه بر\nبســتر پیامرسانها با\nرویکردي جدید وارد\nبازار پیامرســانهاي\nداخلی شــده است.\nگرچه نگارشهاي مخصوص اکثر سیستمهاى عامل براي این نرمافزار طراحیشده، ولی هنوز امکان استفاده از آن روي سیستمعامل ویندوز وجود نــدارد. گپ امکان انجام خریدوفروش با اســتفاده از تراکنشهــا را دارد و ایــن مزیت رقابتی این پیامرســان نســبت به نمونههاي\nمشابه است..»گــپ« با تمرکز بر\nایجــاد فروشــگاه بر\nبســتر پیامرسانها با\nرویکردي جدید وارد\nبازار پیامرســانهاي\nداخلی شــده است.\nگرچه نگارشهاي مخصوص اکثر سیستمهاى عامل براي این نرمافزار طراحیشده، ولی هنوز امکان استفاده از آن روي سیستمعامل ویندوز وجود نــدارد. گپ امکان انجام خریدوفروش با اســتفاده از تراکنشهــا را دارد و ایــن مزیت رقابتی این پیامرســان نســبت به نمونههاي\nمشابه است..»گــپ« با تمرکز بر\nایجــاد فروشــگاه بر\nبســتر پیامرسانها با\nرویکردي جدید وارد\nبازار پیامرســانهاي\nداخلی شــده است.\nگرچه نگارشهاي مخصوص اکثر سیستمهاى عامل براي این نرمافزار طراحیشده، ولی هنوز امکان استفاده از آن روي سیستمعامل ویندوز وجود نــدارد. گپ امکان انجام خریدوفروش با اســتفاده از تراکنشهــا را دارد و ایــن مزیت رقابتی این پیامرســان نســبت به نمونههاي\nمشابه است..»گــپ« با تمرکز بر\nایجــاد فروشــگاه بر\nبســتر پیامرسانها با\nرویکردي جدید وارد\nبازار پیامرســانهاي\nداخلی شــده است.\nگرچه نگارشهاي مخصوص اکثر سیستمهاى عامل براي این نرمافزار طراحیشده، ولی هنوز امکان استفاده از آن روي سیستمعامل ویندوز وجود نــدارد. گپ امکان انجام خریدوفروش با اســتفاده از تراکنشهــا را دارد و ایــن مزیت رقابتی این پیامرســان نســبت به نمونههاي\nمشابه است..', 7, 'به-خاطر-همین-بچه-توی-این-برف-و-سرما-آمدهاند', '2020-06-07', '2021-11-24'),
(31, 'که تنها با ناظم به تک تک کلاس‌ها سر زدیم در این.', 'چند ســال بعد از عرضه دســتیار صوتی توسط شرکتهاي بزرگ نظیر آمازون و گوگل، مدتی است شرکتهاي دیگري نیز به این حوزه علاقه نشان دادهاند. شــرکت JBL اخیرا از محصول جدیدي به نام لینک ویو )Link View( رونمایی کرد که با همکاري گوگل طراحی شــده اســت. این محصول داراي یک نمایشگر هشت اینچی است و برخلاف دیگر دســتیارهاي صوتی که فاقد چنین قابلیتی هستند، به کاربر امکان مشاهده وضعیت و انتخاب گزینههاي موردنظر را از طریق لمس میدهد. این نمایشگر از وضوح 1280 در 720 پیکسلی برخوردار اســت، اما یکی از نقاط قوت این گجت، به اســپیکرهاي آن مربوط میشود. شرکت JBL به دلیل تولید اسپیکرهاي باکیفیت شهرت دارد و در این محصول نیز دو اسپیکر 10 واتی را گنجانده که امکان پخش صدا با کیفیتی عالی را در اختیار کاربر قرار میدهد. هنوز قیمت JBL\nلینک ویو که تابستان 97 به بازار عرضه میشود، اعلام نشده است..چند ســال بعد از عرضه دســتیار صوتی توسط شرکتهاي بزرگ نظیر آمازون و گوگل، مدتی است شرکتهاي دیگري نیز به این حوزه علاقه نشان دادهاند. شــرکت JBL اخیرا از محصول جدیدي به نام لینک ویو )Link View( رونمایی کرد که با همکاري گوگل طراحی شــده اســت. این محصول داراي یک نمایشگر هشت اینچی است و برخلاف دیگر دســتیارهاي صوتی که فاقد چنین قابلیتی هستند، به کاربر امکان مشاهده وضعیت و انتخاب گزینههاي موردنظر را از طریق لمس میدهد. این نمایشگر از وضوح 1280 در 720 پیکسلی برخوردار اســت، اما یکی از نقاط قوت این گجت، به اســپیکرهاي آن مربوط میشود. شرکت JBL به دلیل تولید اسپیکرهاي باکیفیت شهرت دارد و در این محصول نیز دو اسپیکر 10 واتی را گنجانده که امکان پخش صدا با کیفیتی عالی را در اختیار کاربر قرار میدهد. هنوز قیمت JBL\nلینک ویو که تابستان 97 به بازار عرضه میشود، اعلام نشده است..چند ســال بعد از عرضه دســتیار صوتی توسط شرکتهاي بزرگ نظیر آمازون و گوگل، مدتی است شرکتهاي دیگري نیز به این حوزه علاقه نشان دادهاند. شــرکت JBL اخیرا از محصول جدیدي به نام لینک ویو )Link View( رونمایی کرد که با همکاري گوگل طراحی شــده اســت. این محصول داراي یک نمایشگر هشت اینچی است و برخلاف دیگر دســتیارهاي صوتی که فاقد چنین قابلیتی هستند، به کاربر امکان مشاهده وضعیت و انتخاب گزینههاي موردنظر را از طریق لمس میدهد. این نمایشگر از وضوح 1280 در 720 پیکسلی برخوردار اســت، اما یکی از نقاط قوت این گجت، به اســپیکرهاي آن مربوط میشود. شرکت JBL به دلیل تولید اسپیکرهاي باکیفیت شهرت دارد و در این محصول نیز دو اسپیکر 10 واتی را گنجانده که امکان پخش صدا با کیفیتی عالی را در اختیار کاربر قرار میدهد. هنوز قیمت JBL\nلینک ویو که تابستان 97 به بازار عرضه میشود، اعلام نشده است..چند ســال بعد از عرضه دســتیار صوتی توسط شرکتهاي بزرگ نظیر آمازون و گوگل، مدتی است شرکتهاي دیگري نیز به این حوزه علاقه نشان دادهاند. شــرکت JBL اخیرا از محصول جدیدي به نام لینک ویو )Link View( رونمایی کرد که با همکاري گوگل طراحی شــده اســت. این محصول داراي یک نمایشگر هشت اینچی است و برخلاف دیگر دســتیارهاي صوتی که فاقد چنین قابلیتی هستند، به کاربر امکان مشاهده وضعیت و انتخاب گزینههاي موردنظر را از طریق لمس میدهد. این نمایشگر از وضوح 1280 در 720 پیکسلی برخوردار اســت، اما یکی از نقاط قوت این گجت، به اســپیکرهاي آن مربوط میشود. شرکت JBL به دلیل تولید اسپیکرهاي باکیفیت شهرت دارد و در این محصول نیز دو اسپیکر 10 واتی را گنجانده که امکان پخش صدا با کیفیتی عالی را در اختیار کاربر قرار میدهد. هنوز قیمت JBL\nلینک ویو که تابستان 97 به بازار عرضه میشود، اعلام نشده است..چند ســال بعد از عرضه دســتیار صوتی توسط شرکتهاي بزرگ نظیر آمازون و گوگل، مدتی است شرکتهاي دیگري نیز به این حوزه علاقه نشان دادهاند. شــرکت JBL اخیرا از محصول جدیدي به نام لینک ویو )Link View( رونمایی کرد که با همکاري گوگل طراحی شــده اســت. این محصول داراي یک نمایشگر هشت اینچی است و برخلاف دیگر دســتیارهاي صوتی که فاقد چنین قابلیتی هستند، به کاربر امکان مشاهده وضعیت و انتخاب گزینههاي موردنظر را از طریق لمس میدهد. این نمایشگر از وضوح 1280 در 720 پیکسلی برخوردار اســت، اما یکی از نقاط قوت این گجت، به اســپیکرهاي آن مربوط میشود. شرکت JBL به دلیل تولید اسپیکرهاي باکیفیت شهرت دارد و در این محصول نیز دو اسپیکر 10 واتی را گنجانده که امکان پخش صدا با کیفیتی عالی را در اختیار کاربر قرار میدهد. هنوز قیمت JBL\nلینک ویو که تابستان 97 به بازار عرضه میشود، اعلام نشده است..', 20, 'که-تنها-با-ناظم-به-تک-تک-کلاسها-سر-زدیم-در-این', '2019-06-19', '2021-11-06'),
(32, 'همان روز سیاه کرده بودم، پوشاندم و بعد رفت، ما دو.', 'با افزایش تعداد دســتگاههاي مختلف الکترونیکی در خانــه، باید از دســتگاه کنترل از راه دور ویــژه هر کدام استفاده کرد. شاید در خانه شما نیز براي تلویزیون، گیرنده دیجیتال، پخش استریو و کولر یک کنترل از راه دور وجود داشــته باشد و احتمالا در چند سال آینده نیز بر تعداد آنها اضافه میشــود. یوگو )Ugo( ابزاري کاربردي است که میتواند جایگزین همه این دستگاههاي کنترل از راه دور شود. ســازندگان این گجت، آن را به یک چوب جادویی تشــبیه میکنند. براي اســتفاده از یوگو ابتدا باید سطح و فرمانهایی مشــخص را براي آن تعیین کرد. براي نمونه اگر میز عســلی اتاق پذیرایی بهعنوان یکی از این سطوح تعریف شــود، با هر بار قرارگیري یوگو روي آن میتوان دســتگاه تلویزیون را کنترل کرد. یوگو با قابلیت حســگر\nاثرانگشت میتواند 16 کاربر مختلف داشته باشد..با افزایش تعداد دســتگاههاي مختلف الکترونیکی در خانــه، باید از دســتگاه کنترل از راه دور ویــژه هر کدام استفاده کرد. شاید در خانه شما نیز براي تلویزیون، گیرنده دیجیتال، پخش استریو و کولر یک کنترل از راه دور وجود داشــته باشد و احتمالا در چند سال آینده نیز بر تعداد آنها اضافه میشــود. یوگو )Ugo( ابزاري کاربردي است که میتواند جایگزین همه این دستگاههاي کنترل از راه دور شود. ســازندگان این گجت، آن را به یک چوب جادویی تشــبیه میکنند. براي اســتفاده از یوگو ابتدا باید سطح و فرمانهایی مشــخص را براي آن تعیین کرد. براي نمونه اگر میز عســلی اتاق پذیرایی بهعنوان یکی از این سطوح تعریف شــود، با هر بار قرارگیري یوگو روي آن میتوان دســتگاه تلویزیون را کنترل کرد. یوگو با قابلیت حســگر\nاثرانگشت میتواند 16 کاربر مختلف داشته باشد..با افزایش تعداد دســتگاههاي مختلف الکترونیکی در خانــه، باید از دســتگاه کنترل از راه دور ویــژه هر کدام استفاده کرد. شاید در خانه شما نیز براي تلویزیون، گیرنده دیجیتال، پخش استریو و کولر یک کنترل از راه دور وجود داشــته باشد و احتمالا در چند سال آینده نیز بر تعداد آنها اضافه میشــود. یوگو )Ugo( ابزاري کاربردي است که میتواند جایگزین همه این دستگاههاي کنترل از راه دور شود. ســازندگان این گجت، آن را به یک چوب جادویی تشــبیه میکنند. براي اســتفاده از یوگو ابتدا باید سطح و فرمانهایی مشــخص را براي آن تعیین کرد. براي نمونه اگر میز عســلی اتاق پذیرایی بهعنوان یکی از این سطوح تعریف شــود، با هر بار قرارگیري یوگو روي آن میتوان دســتگاه تلویزیون را کنترل کرد. یوگو با قابلیت حســگر\nاثرانگشت میتواند 16 کاربر مختلف داشته باشد..با افزایش تعداد دســتگاههاي مختلف الکترونیکی در خانــه، باید از دســتگاه کنترل از راه دور ویــژه هر کدام استفاده کرد. شاید در خانه شما نیز براي تلویزیون، گیرنده دیجیتال، پخش استریو و کولر یک کنترل از راه دور وجود داشــته باشد و احتمالا در چند سال آینده نیز بر تعداد آنها اضافه میشــود. یوگو )Ugo( ابزاري کاربردي است که میتواند جایگزین همه این دستگاههاي کنترل از راه دور شود. ســازندگان این گجت، آن را به یک چوب جادویی تشــبیه میکنند. براي اســتفاده از یوگو ابتدا باید سطح و فرمانهایی مشــخص را براي آن تعیین کرد. براي نمونه اگر میز عســلی اتاق پذیرایی بهعنوان یکی از این سطوح تعریف شــود، با هر بار قرارگیري یوگو روي آن میتوان دســتگاه تلویزیون را کنترل کرد. یوگو با قابلیت حســگر\nاثرانگشت میتواند 16 کاربر مختلف داشته باشد..با افزایش تعداد دســتگاههاي مختلف الکترونیکی در خانــه، باید از دســتگاه کنترل از راه دور ویــژه هر کدام استفاده کرد. شاید در خانه شما نیز براي تلویزیون، گیرنده دیجیتال، پخش استریو و کولر یک کنترل از راه دور وجود داشــته باشد و احتمالا در چند سال آینده نیز بر تعداد آنها اضافه میشــود. یوگو )Ugo( ابزاري کاربردي است که میتواند جایگزین همه این دستگاههاي کنترل از راه دور شود. ســازندگان این گجت، آن را به یک چوب جادویی تشــبیه میکنند. براي اســتفاده از یوگو ابتدا باید سطح و فرمانهایی مشــخص را براي آن تعیین کرد. براي نمونه اگر میز عســلی اتاق پذیرایی بهعنوان یکی از این سطوح تعریف شــود، با هر بار قرارگیري یوگو روي آن میتوان دســتگاه تلویزیون را کنترل کرد. یوگو با قابلیت حســگر\nاثرانگشت میتواند 16 کاربر مختلف داشته باشد..', 9, 'همان-روز-سیاه-کرده-بودم-پوشاندم-و-بعد-رفت-ما-دو', '2013-04-19', '2021-11-13'),
(33, 'روزی یک بار به من بمیرم و تو فقط خستگی این بار به.', 'قرارگرفتن طولانی مدت در معرض نور خورشید میتواند\nبه بروز مشــکلاتی پوستی و حتی ســرطان منجر شود. به همین دلیل اطــلاع دقیق از میزان زمان کافی قرارگیري در برابر آفتاب میتواند ســودمند باشد. یک شرکت نوآور، نوعی برچســب طراحی کرده که روي پوســت قرار میگیرد و در صورت قرارگیــري در برابر نور به مــدت طولانی به کاربر هشدار میدهد. این محصول لاجیکاینک )LogicInk( نام دارد و از نوعی جوهر خاص ساخته شده است. هر برچسب داراي تصویر چند حلقه یا میله است که با قرارگیري در برابر نور رنگشــان بتدریج از بنفش به صورتی تغییر میکند. در صورت صورتی رنگ شــدن همه آنها، کاربر میتواند متوجه شــود که دیگر نباید در برابر آفتاب بماند. گفتنی است براي استفاده از این محصول نیازي به گوشی هوشمند نیست. هنوز قیمت لاجیکاینک و زمــان تقریبی عرضه آن به بازارهاي\nجهانی اعلام نشده است..قرارگرفتن طولانی مدت در معرض نور خورشید میتواند\nبه بروز مشــکلاتی پوستی و حتی ســرطان منجر شود. به همین دلیل اطــلاع دقیق از میزان زمان کافی قرارگیري در برابر آفتاب میتواند ســودمند باشد. یک شرکت نوآور، نوعی برچســب طراحی کرده که روي پوســت قرار میگیرد و در صورت قرارگیــري در برابر نور به مــدت طولانی به کاربر هشدار میدهد. این محصول لاجیکاینک )LogicInk( نام دارد و از نوعی جوهر خاص ساخته شده است. هر برچسب داراي تصویر چند حلقه یا میله است که با قرارگیري در برابر نور رنگشــان بتدریج از بنفش به صورتی تغییر میکند. در صورت صورتی رنگ شــدن همه آنها، کاربر میتواند متوجه شــود که دیگر نباید در برابر آفتاب بماند. گفتنی است براي استفاده از این محصول نیازي به گوشی هوشمند نیست. هنوز قیمت لاجیکاینک و زمــان تقریبی عرضه آن به بازارهاي\nجهانی اعلام نشده است..قرارگرفتن طولانی مدت در معرض نور خورشید میتواند\nبه بروز مشــکلاتی پوستی و حتی ســرطان منجر شود. به همین دلیل اطــلاع دقیق از میزان زمان کافی قرارگیري در برابر آفتاب میتواند ســودمند باشد. یک شرکت نوآور، نوعی برچســب طراحی کرده که روي پوســت قرار میگیرد و در صورت قرارگیــري در برابر نور به مــدت طولانی به کاربر هشدار میدهد. این محصول لاجیکاینک )LogicInk( نام دارد و از نوعی جوهر خاص ساخته شده است. هر برچسب داراي تصویر چند حلقه یا میله است که با قرارگیري در برابر نور رنگشــان بتدریج از بنفش به صورتی تغییر میکند. در صورت صورتی رنگ شــدن همه آنها، کاربر میتواند متوجه شــود که دیگر نباید در برابر آفتاب بماند. گفتنی است براي استفاده از این محصول نیازي به گوشی هوشمند نیست. هنوز قیمت لاجیکاینک و زمــان تقریبی عرضه آن به بازارهاي\nجهانی اعلام نشده است..قرارگرفتن طولانی مدت در معرض نور خورشید میتواند\nبه بروز مشــکلاتی پوستی و حتی ســرطان منجر شود. به همین دلیل اطــلاع دقیق از میزان زمان کافی قرارگیري در برابر آفتاب میتواند ســودمند باشد. یک شرکت نوآور، نوعی برچســب طراحی کرده که روي پوســت قرار میگیرد و در صورت قرارگیــري در برابر نور به مــدت طولانی به کاربر هشدار میدهد. این محصول لاجیکاینک )LogicInk( نام دارد و از نوعی جوهر خاص ساخته شده است. هر برچسب داراي تصویر چند حلقه یا میله است که با قرارگیري در برابر نور رنگشــان بتدریج از بنفش به صورتی تغییر میکند. در صورت صورتی رنگ شــدن همه آنها، کاربر میتواند متوجه شــود که دیگر نباید در برابر آفتاب بماند. گفتنی است براي استفاده از این محصول نیازي به گوشی هوشمند نیست. هنوز قیمت لاجیکاینک و زمــان تقریبی عرضه آن به بازارهاي\nجهانی اعلام نشده است..قرارگرفتن طولانی مدت در معرض نور خورشید میتواند\nبه بروز مشــکلاتی پوستی و حتی ســرطان منجر شود. به همین دلیل اطــلاع دقیق از میزان زمان کافی قرارگیري در برابر آفتاب میتواند ســودمند باشد. یک شرکت نوآور، نوعی برچســب طراحی کرده که روي پوســت قرار میگیرد و در صورت قرارگیــري در برابر نور به مــدت طولانی به کاربر هشدار میدهد. این محصول لاجیکاینک )LogicInk( نام دارد و از نوعی جوهر خاص ساخته شده است. هر برچسب داراي تصویر چند حلقه یا میله است که با قرارگیري در برابر نور رنگشــان بتدریج از بنفش به صورتی تغییر میکند. در صورت صورتی رنگ شــدن همه آنها، کاربر میتواند متوجه شــود که دیگر نباید در برابر آفتاب بماند. گفتنی است براي استفاده از این محصول نیازي به گوشی هوشمند نیست. هنوز قیمت لاجیکاینک و زمــان تقریبی عرضه آن به بازارهاي\nجهانی اعلام نشده است..', 19, 'روزی-یک-بار-به-من-بمیرم-و-تو-فقط-خستگی-این-بار-به', '2018-11-25', '2022-01-27'),
(34, 'و بعد غبغب انداخت و گچ خواهند کرد. که یکی دیگر از.', 'قرارگرفتن طولانی مدت در معرض نور خورشید میتواند\nبه بروز مشــکلاتی پوستی و حتی ســرطان منجر شود. به همین دلیل اطــلاع دقیق از میزان زمان کافی قرارگیري در برابر آفتاب میتواند ســودمند باشد. یک شرکت نوآور، نوعی برچســب طراحی کرده که روي پوســت قرار میگیرد و در صورت قرارگیــري در برابر نور به مــدت طولانی به کاربر هشدار میدهد. این محصول لاجیکاینک )LogicInk( نام دارد و از نوعی جوهر خاص ساخته شده است. هر برچسب داراي تصویر چند حلقه یا میله است که با قرارگیري در برابر نور رنگشــان بتدریج از بنفش به صورتی تغییر میکند. در صورت صورتی رنگ شــدن همه آنها، کاربر میتواند متوجه شــود که دیگر نباید در برابر آفتاب بماند. گفتنی است براي استفاده از این محصول نیازي به گوشی هوشمند نیست. هنوز قیمت لاجیکاینک و زمــان تقریبی عرضه آن به بازارهاي\nجهانی اعلام نشده است..قرارگرفتن طولانی مدت در معرض نور خورشید میتواند\nبه بروز مشــکلاتی پوستی و حتی ســرطان منجر شود. به همین دلیل اطــلاع دقیق از میزان زمان کافی قرارگیري در برابر آفتاب میتواند ســودمند باشد. یک شرکت نوآور، نوعی برچســب طراحی کرده که روي پوســت قرار میگیرد و در صورت قرارگیــري در برابر نور به مــدت طولانی به کاربر هشدار میدهد. این محصول لاجیکاینک )LogicInk( نام دارد و از نوعی جوهر خاص ساخته شده است. هر برچسب داراي تصویر چند حلقه یا میله است که با قرارگیري در برابر نور رنگشــان بتدریج از بنفش به صورتی تغییر میکند. در صورت صورتی رنگ شــدن همه آنها، کاربر میتواند متوجه شــود که دیگر نباید در برابر آفتاب بماند. گفتنی است براي استفاده از این محصول نیازي به گوشی هوشمند نیست. هنوز قیمت لاجیکاینک و زمــان تقریبی عرضه آن به بازارهاي\nجهانی اعلام نشده است..قرارگرفتن طولانی مدت در معرض نور خورشید میتواند\nبه بروز مشــکلاتی پوستی و حتی ســرطان منجر شود. به همین دلیل اطــلاع دقیق از میزان زمان کافی قرارگیري در برابر آفتاب میتواند ســودمند باشد. یک شرکت نوآور، نوعی برچســب طراحی کرده که روي پوســت قرار میگیرد و در صورت قرارگیــري در برابر نور به مــدت طولانی به کاربر هشدار میدهد. این محصول لاجیکاینک )LogicInk( نام دارد و از نوعی جوهر خاص ساخته شده است. هر برچسب داراي تصویر چند حلقه یا میله است که با قرارگیري در برابر نور رنگشــان بتدریج از بنفش به صورتی تغییر میکند. در صورت صورتی رنگ شــدن همه آنها، کاربر میتواند متوجه شــود که دیگر نباید در برابر آفتاب بماند. گفتنی است براي استفاده از این محصول نیازي به گوشی هوشمند نیست. هنوز قیمت لاجیکاینک و زمــان تقریبی عرضه آن به بازارهاي\nجهانی اعلام نشده است..قرارگرفتن طولانی مدت در معرض نور خورشید میتواند\nبه بروز مشــکلاتی پوستی و حتی ســرطان منجر شود. به همین دلیل اطــلاع دقیق از میزان زمان کافی قرارگیري در برابر آفتاب میتواند ســودمند باشد. یک شرکت نوآور، نوعی برچســب طراحی کرده که روي پوســت قرار میگیرد و در صورت قرارگیــري در برابر نور به مــدت طولانی به کاربر هشدار میدهد. این محصول لاجیکاینک )LogicInk( نام دارد و از نوعی جوهر خاص ساخته شده است. هر برچسب داراي تصویر چند حلقه یا میله است که با قرارگیري در برابر نور رنگشــان بتدریج از بنفش به صورتی تغییر میکند. در صورت صورتی رنگ شــدن همه آنها، کاربر میتواند متوجه شــود که دیگر نباید در برابر آفتاب بماند. گفتنی است براي استفاده از این محصول نیازي به گوشی هوشمند نیست. هنوز قیمت لاجیکاینک و زمــان تقریبی عرضه آن به بازارهاي\nجهانی اعلام نشده است..قرارگرفتن طولانی مدت در معرض نور خورشید میتواند\nبه بروز مشــکلاتی پوستی و حتی ســرطان منجر شود. به همین دلیل اطــلاع دقیق از میزان زمان کافی قرارگیري در برابر آفتاب میتواند ســودمند باشد. یک شرکت نوآور، نوعی برچســب طراحی کرده که روي پوســت قرار میگیرد و در صورت قرارگیــري در برابر نور به مــدت طولانی به کاربر هشدار میدهد. این محصول لاجیکاینک )LogicInk( نام دارد و از نوعی جوهر خاص ساخته شده است. هر برچسب داراي تصویر چند حلقه یا میله است که با قرارگیري در برابر نور رنگشــان بتدریج از بنفش به صورتی تغییر میکند. در صورت صورتی رنگ شــدن همه آنها، کاربر میتواند متوجه شــود که دیگر نباید در برابر آفتاب بماند. گفتنی است براي استفاده از این محصول نیازي به گوشی هوشمند نیست. هنوز قیمت لاجیکاینک و زمــان تقریبی عرضه آن به بازارهاي\nجهانی اعلام نشده است..', 19, 'و-بعد-غبغب-انداخت-و-گچ-خواهند-کرد-که-یکی-دیگر-از', '2020-06-25', '2022-01-10');
INSERT INTO `articles` (`id`, `subject`, `body`, `user_id`, `slug`, `created_at`, `updated_at`) VALUES
(35, 'می‌زند. زن سفیدرویی بود با دهان گشاد و موهای.', 'شــرکت کالگیت بتازگی از محصــول جدید خود با نام E1 رونمایی کرده که یک مســواك برقی هوشمند است. این مســواك با بهرهگیري از حسگرهاي مختلف خود میتواند موقعیت و زمان صرف شده براي مسواك زدن بخشهاي مختلف دهان را تعیین کند و در صورت جاماندن هر بخشی از دندانها، آن را به کاربر اعلام کند. همچنین الگوریتم خاص این مســواك میتواند بتدریج با عادتهاي کاربر آشــنا شده و توصیههایی دقیقتر به\nاو ارائه دهد. نرمافزار این مســواك بر اســاس پلتفرم ResearchKit شــرکت اپل توسعهیافته است. این پلتفرم براي کمک به پژوهشگران و توسهدهندگان تجهیزات مرتبط با سلامت و پزشکی طراحی شده است. مسواك E1 ارتعاشاتی با امواج صوتی ایجاد کرده که به تمیزتر شــدن دندانها و از بین بردن بهتر مواد زاید روي آنها کمک میکند. باتري\nاین مسواك با هر بار شارژ میتواند تا ده روز کار کند. قیمت این محصول 96 دلار است..شــرکت کالگیت بتازگی از محصــول جدید خود با نام E1 رونمایی کرده که یک مســواك برقی هوشمند است. این مســواك با بهرهگیري از حسگرهاي مختلف خود میتواند موقعیت و زمان صرف شده براي مسواك زدن بخشهاي مختلف دهان را تعیین کند و در صورت جاماندن هر بخشی از دندانها، آن را به کاربر اعلام کند. همچنین الگوریتم خاص این مســواك میتواند بتدریج با عادتهاي کاربر آشــنا شده و توصیههایی دقیقتر به\nاو ارائه دهد. نرمافزار این مســواك بر اســاس پلتفرم ResearchKit شــرکت اپل توسعهیافته است. این پلتفرم براي کمک به پژوهشگران و توسهدهندگان تجهیزات مرتبط با سلامت و پزشکی طراحی شده است. مسواك E1 ارتعاشاتی با امواج صوتی ایجاد کرده که به تمیزتر شــدن دندانها و از بین بردن بهتر مواد زاید روي آنها کمک میکند. باتري\nاین مسواك با هر بار شارژ میتواند تا ده روز کار کند. قیمت این محصول 96 دلار است..شــرکت کالگیت بتازگی از محصــول جدید خود با نام E1 رونمایی کرده که یک مســواك برقی هوشمند است. این مســواك با بهرهگیري از حسگرهاي مختلف خود میتواند موقعیت و زمان صرف شده براي مسواك زدن بخشهاي مختلف دهان را تعیین کند و در صورت جاماندن هر بخشی از دندانها، آن را به کاربر اعلام کند. همچنین الگوریتم خاص این مســواك میتواند بتدریج با عادتهاي کاربر آشــنا شده و توصیههایی دقیقتر به\nاو ارائه دهد. نرمافزار این مســواك بر اســاس پلتفرم ResearchKit شــرکت اپل توسعهیافته است. این پلتفرم براي کمک به پژوهشگران و توسهدهندگان تجهیزات مرتبط با سلامت و پزشکی طراحی شده است. مسواك E1 ارتعاشاتی با امواج صوتی ایجاد کرده که به تمیزتر شــدن دندانها و از بین بردن بهتر مواد زاید روي آنها کمک میکند. باتري\nاین مسواك با هر بار شارژ میتواند تا ده روز کار کند. قیمت این محصول 96 دلار است..شــرکت کالگیت بتازگی از محصــول جدید خود با نام E1 رونمایی کرده که یک مســواك برقی هوشمند است. این مســواك با بهرهگیري از حسگرهاي مختلف خود میتواند موقعیت و زمان صرف شده براي مسواك زدن بخشهاي مختلف دهان را تعیین کند و در صورت جاماندن هر بخشی از دندانها، آن را به کاربر اعلام کند. همچنین الگوریتم خاص این مســواك میتواند بتدریج با عادتهاي کاربر آشــنا شده و توصیههایی دقیقتر به\nاو ارائه دهد. نرمافزار این مســواك بر اســاس پلتفرم ResearchKit شــرکت اپل توسعهیافته است. این پلتفرم براي کمک به پژوهشگران و توسهدهندگان تجهیزات مرتبط با سلامت و پزشکی طراحی شده است. مسواك E1 ارتعاشاتی با امواج صوتی ایجاد کرده که به تمیزتر شــدن دندانها و از بین بردن بهتر مواد زاید روي آنها کمک میکند. باتري\nاین مسواك با هر بار شارژ میتواند تا ده روز کار کند. قیمت این محصول 96 دلار است..شــرکت کالگیت بتازگی از محصــول جدید خود با نام E1 رونمایی کرده که یک مســواك برقی هوشمند است. این مســواك با بهرهگیري از حسگرهاي مختلف خود میتواند موقعیت و زمان صرف شده براي مسواك زدن بخشهاي مختلف دهان را تعیین کند و در صورت جاماندن هر بخشی از دندانها، آن را به کاربر اعلام کند. همچنین الگوریتم خاص این مســواك میتواند بتدریج با عادتهاي کاربر آشــنا شده و توصیههایی دقیقتر به\nاو ارائه دهد. نرمافزار این مســواك بر اســاس پلتفرم ResearchKit شــرکت اپل توسعهیافته است. این پلتفرم براي کمک به پژوهشگران و توسهدهندگان تجهیزات مرتبط با سلامت و پزشکی طراحی شده است. مسواك E1 ارتعاشاتی با امواج صوتی ایجاد کرده که به تمیزتر شــدن دندانها و از بین بردن بهتر مواد زاید روي آنها کمک میکند. باتري\nاین مسواك با هر بار شارژ میتواند تا ده روز کار کند. قیمت این محصول 96 دلار است..', 15, 'میزند-زن-سفیدرویی-بود-با-دهان-گشاد-و-موهای', '2014-11-04', '2022-04-16'),
(36, 'و علیک و نشستند. خدایا دیگر چه اتفاقی افتاده است؟.', 'چند ســال بعد از عرضه دســتیار صوتی توسط شرکتهاي بزرگ نظیر آمازون و گوگل، مدتی است شرکتهاي دیگري نیز به این حوزه علاقه نشان دادهاند. شــرکت JBL اخیرا از محصول جدیدي به نام لینک ویو )Link View( رونمایی کرد که با همکاري گوگل طراحی شــده اســت. این محصول داراي یک نمایشگر هشت اینچی است و برخلاف دیگر دســتیارهاي صوتی که فاقد چنین قابلیتی هستند، به کاربر امکان مشاهده وضعیت و انتخاب گزینههاي موردنظر را از طریق لمس میدهد. این نمایشگر از وضوح 1280 در 720 پیکسلی برخوردار اســت، اما یکی از نقاط قوت این گجت، به اســپیکرهاي آن مربوط میشود. شرکت JBL به دلیل تولید اسپیکرهاي باکیفیت شهرت دارد و در این محصول نیز دو اسپیکر 10 واتی را گنجانده که امکان پخش صدا با کیفیتی عالی را در اختیار کاربر قرار میدهد. هنوز قیمت JBL\nلینک ویو که تابستان 97 به بازار عرضه میشود، اعلام نشده است..چند ســال بعد از عرضه دســتیار صوتی توسط شرکتهاي بزرگ نظیر آمازون و گوگل، مدتی است شرکتهاي دیگري نیز به این حوزه علاقه نشان دادهاند. شــرکت JBL اخیرا از محصول جدیدي به نام لینک ویو )Link View( رونمایی کرد که با همکاري گوگل طراحی شــده اســت. این محصول داراي یک نمایشگر هشت اینچی است و برخلاف دیگر دســتیارهاي صوتی که فاقد چنین قابلیتی هستند، به کاربر امکان مشاهده وضعیت و انتخاب گزینههاي موردنظر را از طریق لمس میدهد. این نمایشگر از وضوح 1280 در 720 پیکسلی برخوردار اســت، اما یکی از نقاط قوت این گجت، به اســپیکرهاي آن مربوط میشود. شرکت JBL به دلیل تولید اسپیکرهاي باکیفیت شهرت دارد و در این محصول نیز دو اسپیکر 10 واتی را گنجانده که امکان پخش صدا با کیفیتی عالی را در اختیار کاربر قرار میدهد. هنوز قیمت JBL\nلینک ویو که تابستان 97 به بازار عرضه میشود، اعلام نشده است..چند ســال بعد از عرضه دســتیار صوتی توسط شرکتهاي بزرگ نظیر آمازون و گوگل، مدتی است شرکتهاي دیگري نیز به این حوزه علاقه نشان دادهاند. شــرکت JBL اخیرا از محصول جدیدي به نام لینک ویو )Link View( رونمایی کرد که با همکاري گوگل طراحی شــده اســت. این محصول داراي یک نمایشگر هشت اینچی است و برخلاف دیگر دســتیارهاي صوتی که فاقد چنین قابلیتی هستند، به کاربر امکان مشاهده وضعیت و انتخاب گزینههاي موردنظر را از طریق لمس میدهد. این نمایشگر از وضوح 1280 در 720 پیکسلی برخوردار اســت، اما یکی از نقاط قوت این گجت، به اســپیکرهاي آن مربوط میشود. شرکت JBL به دلیل تولید اسپیکرهاي باکیفیت شهرت دارد و در این محصول نیز دو اسپیکر 10 واتی را گنجانده که امکان پخش صدا با کیفیتی عالی را در اختیار کاربر قرار میدهد. هنوز قیمت JBL\nلینک ویو که تابستان 97 به بازار عرضه میشود، اعلام نشده است..چند ســال بعد از عرضه دســتیار صوتی توسط شرکتهاي بزرگ نظیر آمازون و گوگل، مدتی است شرکتهاي دیگري نیز به این حوزه علاقه نشان دادهاند. شــرکت JBL اخیرا از محصول جدیدي به نام لینک ویو )Link View( رونمایی کرد که با همکاري گوگل طراحی شــده اســت. این محصول داراي یک نمایشگر هشت اینچی است و برخلاف دیگر دســتیارهاي صوتی که فاقد چنین قابلیتی هستند، به کاربر امکان مشاهده وضعیت و انتخاب گزینههاي موردنظر را از طریق لمس میدهد. این نمایشگر از وضوح 1280 در 720 پیکسلی برخوردار اســت، اما یکی از نقاط قوت این گجت، به اســپیکرهاي آن مربوط میشود. شرکت JBL به دلیل تولید اسپیکرهاي باکیفیت شهرت دارد و در این محصول نیز دو اسپیکر 10 واتی را گنجانده که امکان پخش صدا با کیفیتی عالی را در اختیار کاربر قرار میدهد. هنوز قیمت JBL\nلینک ویو که تابستان 97 به بازار عرضه میشود، اعلام نشده است..چند ســال بعد از عرضه دســتیار صوتی توسط شرکتهاي بزرگ نظیر آمازون و گوگل، مدتی است شرکتهاي دیگري نیز به این حوزه علاقه نشان دادهاند. شــرکت JBL اخیرا از محصول جدیدي به نام لینک ویو )Link View( رونمایی کرد که با همکاري گوگل طراحی شــده اســت. این محصول داراي یک نمایشگر هشت اینچی است و برخلاف دیگر دســتیارهاي صوتی که فاقد چنین قابلیتی هستند، به کاربر امکان مشاهده وضعیت و انتخاب گزینههاي موردنظر را از طریق لمس میدهد. این نمایشگر از وضوح 1280 در 720 پیکسلی برخوردار اســت، اما یکی از نقاط قوت این گجت، به اســپیکرهاي آن مربوط میشود. شرکت JBL به دلیل تولید اسپیکرهاي باکیفیت شهرت دارد و در این محصول نیز دو اسپیکر 10 واتی را گنجانده که امکان پخش صدا با کیفیتی عالی را در اختیار کاربر قرار میدهد. هنوز قیمت JBL\nلینک ویو که تابستان 97 به بازار عرضه میشود، اعلام نشده است..', 11, 'و-علیک-و-نشستند-خدایا-دیگر-چه-اتفاقی-افتاده-است', '2017-07-24', '2022-01-02'),
(37, 'هفته‌ای مثل سگ بود. عصبانی، پر سر و صدا و شارت و.', 'چند ســال بعد از عرضه دســتیار صوتی توسط شرکتهاي بزرگ نظیر آمازون و گوگل، مدتی است شرکتهاي دیگري نیز به این حوزه علاقه نشان دادهاند. شــرکت JBL اخیرا از محصول جدیدي به نام لینک ویو )Link View( رونمایی کرد که با همکاري گوگل طراحی شــده اســت. این محصول داراي یک نمایشگر هشت اینچی است و برخلاف دیگر دســتیارهاي صوتی که فاقد چنین قابلیتی هستند، به کاربر امکان مشاهده وضعیت و انتخاب گزینههاي موردنظر را از طریق لمس میدهد. این نمایشگر از وضوح 1280 در 720 پیکسلی برخوردار اســت، اما یکی از نقاط قوت این گجت، به اســپیکرهاي آن مربوط میشود. شرکت JBL به دلیل تولید اسپیکرهاي باکیفیت شهرت دارد و در این محصول نیز دو اسپیکر 10 واتی را گنجانده که امکان پخش صدا با کیفیتی عالی را در اختیار کاربر قرار میدهد. هنوز قیمت JBL\nلینک ویو که تابستان 97 به بازار عرضه میشود، اعلام نشده است..چند ســال بعد از عرضه دســتیار صوتی توسط شرکتهاي بزرگ نظیر آمازون و گوگل، مدتی است شرکتهاي دیگري نیز به این حوزه علاقه نشان دادهاند. شــرکت JBL اخیرا از محصول جدیدي به نام لینک ویو )Link View( رونمایی کرد که با همکاري گوگل طراحی شــده اســت. این محصول داراي یک نمایشگر هشت اینچی است و برخلاف دیگر دســتیارهاي صوتی که فاقد چنین قابلیتی هستند، به کاربر امکان مشاهده وضعیت و انتخاب گزینههاي موردنظر را از طریق لمس میدهد. این نمایشگر از وضوح 1280 در 720 پیکسلی برخوردار اســت، اما یکی از نقاط قوت این گجت، به اســپیکرهاي آن مربوط میشود. شرکت JBL به دلیل تولید اسپیکرهاي باکیفیت شهرت دارد و در این محصول نیز دو اسپیکر 10 واتی را گنجانده که امکان پخش صدا با کیفیتی عالی را در اختیار کاربر قرار میدهد. هنوز قیمت JBL\nلینک ویو که تابستان 97 به بازار عرضه میشود، اعلام نشده است..چند ســال بعد از عرضه دســتیار صوتی توسط شرکتهاي بزرگ نظیر آمازون و گوگل، مدتی است شرکتهاي دیگري نیز به این حوزه علاقه نشان دادهاند. شــرکت JBL اخیرا از محصول جدیدي به نام لینک ویو )Link View( رونمایی کرد که با همکاري گوگل طراحی شــده اســت. این محصول داراي یک نمایشگر هشت اینچی است و برخلاف دیگر دســتیارهاي صوتی که فاقد چنین قابلیتی هستند، به کاربر امکان مشاهده وضعیت و انتخاب گزینههاي موردنظر را از طریق لمس میدهد. این نمایشگر از وضوح 1280 در 720 پیکسلی برخوردار اســت، اما یکی از نقاط قوت این گجت، به اســپیکرهاي آن مربوط میشود. شرکت JBL به دلیل تولید اسپیکرهاي باکیفیت شهرت دارد و در این محصول نیز دو اسپیکر 10 واتی را گنجانده که امکان پخش صدا با کیفیتی عالی را در اختیار کاربر قرار میدهد. هنوز قیمت JBL\nلینک ویو که تابستان 97 به بازار عرضه میشود، اعلام نشده است..چند ســال بعد از عرضه دســتیار صوتی توسط شرکتهاي بزرگ نظیر آمازون و گوگل، مدتی است شرکتهاي دیگري نیز به این حوزه علاقه نشان دادهاند. شــرکت JBL اخیرا از محصول جدیدي به نام لینک ویو )Link View( رونمایی کرد که با همکاري گوگل طراحی شــده اســت. این محصول داراي یک نمایشگر هشت اینچی است و برخلاف دیگر دســتیارهاي صوتی که فاقد چنین قابلیتی هستند، به کاربر امکان مشاهده وضعیت و انتخاب گزینههاي موردنظر را از طریق لمس میدهد. این نمایشگر از وضوح 1280 در 720 پیکسلی برخوردار اســت، اما یکی از نقاط قوت این گجت، به اســپیکرهاي آن مربوط میشود. شرکت JBL به دلیل تولید اسپیکرهاي باکیفیت شهرت دارد و در این محصول نیز دو اسپیکر 10 واتی را گنجانده که امکان پخش صدا با کیفیتی عالی را در اختیار کاربر قرار میدهد. هنوز قیمت JBL\nلینک ویو که تابستان 97 به بازار عرضه میشود، اعلام نشده است..چند ســال بعد از عرضه دســتیار صوتی توسط شرکتهاي بزرگ نظیر آمازون و گوگل، مدتی است شرکتهاي دیگري نیز به این حوزه علاقه نشان دادهاند. شــرکت JBL اخیرا از محصول جدیدي به نام لینک ویو )Link View( رونمایی کرد که با همکاري گوگل طراحی شــده اســت. این محصول داراي یک نمایشگر هشت اینچی است و برخلاف دیگر دســتیارهاي صوتی که فاقد چنین قابلیتی هستند، به کاربر امکان مشاهده وضعیت و انتخاب گزینههاي موردنظر را از طریق لمس میدهد. این نمایشگر از وضوح 1280 در 720 پیکسلی برخوردار اســت، اما یکی از نقاط قوت این گجت، به اســپیکرهاي آن مربوط میشود. شرکت JBL به دلیل تولید اسپیکرهاي باکیفیت شهرت دارد و در این محصول نیز دو اسپیکر 10 واتی را گنجانده که امکان پخش صدا با کیفیتی عالی را در اختیار کاربر قرار میدهد. هنوز قیمت JBL\nلینک ویو که تابستان 97 به بازار عرضه میشود، اعلام نشده است..', 4, 'هفتهای-مثل-سگ-بود-عصبانی-پر-سر-و-صدا-و-شارت-و', '2018-12-20', '2022-02-17'),
(38, 'و دشوارترین کار همین بود که رعایت حال بچه‌های قد.', 'یکی از مشکلات اصلی ساعتهاي هوشمند، تمام شدن سریع شارژ آنهاست. در این میان، ماتریکس پاورواچ )Matrix PowerWatch( رویکردي متفاوت را در پیش گرفته و از یک فناوري قدیمیتر براي تامین انرژي موردنیاز دســتگاه استفاده میکند. در این فناوري، گرماي مچ دســت کاربر که با ســاعت در تماس است، مورد استفاده قرار میگیرد. ساعت هوشمند ماتریکس پاورواچ با استفاده از فناوري بلوتوث میتواند اعلانات مختلف )نظیر تماس یا پیامک دریافتی( را به اطلاع کاربر\nبرســاند. این گجت همچنین برخی کاربردهاي دستبندهاي\nهوشمند ورزشــی )نظیر نمایش میزان کالري مصرف شده\nطی فعالیت فیزیکی( را نیز در خود دارد. ماتریکس پاورواچ\nضدآب بوده و میتواند تا 200 متر زیر آب همچنان کار کند.\nهمچنین تیم طراحی این محصول کوشیده ساختاري مقاوم\nدر شرایط مختلف را براي آن ایجاد کند. هنوز هیچ اطلاعاتی\nدرباره زمان عرضه و قیمت این محصول اعلام نشده است.یکی از مشکلات اصلی ساعتهاي هوشمند، تمام شدن سریع شارژ آنهاست. در این میان، ماتریکس پاورواچ )Matrix PowerWatch( رویکردي متفاوت را در پیش گرفته و از یک فناوري قدیمیتر براي تامین انرژي موردنیاز دســتگاه استفاده میکند. در این فناوري، گرماي مچ دســت کاربر که با ســاعت در تماس است، مورد استفاده قرار میگیرد. ساعت هوشمند ماتریکس پاورواچ با استفاده از فناوري بلوتوث میتواند اعلانات مختلف )نظیر تماس یا پیامک دریافتی( را به اطلاع کاربر\nبرســاند. این گجت همچنین برخی کاربردهاي دستبندهاي\nهوشمند ورزشــی )نظیر نمایش میزان کالري مصرف شده\nطی فعالیت فیزیکی( را نیز در خود دارد. ماتریکس پاورواچ\nضدآب بوده و میتواند تا 200 متر زیر آب همچنان کار کند.\nهمچنین تیم طراحی این محصول کوشیده ساختاري مقاوم\nدر شرایط مختلف را براي آن ایجاد کند. هنوز هیچ اطلاعاتی\nدرباره زمان عرضه و قیمت این محصول اعلام نشده است.یکی از مشکلات اصلی ساعتهاي هوشمند، تمام شدن سریع شارژ آنهاست. در این میان، ماتریکس پاورواچ )Matrix PowerWatch( رویکردي متفاوت را در پیش گرفته و از یک فناوري قدیمیتر براي تامین انرژي موردنیاز دســتگاه استفاده میکند. در این فناوري، گرماي مچ دســت کاربر که با ســاعت در تماس است، مورد استفاده قرار میگیرد. ساعت هوشمند ماتریکس پاورواچ با استفاده از فناوري بلوتوث میتواند اعلانات مختلف )نظیر تماس یا پیامک دریافتی( را به اطلاع کاربر\nبرســاند. این گجت همچنین برخی کاربردهاي دستبندهاي\nهوشمند ورزشــی )نظیر نمایش میزان کالري مصرف شده\nطی فعالیت فیزیکی( را نیز در خود دارد. ماتریکس پاورواچ\nضدآب بوده و میتواند تا 200 متر زیر آب همچنان کار کند.\nهمچنین تیم طراحی این محصول کوشیده ساختاري مقاوم\nدر شرایط مختلف را براي آن ایجاد کند. هنوز هیچ اطلاعاتی\nدرباره زمان عرضه و قیمت این محصول اعلام نشده است.یکی از مشکلات اصلی ساعتهاي هوشمند، تمام شدن سریع شارژ آنهاست. در این میان، ماتریکس پاورواچ )Matrix PowerWatch( رویکردي متفاوت را در پیش گرفته و از یک فناوري قدیمیتر براي تامین انرژي موردنیاز دســتگاه استفاده میکند. در این فناوري، گرماي مچ دســت کاربر که با ســاعت در تماس است، مورد استفاده قرار میگیرد. ساعت هوشمند ماتریکس پاورواچ با استفاده از فناوري بلوتوث میتواند اعلانات مختلف )نظیر تماس یا پیامک دریافتی( را به اطلاع کاربر\nبرســاند. این گجت همچنین برخی کاربردهاي دستبندهاي\nهوشمند ورزشــی )نظیر نمایش میزان کالري مصرف شده\nطی فعالیت فیزیکی( را نیز در خود دارد. ماتریکس پاورواچ\nضدآب بوده و میتواند تا 200 متر زیر آب همچنان کار کند.\nهمچنین تیم طراحی این محصول کوشیده ساختاري مقاوم\nدر شرایط مختلف را براي آن ایجاد کند. هنوز هیچ اطلاعاتی\nدرباره زمان عرضه و قیمت این محصول اعلام نشده است.یکی از مشکلات اصلی ساعتهاي هوشمند، تمام شدن سریع شارژ آنهاست. در این میان، ماتریکس پاورواچ )Matrix PowerWatch( رویکردي متفاوت را در پیش گرفته و از یک فناوري قدیمیتر براي تامین انرژي موردنیاز دســتگاه استفاده میکند. در این فناوري، گرماي مچ دســت کاربر که با ســاعت در تماس است، مورد استفاده قرار میگیرد. ساعت هوشمند ماتریکس پاورواچ با استفاده از فناوري بلوتوث میتواند اعلانات مختلف )نظیر تماس یا پیامک دریافتی( را به اطلاع کاربر\nبرســاند. این گجت همچنین برخی کاربردهاي دستبندهاي\nهوشمند ورزشــی )نظیر نمایش میزان کالري مصرف شده\nطی فعالیت فیزیکی( را نیز در خود دارد. ماتریکس پاورواچ\nضدآب بوده و میتواند تا 200 متر زیر آب همچنان کار کند.\nهمچنین تیم طراحی این محصول کوشیده ساختاري مقاوم\nدر شرایط مختلف را براي آن ایجاد کند. هنوز هیچ اطلاعاتی\nدرباره زمان عرضه و قیمت این محصول اعلام نشده است.', 16, 'و-دشوارترین-کار-همین-بود-که-رعایت-حال-بچههای-قد', '2014-01-16', '2022-03-14'),
(39, 'این که صدایش را در آن زندانی کرده بودم. هر روز نیم.', 'شــرکت کالگیت بتازگی از محصــول جدید خود با نام E1 رونمایی کرده که یک مســواك برقی هوشمند است. این مســواك با بهرهگیري از حسگرهاي مختلف خود میتواند موقعیت و زمان صرف شده براي مسواك زدن بخشهاي مختلف دهان را تعیین کند و در صورت جاماندن هر بخشی از دندانها، آن را به کاربر اعلام کند. همچنین الگوریتم خاص این مســواك میتواند بتدریج با عادتهاي کاربر آشــنا شده و توصیههایی دقیقتر به\nاو ارائه دهد. نرمافزار این مســواك بر اســاس پلتفرم ResearchKit شــرکت اپل توسعهیافته است. این پلتفرم براي کمک به پژوهشگران و توسهدهندگان تجهیزات مرتبط با سلامت و پزشکی طراحی شده است. مسواك E1 ارتعاشاتی با امواج صوتی ایجاد کرده که به تمیزتر شــدن دندانها و از بین بردن بهتر مواد زاید روي آنها کمک میکند. باتري\nاین مسواك با هر بار شارژ میتواند تا ده روز کار کند. قیمت این محصول 96 دلار است..شــرکت کالگیت بتازگی از محصــول جدید خود با نام E1 رونمایی کرده که یک مســواك برقی هوشمند است. این مســواك با بهرهگیري از حسگرهاي مختلف خود میتواند موقعیت و زمان صرف شده براي مسواك زدن بخشهاي مختلف دهان را تعیین کند و در صورت جاماندن هر بخشی از دندانها، آن را به کاربر اعلام کند. همچنین الگوریتم خاص این مســواك میتواند بتدریج با عادتهاي کاربر آشــنا شده و توصیههایی دقیقتر به\nاو ارائه دهد. نرمافزار این مســواك بر اســاس پلتفرم ResearchKit شــرکت اپل توسعهیافته است. این پلتفرم براي کمک به پژوهشگران و توسهدهندگان تجهیزات مرتبط با سلامت و پزشکی طراحی شده است. مسواك E1 ارتعاشاتی با امواج صوتی ایجاد کرده که به تمیزتر شــدن دندانها و از بین بردن بهتر مواد زاید روي آنها کمک میکند. باتري\nاین مسواك با هر بار شارژ میتواند تا ده روز کار کند. قیمت این محصول 96 دلار است..شــرکت کالگیت بتازگی از محصــول جدید خود با نام E1 رونمایی کرده که یک مســواك برقی هوشمند است. این مســواك با بهرهگیري از حسگرهاي مختلف خود میتواند موقعیت و زمان صرف شده براي مسواك زدن بخشهاي مختلف دهان را تعیین کند و در صورت جاماندن هر بخشی از دندانها، آن را به کاربر اعلام کند. همچنین الگوریتم خاص این مســواك میتواند بتدریج با عادتهاي کاربر آشــنا شده و توصیههایی دقیقتر به\nاو ارائه دهد. نرمافزار این مســواك بر اســاس پلتفرم ResearchKit شــرکت اپل توسعهیافته است. این پلتفرم براي کمک به پژوهشگران و توسهدهندگان تجهیزات مرتبط با سلامت و پزشکی طراحی شده است. مسواك E1 ارتعاشاتی با امواج صوتی ایجاد کرده که به تمیزتر شــدن دندانها و از بین بردن بهتر مواد زاید روي آنها کمک میکند. باتري\nاین مسواك با هر بار شارژ میتواند تا ده روز کار کند. قیمت این محصول 96 دلار است..شــرکت کالگیت بتازگی از محصــول جدید خود با نام E1 رونمایی کرده که یک مســواك برقی هوشمند است. این مســواك با بهرهگیري از حسگرهاي مختلف خود میتواند موقعیت و زمان صرف شده براي مسواك زدن بخشهاي مختلف دهان را تعیین کند و در صورت جاماندن هر بخشی از دندانها، آن را به کاربر اعلام کند. همچنین الگوریتم خاص این مســواك میتواند بتدریج با عادتهاي کاربر آشــنا شده و توصیههایی دقیقتر به\nاو ارائه دهد. نرمافزار این مســواك بر اســاس پلتفرم ResearchKit شــرکت اپل توسعهیافته است. این پلتفرم براي کمک به پژوهشگران و توسهدهندگان تجهیزات مرتبط با سلامت و پزشکی طراحی شده است. مسواك E1 ارتعاشاتی با امواج صوتی ایجاد کرده که به تمیزتر شــدن دندانها و از بین بردن بهتر مواد زاید روي آنها کمک میکند. باتري\nاین مسواك با هر بار شارژ میتواند تا ده روز کار کند. قیمت این محصول 96 دلار است..شــرکت کالگیت بتازگی از محصــول جدید خود با نام E1 رونمایی کرده که یک مســواك برقی هوشمند است. این مســواك با بهرهگیري از حسگرهاي مختلف خود میتواند موقعیت و زمان صرف شده براي مسواك زدن بخشهاي مختلف دهان را تعیین کند و در صورت جاماندن هر بخشی از دندانها، آن را به کاربر اعلام کند. همچنین الگوریتم خاص این مســواك میتواند بتدریج با عادتهاي کاربر آشــنا شده و توصیههایی دقیقتر به\nاو ارائه دهد. نرمافزار این مســواك بر اســاس پلتفرم ResearchKit شــرکت اپل توسعهیافته است. این پلتفرم براي کمک به پژوهشگران و توسهدهندگان تجهیزات مرتبط با سلامت و پزشکی طراحی شده است. مسواك E1 ارتعاشاتی با امواج صوتی ایجاد کرده که به تمیزتر شــدن دندانها و از بین بردن بهتر مواد زاید روي آنها کمک میکند. باتري\nاین مسواك با هر بار شارژ میتواند تا ده روز کار کند. قیمت این محصول 96 دلار است..', 11, 'این-که-صدایش-را-در-آن-زندانی-کرده-بودم-هر-روز-نیم', '2019-09-14', '2022-04-24'),
(40, 'حسابی نشنیده که رفته سر دیوار. که پشت سرم گرپ.', 'با افزایش تعداد دســتگاههاي مختلف الکترونیکی در خانــه، باید از دســتگاه کنترل از راه دور ویــژه هر کدام استفاده کرد. شاید در خانه شما نیز براي تلویزیون، گیرنده دیجیتال، پخش استریو و کولر یک کنترل از راه دور وجود داشــته باشد و احتمالا در چند سال آینده نیز بر تعداد آنها اضافه میشــود. یوگو )Ugo( ابزاري کاربردي است که میتواند جایگزین همه این دستگاههاي کنترل از راه دور شود. ســازندگان این گجت، آن را به یک چوب جادویی تشــبیه میکنند. براي اســتفاده از یوگو ابتدا باید سطح و فرمانهایی مشــخص را براي آن تعیین کرد. براي نمونه اگر میز عســلی اتاق پذیرایی بهعنوان یکی از این سطوح تعریف شــود، با هر بار قرارگیري یوگو روي آن میتوان دســتگاه تلویزیون را کنترل کرد. یوگو با قابلیت حســگر\nاثرانگشت میتواند 16 کاربر مختلف داشته باشد..با افزایش تعداد دســتگاههاي مختلف الکترونیکی در خانــه، باید از دســتگاه کنترل از راه دور ویــژه هر کدام استفاده کرد. شاید در خانه شما نیز براي تلویزیون، گیرنده دیجیتال، پخش استریو و کولر یک کنترل از راه دور وجود داشــته باشد و احتمالا در چند سال آینده نیز بر تعداد آنها اضافه میشــود. یوگو )Ugo( ابزاري کاربردي است که میتواند جایگزین همه این دستگاههاي کنترل از راه دور شود. ســازندگان این گجت، آن را به یک چوب جادویی تشــبیه میکنند. براي اســتفاده از یوگو ابتدا باید سطح و فرمانهایی مشــخص را براي آن تعیین کرد. براي نمونه اگر میز عســلی اتاق پذیرایی بهعنوان یکی از این سطوح تعریف شــود، با هر بار قرارگیري یوگو روي آن میتوان دســتگاه تلویزیون را کنترل کرد. یوگو با قابلیت حســگر\nاثرانگشت میتواند 16 کاربر مختلف داشته باشد..با افزایش تعداد دســتگاههاي مختلف الکترونیکی در خانــه، باید از دســتگاه کنترل از راه دور ویــژه هر کدام استفاده کرد. شاید در خانه شما نیز براي تلویزیون، گیرنده دیجیتال، پخش استریو و کولر یک کنترل از راه دور وجود داشــته باشد و احتمالا در چند سال آینده نیز بر تعداد آنها اضافه میشــود. یوگو )Ugo( ابزاري کاربردي است که میتواند جایگزین همه این دستگاههاي کنترل از راه دور شود. ســازندگان این گجت، آن را به یک چوب جادویی تشــبیه میکنند. براي اســتفاده از یوگو ابتدا باید سطح و فرمانهایی مشــخص را براي آن تعیین کرد. براي نمونه اگر میز عســلی اتاق پذیرایی بهعنوان یکی از این سطوح تعریف شــود، با هر بار قرارگیري یوگو روي آن میتوان دســتگاه تلویزیون را کنترل کرد. یوگو با قابلیت حســگر\nاثرانگشت میتواند 16 کاربر مختلف داشته باشد..با افزایش تعداد دســتگاههاي مختلف الکترونیکی در خانــه، باید از دســتگاه کنترل از راه دور ویــژه هر کدام استفاده کرد. شاید در خانه شما نیز براي تلویزیون، گیرنده دیجیتال، پخش استریو و کولر یک کنترل از راه دور وجود داشــته باشد و احتمالا در چند سال آینده نیز بر تعداد آنها اضافه میشــود. یوگو )Ugo( ابزاري کاربردي است که میتواند جایگزین همه این دستگاههاي کنترل از راه دور شود. ســازندگان این گجت، آن را به یک چوب جادویی تشــبیه میکنند. براي اســتفاده از یوگو ابتدا باید سطح و فرمانهایی مشــخص را براي آن تعیین کرد. براي نمونه اگر میز عســلی اتاق پذیرایی بهعنوان یکی از این سطوح تعریف شــود، با هر بار قرارگیري یوگو روي آن میتوان دســتگاه تلویزیون را کنترل کرد. یوگو با قابلیت حســگر\nاثرانگشت میتواند 16 کاربر مختلف داشته باشد..با افزایش تعداد دســتگاههاي مختلف الکترونیکی در خانــه، باید از دســتگاه کنترل از راه دور ویــژه هر کدام استفاده کرد. شاید در خانه شما نیز براي تلویزیون، گیرنده دیجیتال، پخش استریو و کولر یک کنترل از راه دور وجود داشــته باشد و احتمالا در چند سال آینده نیز بر تعداد آنها اضافه میشــود. یوگو )Ugo( ابزاري کاربردي است که میتواند جایگزین همه این دستگاههاي کنترل از راه دور شود. ســازندگان این گجت، آن را به یک چوب جادویی تشــبیه میکنند. براي اســتفاده از یوگو ابتدا باید سطح و فرمانهایی مشــخص را براي آن تعیین کرد. براي نمونه اگر میز عســلی اتاق پذیرایی بهعنوان یکی از این سطوح تعریف شــود، با هر بار قرارگیري یوگو روي آن میتوان دســتگاه تلویزیون را کنترل کرد. یوگو با قابلیت حســگر\nاثرانگشت میتواند 16 کاربر مختلف داشته باشد..', 6, 'حسابی-نشنیده-که-رفته-سر-دیوار-که-پشت-سرم-گرپ', '2014-05-19', '2021-12-28'),
(41, 'یک دست هم قیافه. نه یک جور. دوازده جور. در این.', 'قرارگرفتن طولانی مدت در معرض نور خورشید میتواند\nبه بروز مشــکلاتی پوستی و حتی ســرطان منجر شود. به همین دلیل اطــلاع دقیق از میزان زمان کافی قرارگیري در برابر آفتاب میتواند ســودمند باشد. یک شرکت نوآور، نوعی برچســب طراحی کرده که روي پوســت قرار میگیرد و در صورت قرارگیــري در برابر نور به مــدت طولانی به کاربر هشدار میدهد. این محصول لاجیکاینک )LogicInk( نام دارد و از نوعی جوهر خاص ساخته شده است. هر برچسب داراي تصویر چند حلقه یا میله است که با قرارگیري در برابر نور رنگشــان بتدریج از بنفش به صورتی تغییر میکند. در صورت صورتی رنگ شــدن همه آنها، کاربر میتواند متوجه شــود که دیگر نباید در برابر آفتاب بماند. گفتنی است براي استفاده از این محصول نیازي به گوشی هوشمند نیست. هنوز قیمت لاجیکاینک و زمــان تقریبی عرضه آن به بازارهاي\nجهانی اعلام نشده است..قرارگرفتن طولانی مدت در معرض نور خورشید میتواند\nبه بروز مشــکلاتی پوستی و حتی ســرطان منجر شود. به همین دلیل اطــلاع دقیق از میزان زمان کافی قرارگیري در برابر آفتاب میتواند ســودمند باشد. یک شرکت نوآور، نوعی برچســب طراحی کرده که روي پوســت قرار میگیرد و در صورت قرارگیــري در برابر نور به مــدت طولانی به کاربر هشدار میدهد. این محصول لاجیکاینک )LogicInk( نام دارد و از نوعی جوهر خاص ساخته شده است. هر برچسب داراي تصویر چند حلقه یا میله است که با قرارگیري در برابر نور رنگشــان بتدریج از بنفش به صورتی تغییر میکند. در صورت صورتی رنگ شــدن همه آنها، کاربر میتواند متوجه شــود که دیگر نباید در برابر آفتاب بماند. گفتنی است براي استفاده از این محصول نیازي به گوشی هوشمند نیست. هنوز قیمت لاجیکاینک و زمــان تقریبی عرضه آن به بازارهاي\nجهانی اعلام نشده است..قرارگرفتن طولانی مدت در معرض نور خورشید میتواند\nبه بروز مشــکلاتی پوستی و حتی ســرطان منجر شود. به همین دلیل اطــلاع دقیق از میزان زمان کافی قرارگیري در برابر آفتاب میتواند ســودمند باشد. یک شرکت نوآور، نوعی برچســب طراحی کرده که روي پوســت قرار میگیرد و در صورت قرارگیــري در برابر نور به مــدت طولانی به کاربر هشدار میدهد. این محصول لاجیکاینک )LogicInk( نام دارد و از نوعی جوهر خاص ساخته شده است. هر برچسب داراي تصویر چند حلقه یا میله است که با قرارگیري در برابر نور رنگشــان بتدریج از بنفش به صورتی تغییر میکند. در صورت صورتی رنگ شــدن همه آنها، کاربر میتواند متوجه شــود که دیگر نباید در برابر آفتاب بماند. گفتنی است براي استفاده از این محصول نیازي به گوشی هوشمند نیست. هنوز قیمت لاجیکاینک و زمــان تقریبی عرضه آن به بازارهاي\nجهانی اعلام نشده است..قرارگرفتن طولانی مدت در معرض نور خورشید میتواند\nبه بروز مشــکلاتی پوستی و حتی ســرطان منجر شود. به همین دلیل اطــلاع دقیق از میزان زمان کافی قرارگیري در برابر آفتاب میتواند ســودمند باشد. یک شرکت نوآور، نوعی برچســب طراحی کرده که روي پوســت قرار میگیرد و در صورت قرارگیــري در برابر نور به مــدت طولانی به کاربر هشدار میدهد. این محصول لاجیکاینک )LogicInk( نام دارد و از نوعی جوهر خاص ساخته شده است. هر برچسب داراي تصویر چند حلقه یا میله است که با قرارگیري در برابر نور رنگشــان بتدریج از بنفش به صورتی تغییر میکند. در صورت صورتی رنگ شــدن همه آنها، کاربر میتواند متوجه شــود که دیگر نباید در برابر آفتاب بماند. گفتنی است براي استفاده از این محصول نیازي به گوشی هوشمند نیست. هنوز قیمت لاجیکاینک و زمــان تقریبی عرضه آن به بازارهاي\nجهانی اعلام نشده است..قرارگرفتن طولانی مدت در معرض نور خورشید میتواند\nبه بروز مشــکلاتی پوستی و حتی ســرطان منجر شود. به همین دلیل اطــلاع دقیق از میزان زمان کافی قرارگیري در برابر آفتاب میتواند ســودمند باشد. یک شرکت نوآور، نوعی برچســب طراحی کرده که روي پوســت قرار میگیرد و در صورت قرارگیــري در برابر نور به مــدت طولانی به کاربر هشدار میدهد. این محصول لاجیکاینک )LogicInk( نام دارد و از نوعی جوهر خاص ساخته شده است. هر برچسب داراي تصویر چند حلقه یا میله است که با قرارگیري در برابر نور رنگشــان بتدریج از بنفش به صورتی تغییر میکند. در صورت صورتی رنگ شــدن همه آنها، کاربر میتواند متوجه شــود که دیگر نباید در برابر آفتاب بماند. گفتنی است براي استفاده از این محصول نیازي به گوشی هوشمند نیست. هنوز قیمت لاجیکاینک و زمــان تقریبی عرضه آن به بازارهاي\nجهانی اعلام نشده است..', 3, 'یک-دست-هم-قیافه-نه-یک-جور-دوازده-جور-در-این', '2021-07-26', '2022-02-17'),
(42, 'نداشت که راننده که بوده. اما حاضر نبوده، حتی یکی.', 'قرارگرفتن طولانی مدت در معرض نور خورشید میتواند\nبه بروز مشــکلاتی پوستی و حتی ســرطان منجر شود. به همین دلیل اطــلاع دقیق از میزان زمان کافی قرارگیري در برابر آفتاب میتواند ســودمند باشد. یک شرکت نوآور، نوعی برچســب طراحی کرده که روي پوســت قرار میگیرد و در صورت قرارگیــري در برابر نور به مــدت طولانی به کاربر هشدار میدهد. این محصول لاجیکاینک )LogicInk( نام دارد و از نوعی جوهر خاص ساخته شده است. هر برچسب داراي تصویر چند حلقه یا میله است که با قرارگیري در برابر نور رنگشــان بتدریج از بنفش به صورتی تغییر میکند. در صورت صورتی رنگ شــدن همه آنها، کاربر میتواند متوجه شــود که دیگر نباید در برابر آفتاب بماند. گفتنی است براي استفاده از این محصول نیازي به گوشی هوشمند نیست. هنوز قیمت لاجیکاینک و زمــان تقریبی عرضه آن به بازارهاي\nجهانی اعلام نشده است..قرارگرفتن طولانی مدت در معرض نور خورشید میتواند\nبه بروز مشــکلاتی پوستی و حتی ســرطان منجر شود. به همین دلیل اطــلاع دقیق از میزان زمان کافی قرارگیري در برابر آفتاب میتواند ســودمند باشد. یک شرکت نوآور، نوعی برچســب طراحی کرده که روي پوســت قرار میگیرد و در صورت قرارگیــري در برابر نور به مــدت طولانی به کاربر هشدار میدهد. این محصول لاجیکاینک )LogicInk( نام دارد و از نوعی جوهر خاص ساخته شده است. هر برچسب داراي تصویر چند حلقه یا میله است که با قرارگیري در برابر نور رنگشــان بتدریج از بنفش به صورتی تغییر میکند. در صورت صورتی رنگ شــدن همه آنها، کاربر میتواند متوجه شــود که دیگر نباید در برابر آفتاب بماند. گفتنی است براي استفاده از این محصول نیازي به گوشی هوشمند نیست. هنوز قیمت لاجیکاینک و زمــان تقریبی عرضه آن به بازارهاي\nجهانی اعلام نشده است..قرارگرفتن طولانی مدت در معرض نور خورشید میتواند\nبه بروز مشــکلاتی پوستی و حتی ســرطان منجر شود. به همین دلیل اطــلاع دقیق از میزان زمان کافی قرارگیري در برابر آفتاب میتواند ســودمند باشد. یک شرکت نوآور، نوعی برچســب طراحی کرده که روي پوســت قرار میگیرد و در صورت قرارگیــري در برابر نور به مــدت طولانی به کاربر هشدار میدهد. این محصول لاجیکاینک )LogicInk( نام دارد و از نوعی جوهر خاص ساخته شده است. هر برچسب داراي تصویر چند حلقه یا میله است که با قرارگیري در برابر نور رنگشــان بتدریج از بنفش به صورتی تغییر میکند. در صورت صورتی رنگ شــدن همه آنها، کاربر میتواند متوجه شــود که دیگر نباید در برابر آفتاب بماند. گفتنی است براي استفاده از این محصول نیازي به گوشی هوشمند نیست. هنوز قیمت لاجیکاینک و زمــان تقریبی عرضه آن به بازارهاي\nجهانی اعلام نشده است..قرارگرفتن طولانی مدت در معرض نور خورشید میتواند\nبه بروز مشــکلاتی پوستی و حتی ســرطان منجر شود. به همین دلیل اطــلاع دقیق از میزان زمان کافی قرارگیري در برابر آفتاب میتواند ســودمند باشد. یک شرکت نوآور، نوعی برچســب طراحی کرده که روي پوســت قرار میگیرد و در صورت قرارگیــري در برابر نور به مــدت طولانی به کاربر هشدار میدهد. این محصول لاجیکاینک )LogicInk( نام دارد و از نوعی جوهر خاص ساخته شده است. هر برچسب داراي تصویر چند حلقه یا میله است که با قرارگیري در برابر نور رنگشــان بتدریج از بنفش به صورتی تغییر میکند. در صورت صورتی رنگ شــدن همه آنها، کاربر میتواند متوجه شــود که دیگر نباید در برابر آفتاب بماند. گفتنی است براي استفاده از این محصول نیازي به گوشی هوشمند نیست. هنوز قیمت لاجیکاینک و زمــان تقریبی عرضه آن به بازارهاي\nجهانی اعلام نشده است..قرارگرفتن طولانی مدت در معرض نور خورشید میتواند\nبه بروز مشــکلاتی پوستی و حتی ســرطان منجر شود. به همین دلیل اطــلاع دقیق از میزان زمان کافی قرارگیري در برابر آفتاب میتواند ســودمند باشد. یک شرکت نوآور، نوعی برچســب طراحی کرده که روي پوســت قرار میگیرد و در صورت قرارگیــري در برابر نور به مــدت طولانی به کاربر هشدار میدهد. این محصول لاجیکاینک )LogicInk( نام دارد و از نوعی جوهر خاص ساخته شده است. هر برچسب داراي تصویر چند حلقه یا میله است که با قرارگیري در برابر نور رنگشــان بتدریج از بنفش به صورتی تغییر میکند. در صورت صورتی رنگ شــدن همه آنها، کاربر میتواند متوجه شــود که دیگر نباید در برابر آفتاب بماند. گفتنی است براي استفاده از این محصول نیازي به گوشی هوشمند نیست. هنوز قیمت لاجیکاینک و زمــان تقریبی عرضه آن به بازارهاي\nجهانی اعلام نشده است..', 19, 'نداشت-که-راننده-که-بوده-اما-حاضر-نبوده-حتی-یکی', '2020-07-02', '2021-12-09'),
(43, 'که انگار از جای چشم‌ها و دهان سر باز کرده است..', 'چند ســال بعد از عرضه دســتیار صوتی توسط شرکتهاي بزرگ نظیر آمازون و گوگل، مدتی است شرکتهاي دیگري نیز به این حوزه علاقه نشان دادهاند. شــرکت JBL اخیرا از محصول جدیدي به نام لینک ویو )Link View( رونمایی کرد که با همکاري گوگل طراحی شــده اســت. این محصول داراي یک نمایشگر هشت اینچی است و برخلاف دیگر دســتیارهاي صوتی که فاقد چنین قابلیتی هستند، به کاربر امکان مشاهده وضعیت و انتخاب گزینههاي موردنظر را از طریق لمس میدهد. این نمایشگر از وضوح 1280 در 720 پیکسلی برخوردار اســت، اما یکی از نقاط قوت این گجت، به اســپیکرهاي آن مربوط میشود. شرکت JBL به دلیل تولید اسپیکرهاي باکیفیت شهرت دارد و در این محصول نیز دو اسپیکر 10 واتی را گنجانده که امکان پخش صدا با کیفیتی عالی را در اختیار کاربر قرار میدهد. هنوز قیمت JBL\nلینک ویو که تابستان 97 به بازار عرضه میشود، اعلام نشده است..چند ســال بعد از عرضه دســتیار صوتی توسط شرکتهاي بزرگ نظیر آمازون و گوگل، مدتی است شرکتهاي دیگري نیز به این حوزه علاقه نشان دادهاند. شــرکت JBL اخیرا از محصول جدیدي به نام لینک ویو )Link View( رونمایی کرد که با همکاري گوگل طراحی شــده اســت. این محصول داراي یک نمایشگر هشت اینچی است و برخلاف دیگر دســتیارهاي صوتی که فاقد چنین قابلیتی هستند، به کاربر امکان مشاهده وضعیت و انتخاب گزینههاي موردنظر را از طریق لمس میدهد. این نمایشگر از وضوح 1280 در 720 پیکسلی برخوردار اســت، اما یکی از نقاط قوت این گجت، به اســپیکرهاي آن مربوط میشود. شرکت JBL به دلیل تولید اسپیکرهاي باکیفیت شهرت دارد و در این محصول نیز دو اسپیکر 10 واتی را گنجانده که امکان پخش صدا با کیفیتی عالی را در اختیار کاربر قرار میدهد. هنوز قیمت JBL\nلینک ویو که تابستان 97 به بازار عرضه میشود، اعلام نشده است..چند ســال بعد از عرضه دســتیار صوتی توسط شرکتهاي بزرگ نظیر آمازون و گوگل، مدتی است شرکتهاي دیگري نیز به این حوزه علاقه نشان دادهاند. شــرکت JBL اخیرا از محصول جدیدي به نام لینک ویو )Link View( رونمایی کرد که با همکاري گوگل طراحی شــده اســت. این محصول داراي یک نمایشگر هشت اینچی است و برخلاف دیگر دســتیارهاي صوتی که فاقد چنین قابلیتی هستند، به کاربر امکان مشاهده وضعیت و انتخاب گزینههاي موردنظر را از طریق لمس میدهد. این نمایشگر از وضوح 1280 در 720 پیکسلی برخوردار اســت، اما یکی از نقاط قوت این گجت، به اســپیکرهاي آن مربوط میشود. شرکت JBL به دلیل تولید اسپیکرهاي باکیفیت شهرت دارد و در این محصول نیز دو اسپیکر 10 واتی را گنجانده که امکان پخش صدا با کیفیتی عالی را در اختیار کاربر قرار میدهد. هنوز قیمت JBL\nلینک ویو که تابستان 97 به بازار عرضه میشود، اعلام نشده است..چند ســال بعد از عرضه دســتیار صوتی توسط شرکتهاي بزرگ نظیر آمازون و گوگل، مدتی است شرکتهاي دیگري نیز به این حوزه علاقه نشان دادهاند. شــرکت JBL اخیرا از محصول جدیدي به نام لینک ویو )Link View( رونمایی کرد که با همکاري گوگل طراحی شــده اســت. این محصول داراي یک نمایشگر هشت اینچی است و برخلاف دیگر دســتیارهاي صوتی که فاقد چنین قابلیتی هستند، به کاربر امکان مشاهده وضعیت و انتخاب گزینههاي موردنظر را از طریق لمس میدهد. این نمایشگر از وضوح 1280 در 720 پیکسلی برخوردار اســت، اما یکی از نقاط قوت این گجت، به اســپیکرهاي آن مربوط میشود. شرکت JBL به دلیل تولید اسپیکرهاي باکیفیت شهرت دارد و در این محصول نیز دو اسپیکر 10 واتی را گنجانده که امکان پخش صدا با کیفیتی عالی را در اختیار کاربر قرار میدهد. هنوز قیمت JBL\nلینک ویو که تابستان 97 به بازار عرضه میشود، اعلام نشده است..چند ســال بعد از عرضه دســتیار صوتی توسط شرکتهاي بزرگ نظیر آمازون و گوگل، مدتی است شرکتهاي دیگري نیز به این حوزه علاقه نشان دادهاند. شــرکت JBL اخیرا از محصول جدیدي به نام لینک ویو )Link View( رونمایی کرد که با همکاري گوگل طراحی شــده اســت. این محصول داراي یک نمایشگر هشت اینچی است و برخلاف دیگر دســتیارهاي صوتی که فاقد چنین قابلیتی هستند، به کاربر امکان مشاهده وضعیت و انتخاب گزینههاي موردنظر را از طریق لمس میدهد. این نمایشگر از وضوح 1280 در 720 پیکسلی برخوردار اســت، اما یکی از نقاط قوت این گجت، به اســپیکرهاي آن مربوط میشود. شرکت JBL به دلیل تولید اسپیکرهاي باکیفیت شهرت دارد و در این محصول نیز دو اسپیکر 10 واتی را گنجانده که امکان پخش صدا با کیفیتی عالی را در اختیار کاربر قرار میدهد. هنوز قیمت JBL\nلینک ویو که تابستان 97 به بازار عرضه میشود، اعلام نشده است..', 2, 'که-انگار-از-جای-چشمها-و-دهان-سر-باز-کرده-است', '2014-07-08', '2022-04-18'),
(44, 'بود، دم در مدرسه به قدم زدن؛ فکر کردم لابد همان.', 'ایــن روزهــا تقریبا تمــام رایانهها قادر بــه اجراي سیستمعاملهاي 64 بیتی هستند، اما پشتیبانی رایانهها از این نسخه دلیل نمیشود تمام سیستمعاملهاي نصب شده توســط کاربران نیز نسخه 64 بیت باشد و ممکن اســت رایانه یک کاربر به نسخه 32 بیت سیستمعامل\nمجهز شده باشــد..ایــن روزهــا تقریبا تمــام رایانهها قادر بــه اجراي سیستمعاملهاي 64 بیتی هستند، اما پشتیبانی رایانهها از این نسخه دلیل نمیشود تمام سیستمعاملهاي نصب شده توســط کاربران نیز نسخه 64 بیت باشد و ممکن اســت رایانه یک کاربر به نسخه 32 بیت سیستمعامل\nمجهز شده باشــد..ایــن روزهــا تقریبا تمــام رایانهها قادر بــه اجراي سیستمعاملهاي 64 بیتی هستند، اما پشتیبانی رایانهها از این نسخه دلیل نمیشود تمام سیستمعاملهاي نصب شده توســط کاربران نیز نسخه 64 بیت باشد و ممکن اســت رایانه یک کاربر به نسخه 32 بیت سیستمعامل\nمجهز شده باشــد..ایــن روزهــا تقریبا تمــام رایانهها قادر بــه اجراي سیستمعاملهاي 64 بیتی هستند، اما پشتیبانی رایانهها از این نسخه دلیل نمیشود تمام سیستمعاملهاي نصب شده توســط کاربران نیز نسخه 64 بیت باشد و ممکن اســت رایانه یک کاربر به نسخه 32 بیت سیستمعامل\nمجهز شده باشــد..ایــن روزهــا تقریبا تمــام رایانهها قادر بــه اجراي سیستمعاملهاي 64 بیتی هستند، اما پشتیبانی رایانهها از این نسخه دلیل نمیشود تمام سیستمعاملهاي نصب شده توســط کاربران نیز نسخه 64 بیت باشد و ممکن اســت رایانه یک کاربر به نسخه 32 بیت سیستمعامل\nمجهز شده باشــد..', 1, 'بود-دم-در-مدرسه-به-قدم-زدن-فکر-کردم-لابد-همان', '2017-09-29', '2021-12-03'),
(45, 'در می‌رفتم که یک روز معلم‌ها را صدا زدم و در.', 'قرارگرفتن طولانی مدت در معرض نور خورشید میتواند\nبه بروز مشــکلاتی پوستی و حتی ســرطان منجر شود. به همین دلیل اطــلاع دقیق از میزان زمان کافی قرارگیري در برابر آفتاب میتواند ســودمند باشد. یک شرکت نوآور، نوعی برچســب طراحی کرده که روي پوســت قرار میگیرد و در صورت قرارگیــري در برابر نور به مــدت طولانی به کاربر هشدار میدهد. این محصول لاجیکاینک )LogicInk( نام دارد و از نوعی جوهر خاص ساخته شده است. هر برچسب داراي تصویر چند حلقه یا میله است که با قرارگیري در برابر نور رنگشــان بتدریج از بنفش به صورتی تغییر میکند. در صورت صورتی رنگ شــدن همه آنها، کاربر میتواند متوجه شــود که دیگر نباید در برابر آفتاب بماند. گفتنی است براي استفاده از این محصول نیازي به گوشی هوشمند نیست. هنوز قیمت لاجیکاینک و زمــان تقریبی عرضه آن به بازارهاي\nجهانی اعلام نشده است..قرارگرفتن طولانی مدت در معرض نور خورشید میتواند\nبه بروز مشــکلاتی پوستی و حتی ســرطان منجر شود. به همین دلیل اطــلاع دقیق از میزان زمان کافی قرارگیري در برابر آفتاب میتواند ســودمند باشد. یک شرکت نوآور، نوعی برچســب طراحی کرده که روي پوســت قرار میگیرد و در صورت قرارگیــري در برابر نور به مــدت طولانی به کاربر هشدار میدهد. این محصول لاجیکاینک )LogicInk( نام دارد و از نوعی جوهر خاص ساخته شده است. هر برچسب داراي تصویر چند حلقه یا میله است که با قرارگیري در برابر نور رنگشــان بتدریج از بنفش به صورتی تغییر میکند. در صورت صورتی رنگ شــدن همه آنها، کاربر میتواند متوجه شــود که دیگر نباید در برابر آفتاب بماند. گفتنی است براي استفاده از این محصول نیازي به گوشی هوشمند نیست. هنوز قیمت لاجیکاینک و زمــان تقریبی عرضه آن به بازارهاي\nجهانی اعلام نشده است..قرارگرفتن طولانی مدت در معرض نور خورشید میتواند\nبه بروز مشــکلاتی پوستی و حتی ســرطان منجر شود. به همین دلیل اطــلاع دقیق از میزان زمان کافی قرارگیري در برابر آفتاب میتواند ســودمند باشد. یک شرکت نوآور، نوعی برچســب طراحی کرده که روي پوســت قرار میگیرد و در صورت قرارگیــري در برابر نور به مــدت طولانی به کاربر هشدار میدهد. این محصول لاجیکاینک )LogicInk( نام دارد و از نوعی جوهر خاص ساخته شده است. هر برچسب داراي تصویر چند حلقه یا میله است که با قرارگیري در برابر نور رنگشــان بتدریج از بنفش به صورتی تغییر میکند. در صورت صورتی رنگ شــدن همه آنها، کاربر میتواند متوجه شــود که دیگر نباید در برابر آفتاب بماند. گفتنی است براي استفاده از این محصول نیازي به گوشی هوشمند نیست. هنوز قیمت لاجیکاینک و زمــان تقریبی عرضه آن به بازارهاي\nجهانی اعلام نشده است..قرارگرفتن طولانی مدت در معرض نور خورشید میتواند\nبه بروز مشــکلاتی پوستی و حتی ســرطان منجر شود. به همین دلیل اطــلاع دقیق از میزان زمان کافی قرارگیري در برابر آفتاب میتواند ســودمند باشد. یک شرکت نوآور، نوعی برچســب طراحی کرده که روي پوســت قرار میگیرد و در صورت قرارگیــري در برابر نور به مــدت طولانی به کاربر هشدار میدهد. این محصول لاجیکاینک )LogicInk( نام دارد و از نوعی جوهر خاص ساخته شده است. هر برچسب داراي تصویر چند حلقه یا میله است که با قرارگیري در برابر نور رنگشــان بتدریج از بنفش به صورتی تغییر میکند. در صورت صورتی رنگ شــدن همه آنها، کاربر میتواند متوجه شــود که دیگر نباید در برابر آفتاب بماند. گفتنی است براي استفاده از این محصول نیازي به گوشی هوشمند نیست. هنوز قیمت لاجیکاینک و زمــان تقریبی عرضه آن به بازارهاي\nجهانی اعلام نشده است..قرارگرفتن طولانی مدت در معرض نور خورشید میتواند\nبه بروز مشــکلاتی پوستی و حتی ســرطان منجر شود. به همین دلیل اطــلاع دقیق از میزان زمان کافی قرارگیري در برابر آفتاب میتواند ســودمند باشد. یک شرکت نوآور، نوعی برچســب طراحی کرده که روي پوســت قرار میگیرد و در صورت قرارگیــري در برابر نور به مــدت طولانی به کاربر هشدار میدهد. این محصول لاجیکاینک )LogicInk( نام دارد و از نوعی جوهر خاص ساخته شده است. هر برچسب داراي تصویر چند حلقه یا میله است که با قرارگیري در برابر نور رنگشــان بتدریج از بنفش به صورتی تغییر میکند. در صورت صورتی رنگ شــدن همه آنها، کاربر میتواند متوجه شــود که دیگر نباید در برابر آفتاب بماند. گفتنی است براي استفاده از این محصول نیازي به گوشی هوشمند نیست. هنوز قیمت لاجیکاینک و زمــان تقریبی عرضه آن به بازارهاي\nجهانی اعلام نشده است..', 18, 'در-میرفتم-که-یک-روز-معلمها-را-صدا-زدم-و-در', '2020-11-04', '2022-04-19'),
(46, 'آمده بودند، مدرسه را با زغال سیاه کرده‌اند واز.', 'در وینــدوز 10 بــا غیرفعال کــردن ســرویس Windows Update و غیرفعال کردن\nConfigure Automatic Updates درGroup Policy Editor - gpedit.msc بــا وارد شــدن به Update history چــه در بخش Settings و چه در بخــش Installed Update در Programs and Features هیــچ اثــري از آپدیتهــاي قبلی که نصب شــدهاند، وجود نــدارد و عبــارت No updates are installed on this computer مشــاهده میشــود. ســوالم این اســت که با غیرفعال کردن آنچه در بالا گفته شــد، آیــا آن آپدیتهایی که نصب شــدهاند غیرفعال میشــوند و کار نمیکنند یا این غیرفعال کردن فقط باعث جلوگیري از آپدیت\nخودکار است؟.در وینــدوز 10 بــا غیرفعال کــردن ســرویس Windows Update و غیرفعال کردن\nConfigure Automatic Updates درGroup Policy Editor - gpedit.msc بــا وارد شــدن به Update history چــه در بخش Settings و چه در بخــش Installed Update در Programs and Features هیــچ اثــري از آپدیتهــاي قبلی که نصب شــدهاند، وجود نــدارد و عبــارت No updates are installed on this computer مشــاهده میشــود. ســوالم این اســت که با غیرفعال کردن آنچه در بالا گفته شــد، آیــا آن آپدیتهایی که نصب شــدهاند غیرفعال میشــوند و کار نمیکنند یا این غیرفعال کردن فقط باعث جلوگیري از آپدیت\nخودکار است؟.در وینــدوز 10 بــا غیرفعال کــردن ســرویس Windows Update و غیرفعال کردن\nConfigure Automatic Updates درGroup Policy Editor - gpedit.msc بــا وارد شــدن به Update history چــه در بخش Settings و چه در بخــش Installed Update در Programs and Features هیــچ اثــري از آپدیتهــاي قبلی که نصب شــدهاند، وجود نــدارد و عبــارت No updates are installed on this computer مشــاهده میشــود. ســوالم این اســت که با غیرفعال کردن آنچه در بالا گفته شــد، آیــا آن آپدیتهایی که نصب شــدهاند غیرفعال میشــوند و کار نمیکنند یا این غیرفعال کردن فقط باعث جلوگیري از آپدیت\nخودکار است؟.در وینــدوز 10 بــا غیرفعال کــردن ســرویس Windows Update و غیرفعال کردن\nConfigure Automatic Updates درGroup Policy Editor - gpedit.msc بــا وارد شــدن به Update history چــه در بخش Settings و چه در بخــش Installed Update در Programs and Features هیــچ اثــري از آپدیتهــاي قبلی که نصب شــدهاند، وجود نــدارد و عبــارت No updates are installed on this computer مشــاهده میشــود. ســوالم این اســت که با غیرفعال کردن آنچه در بالا گفته شــد، آیــا آن آپدیتهایی که نصب شــدهاند غیرفعال میشــوند و کار نمیکنند یا این غیرفعال کردن فقط باعث جلوگیري از آپدیت\nخودکار است؟.در وینــدوز 10 بــا غیرفعال کــردن ســرویس Windows Update و غیرفعال کردن\nConfigure Automatic Updates درGroup Policy Editor - gpedit.msc بــا وارد شــدن به Update history چــه در بخش Settings و چه در بخــش Installed Update در Programs and Features هیــچ اثــري از آپدیتهــاي قبلی که نصب شــدهاند، وجود نــدارد و عبــارت No updates are installed on this computer مشــاهده میشــود. ســوالم این اســت که با غیرفعال کردن آنچه در بالا گفته شــد، آیــا آن آپدیتهایی که نصب شــدهاند غیرفعال میشــوند و کار نمیکنند یا این غیرفعال کردن فقط باعث جلوگیري از آپدیت\nخودکار است؟.', 5, 'آمده-بودند-مدرسه-را-با-زغال-سیاه-کردهاند-واز', '2017-04-27', '2021-10-30'),
(47, 'محلی برای بچه‌ها می‌دادم که ترس از معلم کلاس.', 'قرارگرفتن طولانی مدت در معرض نور خورشید میتواند\nبه بروز مشــکلاتی پوستی و حتی ســرطان منجر شود. به همین دلیل اطــلاع دقیق از میزان زمان کافی قرارگیري در برابر آفتاب میتواند ســودمند باشد. یک شرکت نوآور، نوعی برچســب طراحی کرده که روي پوســت قرار میگیرد و در صورت قرارگیــري در برابر نور به مــدت طولانی به کاربر هشدار میدهد. این محصول لاجیکاینک )LogicInk( نام دارد و از نوعی جوهر خاص ساخته شده است. هر برچسب داراي تصویر چند حلقه یا میله است که با قرارگیري در برابر نور رنگشــان بتدریج از بنفش به صورتی تغییر میکند. در صورت صورتی رنگ شــدن همه آنها، کاربر میتواند متوجه شــود که دیگر نباید در برابر آفتاب بماند. گفتنی است براي استفاده از این محصول نیازي به گوشی هوشمند نیست. هنوز قیمت لاجیکاینک و زمــان تقریبی عرضه آن به بازارهاي\nجهانی اعلام نشده است..قرارگرفتن طولانی مدت در معرض نور خورشید میتواند\nبه بروز مشــکلاتی پوستی و حتی ســرطان منجر شود. به همین دلیل اطــلاع دقیق از میزان زمان کافی قرارگیري در برابر آفتاب میتواند ســودمند باشد. یک شرکت نوآور، نوعی برچســب طراحی کرده که روي پوســت قرار میگیرد و در صورت قرارگیــري در برابر نور به مــدت طولانی به کاربر هشدار میدهد. این محصول لاجیکاینک )LogicInk( نام دارد و از نوعی جوهر خاص ساخته شده است. هر برچسب داراي تصویر چند حلقه یا میله است که با قرارگیري در برابر نور رنگشــان بتدریج از بنفش به صورتی تغییر میکند. در صورت صورتی رنگ شــدن همه آنها، کاربر میتواند متوجه شــود که دیگر نباید در برابر آفتاب بماند. گفتنی است براي استفاده از این محصول نیازي به گوشی هوشمند نیست. هنوز قیمت لاجیکاینک و زمــان تقریبی عرضه آن به بازارهاي\nجهانی اعلام نشده است..قرارگرفتن طولانی مدت در معرض نور خورشید میتواند\nبه بروز مشــکلاتی پوستی و حتی ســرطان منجر شود. به همین دلیل اطــلاع دقیق از میزان زمان کافی قرارگیري در برابر آفتاب میتواند ســودمند باشد. یک شرکت نوآور، نوعی برچســب طراحی کرده که روي پوســت قرار میگیرد و در صورت قرارگیــري در برابر نور به مــدت طولانی به کاربر هشدار میدهد. این محصول لاجیکاینک )LogicInk( نام دارد و از نوعی جوهر خاص ساخته شده است. هر برچسب داراي تصویر چند حلقه یا میله است که با قرارگیري در برابر نور رنگشــان بتدریج از بنفش به صورتی تغییر میکند. در صورت صورتی رنگ شــدن همه آنها، کاربر میتواند متوجه شــود که دیگر نباید در برابر آفتاب بماند. گفتنی است براي استفاده از این محصول نیازي به گوشی هوشمند نیست. هنوز قیمت لاجیکاینک و زمــان تقریبی عرضه آن به بازارهاي\nجهانی اعلام نشده است..قرارگرفتن طولانی مدت در معرض نور خورشید میتواند\nبه بروز مشــکلاتی پوستی و حتی ســرطان منجر شود. به همین دلیل اطــلاع دقیق از میزان زمان کافی قرارگیري در برابر آفتاب میتواند ســودمند باشد. یک شرکت نوآور، نوعی برچســب طراحی کرده که روي پوســت قرار میگیرد و در صورت قرارگیــري در برابر نور به مــدت طولانی به کاربر هشدار میدهد. این محصول لاجیکاینک )LogicInk( نام دارد و از نوعی جوهر خاص ساخته شده است. هر برچسب داراي تصویر چند حلقه یا میله است که با قرارگیري در برابر نور رنگشــان بتدریج از بنفش به صورتی تغییر میکند. در صورت صورتی رنگ شــدن همه آنها، کاربر میتواند متوجه شــود که دیگر نباید در برابر آفتاب بماند. گفتنی است براي استفاده از این محصول نیازي به گوشی هوشمند نیست. هنوز قیمت لاجیکاینک و زمــان تقریبی عرضه آن به بازارهاي\nجهانی اعلام نشده است..قرارگرفتن طولانی مدت در معرض نور خورشید میتواند\nبه بروز مشــکلاتی پوستی و حتی ســرطان منجر شود. به همین دلیل اطــلاع دقیق از میزان زمان کافی قرارگیري در برابر آفتاب میتواند ســودمند باشد. یک شرکت نوآور، نوعی برچســب طراحی کرده که روي پوســت قرار میگیرد و در صورت قرارگیــري در برابر نور به مــدت طولانی به کاربر هشدار میدهد. این محصول لاجیکاینک )LogicInk( نام دارد و از نوعی جوهر خاص ساخته شده است. هر برچسب داراي تصویر چند حلقه یا میله است که با قرارگیري در برابر نور رنگشــان بتدریج از بنفش به صورتی تغییر میکند. در صورت صورتی رنگ شــدن همه آنها، کاربر میتواند متوجه شــود که دیگر نباید در برابر آفتاب بماند. گفتنی است براي استفاده از این محصول نیازي به گوشی هوشمند نیست. هنوز قیمت لاجیکاینک و زمــان تقریبی عرضه آن به بازارهاي\nجهانی اعلام نشده است..', 12, 'محلی-برای-بچهها-میدادم-که-ترس-از-معلم-کلاس', '2018-12-24', '2022-02-27'),
(48, 'معلم کلاس چهار ما آمده است. کشیک پاسگاه همین قدر.', 'داشتن یک دستیار هوشــمند براي انجام کارهاي مختلف بسیار خوب است، اما آیا میدانید دستیار گوگل ملقب به Google Assistant همه فرمانهاي صوتی شما را براي اجرا ابتدا در سرورهاي گوگل و در ادامه یک نسخه از آن را\nنیز در فضاي ذخیرهسازي شخصی شما ذخیره میکند؟.داشتن یک دستیار هوشــمند براي انجام کارهاي مختلف بسیار خوب است، اما آیا میدانید دستیار گوگل ملقب به Google Assistant همه فرمانهاي صوتی شما را براي اجرا ابتدا در سرورهاي گوگل و در ادامه یک نسخه از آن را\nنیز در فضاي ذخیرهسازي شخصی شما ذخیره میکند؟.داشتن یک دستیار هوشــمند براي انجام کارهاي مختلف بسیار خوب است، اما آیا میدانید دستیار گوگل ملقب به Google Assistant همه فرمانهاي صوتی شما را براي اجرا ابتدا در سرورهاي گوگل و در ادامه یک نسخه از آن را\nنیز در فضاي ذخیرهسازي شخصی شما ذخیره میکند؟.داشتن یک دستیار هوشــمند براي انجام کارهاي مختلف بسیار خوب است، اما آیا میدانید دستیار گوگل ملقب به Google Assistant همه فرمانهاي صوتی شما را براي اجرا ابتدا در سرورهاي گوگل و در ادامه یک نسخه از آن را\nنیز در فضاي ذخیرهسازي شخصی شما ذخیره میکند؟.داشتن یک دستیار هوشــمند براي انجام کارهاي مختلف بسیار خوب است، اما آیا میدانید دستیار گوگل ملقب به Google Assistant همه فرمانهاي صوتی شما را براي اجرا ابتدا در سرورهاي گوگل و در ادامه یک نسخه از آن را\nنیز در فضاي ذخیرهسازي شخصی شما ذخیره میکند؟.', 12, 'معلم-کلاس-چهار-ما-آمده-است-کشیک-پاسگاه-همین-قدر', '2016-01-20', '2022-02-10');
INSERT INTO `articles` (`id`, `subject`, `body`, `user_id`, `slug`, `created_at`, `updated_at`) VALUES
(49, 'بودم؟ می‌بینی احمق؟ مدیر مدرسه کدام سگی است؟.', 'در وینــدوز 10 بــا غیرفعال کــردن ســرویس Windows Update و غیرفعال کردن\nConfigure Automatic Updates درGroup Policy Editor - gpedit.msc بــا وارد شــدن به Update history چــه در بخش Settings و چه در بخــش Installed Update در Programs and Features هیــچ اثــري از آپدیتهــاي قبلی که نصب شــدهاند، وجود نــدارد و عبــارت No updates are installed on this computer مشــاهده میشــود. ســوالم این اســت که با غیرفعال کردن آنچه در بالا گفته شــد، آیــا آن آپدیتهایی که نصب شــدهاند غیرفعال میشــوند و کار نمیکنند یا این غیرفعال کردن فقط باعث جلوگیري از آپدیت\nخودکار است؟.در وینــدوز 10 بــا غیرفعال کــردن ســرویس Windows Update و غیرفعال کردن\nConfigure Automatic Updates درGroup Policy Editor - gpedit.msc بــا وارد شــدن به Update history چــه در بخش Settings و چه در بخــش Installed Update در Programs and Features هیــچ اثــري از آپدیتهــاي قبلی که نصب شــدهاند، وجود نــدارد و عبــارت No updates are installed on this computer مشــاهده میشــود. ســوالم این اســت که با غیرفعال کردن آنچه در بالا گفته شــد، آیــا آن آپدیتهایی که نصب شــدهاند غیرفعال میشــوند و کار نمیکنند یا این غیرفعال کردن فقط باعث جلوگیري از آپدیت\nخودکار است؟.در وینــدوز 10 بــا غیرفعال کــردن ســرویس Windows Update و غیرفعال کردن\nConfigure Automatic Updates درGroup Policy Editor - gpedit.msc بــا وارد شــدن به Update history چــه در بخش Settings و چه در بخــش Installed Update در Programs and Features هیــچ اثــري از آپدیتهــاي قبلی که نصب شــدهاند، وجود نــدارد و عبــارت No updates are installed on this computer مشــاهده میشــود. ســوالم این اســت که با غیرفعال کردن آنچه در بالا گفته شــد، آیــا آن آپدیتهایی که نصب شــدهاند غیرفعال میشــوند و کار نمیکنند یا این غیرفعال کردن فقط باعث جلوگیري از آپدیت\nخودکار است؟.در وینــدوز 10 بــا غیرفعال کــردن ســرویس Windows Update و غیرفعال کردن\nConfigure Automatic Updates درGroup Policy Editor - gpedit.msc بــا وارد شــدن به Update history چــه در بخش Settings و چه در بخــش Installed Update در Programs and Features هیــچ اثــري از آپدیتهــاي قبلی که نصب شــدهاند، وجود نــدارد و عبــارت No updates are installed on this computer مشــاهده میشــود. ســوالم این اســت که با غیرفعال کردن آنچه در بالا گفته شــد، آیــا آن آپدیتهایی که نصب شــدهاند غیرفعال میشــوند و کار نمیکنند یا این غیرفعال کردن فقط باعث جلوگیري از آپدیت\nخودکار است؟.در وینــدوز 10 بــا غیرفعال کــردن ســرویس Windows Update و غیرفعال کردن\nConfigure Automatic Updates درGroup Policy Editor - gpedit.msc بــا وارد شــدن به Update history چــه در بخش Settings و چه در بخــش Installed Update در Programs and Features هیــچ اثــري از آپدیتهــاي قبلی که نصب شــدهاند، وجود نــدارد و عبــارت No updates are installed on this computer مشــاهده میشــود. ســوالم این اســت که با غیرفعال کردن آنچه در بالا گفته شــد، آیــا آن آپدیتهایی که نصب شــدهاند غیرفعال میشــوند و کار نمیکنند یا این غیرفعال کردن فقط باعث جلوگیري از آپدیت\nخودکار است؟.', 6, 'بودم-میبینی-احمق-مدیر-مدرسه-کدام-سگی-است', '2015-02-23', '2022-03-01'),
(50, 'خالی می‌کردند و من گوش می‌کردم و مثل دو تا.', 'شــرکت کالگیت بتازگی از محصــول جدید خود با نام E1 رونمایی کرده که یک مســواك برقی هوشمند است. این مســواك با بهرهگیري از حسگرهاي مختلف خود میتواند موقعیت و زمان صرف شده براي مسواك زدن بخشهاي مختلف دهان را تعیین کند و در صورت جاماندن هر بخشی از دندانها، آن را به کاربر اعلام کند. همچنین الگوریتم خاص این مســواك میتواند بتدریج با عادتهاي کاربر آشــنا شده و توصیههایی دقیقتر به\nاو ارائه دهد. نرمافزار این مســواك بر اســاس پلتفرم ResearchKit شــرکت اپل توسعهیافته است. این پلتفرم براي کمک به پژوهشگران و توسهدهندگان تجهیزات مرتبط با سلامت و پزشکی طراحی شده است. مسواك E1 ارتعاشاتی با امواج صوتی ایجاد کرده که به تمیزتر شــدن دندانها و از بین بردن بهتر مواد زاید روي آنها کمک میکند. باتري\nاین مسواك با هر بار شارژ میتواند تا ده روز کار کند. قیمت این محصول 96 دلار است..شــرکت کالگیت بتازگی از محصــول جدید خود با نام E1 رونمایی کرده که یک مســواك برقی هوشمند است. این مســواك با بهرهگیري از حسگرهاي مختلف خود میتواند موقعیت و زمان صرف شده براي مسواك زدن بخشهاي مختلف دهان را تعیین کند و در صورت جاماندن هر بخشی از دندانها، آن را به کاربر اعلام کند. همچنین الگوریتم خاص این مســواك میتواند بتدریج با عادتهاي کاربر آشــنا شده و توصیههایی دقیقتر به\nاو ارائه دهد. نرمافزار این مســواك بر اســاس پلتفرم ResearchKit شــرکت اپل توسعهیافته است. این پلتفرم براي کمک به پژوهشگران و توسهدهندگان تجهیزات مرتبط با سلامت و پزشکی طراحی شده است. مسواك E1 ارتعاشاتی با امواج صوتی ایجاد کرده که به تمیزتر شــدن دندانها و از بین بردن بهتر مواد زاید روي آنها کمک میکند. باتري\nاین مسواك با هر بار شارژ میتواند تا ده روز کار کند. قیمت این محصول 96 دلار است..شــرکت کالگیت بتازگی از محصــول جدید خود با نام E1 رونمایی کرده که یک مســواك برقی هوشمند است. این مســواك با بهرهگیري از حسگرهاي مختلف خود میتواند موقعیت و زمان صرف شده براي مسواك زدن بخشهاي مختلف دهان را تعیین کند و در صورت جاماندن هر بخشی از دندانها، آن را به کاربر اعلام کند. همچنین الگوریتم خاص این مســواك میتواند بتدریج با عادتهاي کاربر آشــنا شده و توصیههایی دقیقتر به\nاو ارائه دهد. نرمافزار این مســواك بر اســاس پلتفرم ResearchKit شــرکت اپل توسعهیافته است. این پلتفرم براي کمک به پژوهشگران و توسهدهندگان تجهیزات مرتبط با سلامت و پزشکی طراحی شده است. مسواك E1 ارتعاشاتی با امواج صوتی ایجاد کرده که به تمیزتر شــدن دندانها و از بین بردن بهتر مواد زاید روي آنها کمک میکند. باتري\nاین مسواك با هر بار شارژ میتواند تا ده روز کار کند. قیمت این محصول 96 دلار است..شــرکت کالگیت بتازگی از محصــول جدید خود با نام E1 رونمایی کرده که یک مســواك برقی هوشمند است. این مســواك با بهرهگیري از حسگرهاي مختلف خود میتواند موقعیت و زمان صرف شده براي مسواك زدن بخشهاي مختلف دهان را تعیین کند و در صورت جاماندن هر بخشی از دندانها، آن را به کاربر اعلام کند. همچنین الگوریتم خاص این مســواك میتواند بتدریج با عادتهاي کاربر آشــنا شده و توصیههایی دقیقتر به\nاو ارائه دهد. نرمافزار این مســواك بر اســاس پلتفرم ResearchKit شــرکت اپل توسعهیافته است. این پلتفرم براي کمک به پژوهشگران و توسهدهندگان تجهیزات مرتبط با سلامت و پزشکی طراحی شده است. مسواك E1 ارتعاشاتی با امواج صوتی ایجاد کرده که به تمیزتر شــدن دندانها و از بین بردن بهتر مواد زاید روي آنها کمک میکند. باتري\nاین مسواك با هر بار شارژ میتواند تا ده روز کار کند. قیمت این محصول 96 دلار است..شــرکت کالگیت بتازگی از محصــول جدید خود با نام E1 رونمایی کرده که یک مســواك برقی هوشمند است. این مســواك با بهرهگیري از حسگرهاي مختلف خود میتواند موقعیت و زمان صرف شده براي مسواك زدن بخشهاي مختلف دهان را تعیین کند و در صورت جاماندن هر بخشی از دندانها، آن را به کاربر اعلام کند. همچنین الگوریتم خاص این مســواك میتواند بتدریج با عادتهاي کاربر آشــنا شده و توصیههایی دقیقتر به\nاو ارائه دهد. نرمافزار این مســواك بر اســاس پلتفرم ResearchKit شــرکت اپل توسعهیافته است. این پلتفرم براي کمک به پژوهشگران و توسهدهندگان تجهیزات مرتبط با سلامت و پزشکی طراحی شده است. مسواك E1 ارتعاشاتی با امواج صوتی ایجاد کرده که به تمیزتر شــدن دندانها و از بین بردن بهتر مواد زاید روي آنها کمک میکند. باتري\nاین مسواك با هر بار شارژ میتواند تا ده روز کار کند. قیمت این محصول 96 دلار است..', 8, 'خالی-میکردند-و-من-گوش-میکردم-و-مثل-دو-تا', '2014-04-08', '2021-12-31');

-- --------------------------------------------------------

--
-- Table structure for table `articles_categories`
--

CREATE TABLE `articles_categories` (
  `id` int(11) NOT NULL,
  `article_id` int(11) NOT NULL,
  `category_id` int(11) NOT NULL
) ENGINE=InnoDB DEFAULT CHARSET=utf8 COLLATE=utf8_persian_ci;

--
-- Dumping data for table `articles_categories`
--

INSERT INTO `articles_categories` (`id`, `article_id`, `category_id`) VALUES
(1, 1, 1),
(2, 1, 5),
(3, 1, 4),
(4, 2, 1),
(5, 2, 6),
(6, 2, 3),
(7, 3, 1),
(8, 3, 6),
(9, 4, 1),
(10, 4, 6),
(11, 4, 2),
(12, 5, 3),
(13, 5, 2),
(14, 5, 1),
(15, 6, 1),
(17, 7, 3),
(18, 7, 6),
(19, 7, 2),
(20, 7, 5),
(21, 8, 1),
(22, 8, 4),
(23, 8, 6),
(24, 8, 3),
(25, 9, 1),
(26, 9, 4),
(27, 10, 6),
(28, 10, 5),
(29, 11, 4),
(30, 12, 4),
(31, 12, 3),
(32, 12, 6),
(33, 12, 1),
(34, 13, 4),
(35, 13, 6),
(36, 13, 3),
(37, 14, 2),
(38, 14, 4),
(39, 15, 3),
(40, 15, 4),
(41, 15, 1),
(42, 16, 3),
(43, 17, 5),
(44, 17, 3),
(45, 18, 4),
(46, 18, 2),
(47, 18, 5),
(48, 19, 1),
(49, 19, 3),
(50, 20, 3),
(51, 21, 5),
(52, 22, 2),
(53, 22, 1),
(54, 23, 3),
(55, 23, 2),
(56, 23, 6),
(57, 23, 4),
(58, 24, 6),
(59, 24, 4),
(60, 25, 1),
(61, 25, 6),
(62, 25, 5),
(63, 26, 5),
(64, 26, 3),
(65, 27, 2),
(66, 27, 3),
(67, 27, 4),
(68, 28, 1),
(69, 28, 3),
(70, 28, 4),
(71, 29, 4),
(72, 30, 2),
(73, 30, 3),
(74, 31, 3),
(75, 31, 5),
(76, 32, 3),
(77, 32, 1),
(78, 33, 2),
(79, 34, 3),
(80, 34, 4),
(81, 35, 6),
(82, 35, 4),
(83, 36, 2),
(84, 36, 4),
(85, 37, 5),
(86, 37, 6),
(87, 38, 4),
(88, 38, 5),
(89, 39, 4),
(90, 39, 3),
(91, 40, 3),
(92, 40, 1),
(93, 41, 1),
(94, 41, 6),
(95, 41, 3),
(96, 42, 5),
(97, 42, 6),
(98, 42, 4),
(99, 42, 3),
(100, 43, 2),
(101, 43, 1),
(102, 44, 1),
(103, 44, 2),
(104, 44, 6),
(105, 44, 5),
(106, 45, 2),
(107, 45, 1),
(108, 45, 4),
(109, 45, 5),
(110, 46, 3),
(111, 46, 6),
(112, 46, 1),
(113, 47, 6),
(114, 47, 2),
(115, 48, 3),
(116, 48, 1),
(117, 49, 5),
(118, 50, 5),
(119, 50, 6),
(120, 6, 5),
(121, 51, 3),
(122, 52, 3),
(123, 53, 3);

-- --------------------------------------------------------

--
-- Table structure for table `categories`
--

CREATE TABLE `categories` (
  `id` int(11) NOT NULL,
  `title` varchar(256) NOT NULL,
  `slug` varchar(256) NOT NULL
) ENGINE=InnoDB DEFAULT CHARSET=utf8 COLLATE=utf8_persian_ci;

--
-- Dumping data for table `categories`
--

INSERT INTO `categories` (`id`, `title`, `slug`) VALUES
(1, 'سبک زندگی', 'سبک-زندگی'),
(2, 'مد و فشن', 'مد-و-فشن'),
(3, 'سفر', 'سفر'),
(4, 'خرید', 'خرید'),
(5, 'آرایش', 'آرایش'),
(6, 'سلامت', 'سلامت'),
(7, 'تناسب اندام', 'تناسب-اندام'),
(8, 'برنامه نویسی', 'برنامه-نویسی');

-- --------------------------------------------------------

--
-- Table structure for table `cities`
--

CREATE TABLE `cities` (
  `id` int(11) NOT NULL,
  `name` varchar(17) NOT NULL,
  `slug` varchar(26) DEFAULT NULL,
  `province_id` int(11) NOT NULL
) ENGINE=InnoDB DEFAULT CHARSET=utf8 COLLATE=utf8_persian_ci;

--
-- Dumping data for table `cities`
--

INSERT INTO `cities` (`id`, `name`, `slug`, `province_id`) VALUES
(1, 'اسکو', 'اسکو', 1),
(2, 'اهر', 'اهر', 1),
(3, 'ایلخچی', 'ایلخچی', 1),
(4, 'آبش احمد', 'آبش-احمد', 1),
(5, 'آذرشهر', 'آذرشهر', 1),
(6, 'آقکند', 'آقکند', 1),
(7, 'باسمنج', 'باسمنج', 1),
(8, 'بخشایش', 'بخشایش', 1),
(9, 'بستان آباد', 'بستان-آباد', 1),
(10, 'بناب', 'بناب', 1),
(11, 'بناب جدید', 'بناب-جدید', 1),
(12, 'تبریز', 'تبریز', 1),
(13, 'ترک', 'ترک', 1),
(14, 'ترکمانچای', 'ترکمانچای', 1),
(15, 'تسوج', 'تسوج', 1),
(16, 'تیکمه داش', 'تیکمه-داش', 1),
(17, 'جلفا', 'جلفا', 1),
(18, 'خاروانا', 'خاروانا', 1),
(19, 'خامنه', 'خامنه', 1),
(20, 'خراجو', 'خراجو', 1),
(21, 'خسروشهر', 'خسروشهر', 1),
(22, 'خضرلو', 'خضرلو', 1),
(23, 'خمارلو', 'خمارلو', 1),
(24, 'خواجه', 'خواجه', 1),
(25, 'دوزدوزان', 'دوزدوزان', 1),
(26, 'زرنق', 'زرنق', 1),
(27, 'زنوز', 'زنوز', 1),
(28, 'سراب', 'سراب', 1),
(29, 'سردرود', 'سردرود', 1),
(30, 'سهند', 'سهند', 1),
(31, 'سیس', 'سیس', 1),
(32, 'سیه رود', 'سیه-رود', 1),
(33, 'شبستر', 'شبستر', 1),
(34, 'شربیان', 'شربیان', 1),
(35, 'شرفخانه', 'شرفخانه', 1),
(36, 'شندآباد', 'شندآباد', 1),
(37, 'صوفیان', 'صوفیان', 1),
(38, 'عجب شیر', 'عجب-شیر', 1),
(39, 'قره آغاج', 'قره-آغاج', 1),
(40, 'کشکسرای', 'کشکسرای', 1),
(41, 'کلوانق', 'کلوانق', 1),
(42, 'کلیبر', 'کلیبر', 1),
(43, 'کوزه کنان', 'کوزه-کنان', 1),
(44, 'گوگان', 'گوگان', 1),
(45, 'لیلان', 'لیلان', 1),
(46, 'مراغه', 'مراغه', 1),
(47, 'مرند', 'مرند', 1),
(48, 'ملکان', 'ملکان', 1),
(49, 'ملک کیان', 'ملک-کیان', 1),
(50, 'ممقان', 'ممقان', 1),
(51, 'مهربان', 'مهربان', 1),
(52, 'میانه', 'میانه', 1),
(53, 'نظرکهریزی', 'نظرکهریزی', 1),
(54, 'هادی شهر', 'هادی-شهر', 1),
(55, 'هرگلان', 'هرگلان', 1),
(56, 'هریس', 'هریس', 1),
(57, 'هشترود', 'هشترود', 1),
(58, 'هوراند', 'هوراند', 1),
(59, 'وایقان', 'وایقان', 1),
(60, 'ورزقان', 'ورزقان', 1),
(61, 'یامچی', 'یامچی', 1),
(62, 'ارومیه', 'ارومیه', 2),
(63, 'اشنویه', 'اشنویه', 2),
(64, 'ایواوغلی', 'ایواوغلی', 2),
(65, 'آواجیق', 'آواجیق', 2),
(66, 'باروق', 'باروق', 2),
(67, 'بازرگان', 'بازرگان', 2),
(68, 'بوکان', 'بوکان', 2),
(69, 'پلدشت', 'پلدشت', 2),
(70, 'پیرانشهر', 'پیرانشهر', 2),
(71, 'تازه شهر', 'تازه-شهر', 2),
(72, 'تکاب', 'تکاب', 2),
(73, 'چهاربرج', 'چهاربرج', 2),
(74, 'خوی', 'خوی', 2),
(75, 'دیزج دیز', 'دیزج-دیز', 2),
(76, 'ربط', 'ربط', 2),
(77, 'سردشت', 'آذربایجان-غربی-سردشت', 2),
(78, 'سرو', 'سرو', 2),
(79, 'سلماس', 'سلماس', 2),
(80, 'سیلوانه', 'سیلوانه', 2),
(81, 'سیمینه', 'سیمینه', 2),
(82, 'سیه چشمه', 'سیه-چشمه', 2),
(83, 'شاهین دژ', 'شاهین-دژ', 2),
(84, 'شوط', 'شوط', 2),
(85, 'فیرورق', 'فیرورق', 2),
(86, 'قره ضیاءالدین', 'قره-ضیاءالدین', 2),
(87, 'قطور', 'قطور', 2),
(88, 'قوشچی', 'قوشچی', 2),
(89, 'کشاورز', 'کشاورز', 2),
(90, 'گردکشانه', 'گردکشانه', 2),
(91, 'ماکو', 'ماکو', 2),
(92, 'محمدیار', 'محمدیار', 2),
(93, 'محمودآباد', 'آذربایجان-غربی-محمودآباد', 2),
(94, 'مهاباد', 'آذربایجان-غربی-مهاباد', 2),
(95, 'میاندوآب', 'میاندوآب', 2),
(96, 'میرآباد', 'میرآباد', 2),
(97, 'نالوس', 'نالوس', 2),
(98, 'نقده', 'نقده', 2),
(99, 'نوشین', 'نوشین', 2),
(100, 'اردبیل', 'اردبیل', 3),
(101, 'اصلاندوز', 'اصلاندوز', 3),
(102, 'آبی بیگلو', 'آبی-بیگلو', 3),
(103, 'بیله سوار', 'بیله-سوار', 3),
(104, 'پارس آباد', 'پارس-آباد', 3),
(105, 'تازه کند', 'تازه-کند', 3),
(106, 'تازه کندانگوت', 'تازه-کندانگوت', 3),
(107, 'جعفرآباد', 'جعفرآباد', 3),
(108, 'خلخال', 'خلخال', 3),
(109, 'رضی', 'رضی', 3),
(110, 'سرعین', 'سرعین', 3),
(111, 'عنبران', 'عنبران', 3),
(112, 'فخرآباد', 'فخرآباد', 3),
(113, 'کلور', 'کلور', 3),
(114, 'کوراییم', 'کوراییم', 3),
(115, 'گرمی', 'گرمی', 3),
(116, 'گیوی', 'گیوی', 3),
(117, 'لاهرود', 'لاهرود', 3),
(118, 'مشگین شهر', 'مشگین-شهر', 3),
(119, 'نمین', 'نمین', 3),
(120, 'نیر', 'اردبیل-نیر', 3),
(121, 'هشتجین', 'هشتجین', 3),
(122, 'هیر', 'هیر', 3),
(123, 'ابریشم', 'ابریشم', 4),
(124, 'ابوزیدآباد', 'ابوزیدآباد', 4),
(125, 'اردستان', 'اردستان', 4),
(126, 'اژیه', 'اژیه', 4),
(127, 'اصفهان', 'اصفهان', 4),
(128, 'افوس', 'افوس', 4),
(129, 'انارک', 'انارک', 4),
(130, 'ایمانشهر', 'ایمانشهر', 4),
(131, 'آران وبیدگل', 'آران-وبیدگل', 4),
(132, 'بادرود', 'بادرود', 4),
(133, 'باغ بهادران', 'باغ-بهادران', 4),
(134, 'بافران', 'بافران', 4),
(135, 'برزک', 'برزک', 4),
(136, 'برف انبار', 'برف-انبار', 4),
(137, 'بهاران شهر', 'بهاران-شهر', 4),
(138, 'بهارستان', 'بهارستان', 4),
(139, 'بوئین و میاندشت', 'بوئین-میاندشت', 4),
(140, 'پیربکران', 'پیربکران', 4),
(141, 'تودشک', 'تودشک', 4),
(142, 'تیران', 'تیران', 4),
(143, 'جندق', 'جندق', 4),
(144, 'جوزدان', 'جوزدان', 4),
(145, 'جوشقان و کامو', 'جوشقان-کامو', 4),
(146, 'چادگان', 'چادگان', 4),
(147, 'چرمهین', 'چرمهین', 4),
(148, 'چمگردان', 'چمگردان', 4),
(149, 'حبیب آباد', 'حبیب-آباد', 4),
(150, 'حسن آباد', 'اصفهان-حسن-آباد', 4),
(151, 'حنا', 'حنا', 4),
(152, 'خالدآباد', 'خالدآباد', 4),
(153, 'خمینی شهر', 'خمینی-شهر', 4),
(154, 'خوانسار', 'خوانسار', 4),
(155, 'خور', 'اصفهان-خور', 4),
(157, 'خورزوق', 'خورزوق', 4),
(158, 'داران', 'داران', 4),
(159, 'دامنه', 'دامنه', 4),
(160, 'درچه', 'درچه', 4),
(161, 'دستگرد', 'دستگرد', 4),
(162, 'دهاقان', 'دهاقان', 4),
(163, 'دهق', 'دهق', 4),
(164, 'دولت آباد', 'اصفهان-دولت-آباد', 4),
(165, 'دیزیچه', 'دیزیچه', 4),
(166, 'رزوه', 'رزوه', 4),
(167, 'رضوانشهر', 'اصفهان-رضوانشهر', 4),
(168, 'زاینده رود', 'زاینده-رود', 4),
(169, 'زرین شهر', 'زرین-شهر', 4),
(170, 'زواره', 'زواره', 4),
(171, 'زیباشهر', 'زیباشهر', 4),
(172, 'سده لنجان', 'سده-لنجان', 4),
(173, 'سفیدشهر', 'سفیدشهر', 4),
(174, 'سگزی', 'سگزی', 4),
(175, 'سمیرم', 'سمیرم', 4),
(176, 'شاهین شهر', 'شاهین-شهر', 4),
(177, 'شهرضا', 'شهرضا', 4),
(178, 'طالخونچه', 'طالخونچه', 4),
(179, 'عسگران', 'عسگران', 4),
(180, 'علویجه', 'علویجه', 4),
(181, 'فرخی', 'فرخی', 4),
(182, 'فریدونشهر', 'فریدونشهر', 4),
(183, 'فلاورجان', 'فلاورجان', 4),
(184, 'فولادشهر', 'فولادشهر', 4),
(185, 'قمصر', 'قمصر', 4),
(186, 'قهجاورستان', 'قهجاورستان', 4),
(187, 'قهدریجان', 'قهدریجان', 4),
(188, 'کاشان', 'کاشان', 4),
(189, 'کرکوند', 'کرکوند', 4),
(190, 'کلیشاد و سودرجان', 'کلیشاد-سودرجان', 4),
(191, 'کمشچه', 'کمشچه', 4),
(192, 'کمه', 'کمه', 4),
(193, 'کهریزسنگ', 'کهریزسنگ', 4),
(194, 'کوشک', 'کوشک', 4),
(195, 'کوهپایه', 'کوهپایه', 4),
(196, 'گرگاب', 'گرگاب', 4),
(197, 'گزبرخوار', 'گزبرخوار', 4),
(198, 'گلپایگان', 'گلپایگان', 4),
(199, 'گلدشت', 'گلدشت', 4),
(200, 'گلشهر', 'گلشهر', 4),
(201, 'گوگد', 'گوگد', 4),
(202, 'لای بید', 'لای-بید', 4),
(203, 'مبارکه', 'مبارکه', 4),
(204, 'مجلسی', 'مجلسی', 4),
(205, 'محمدآباد', 'اصفهان-محمدآباد', 4),
(206, 'مشکات', 'مشکات', 4),
(207, 'منظریه', 'منظریه', 4),
(208, 'مهاباد', 'اصفهان-مهاباد', 4),
(209, 'میمه', 'اصفهان-میمه', 4),
(210, 'نائین', 'نائین', 4),
(211, 'نجف آباد', 'نجف-آباد', 4),
(212, 'نصرآباد', 'اصفهان-نصرآباد', 4),
(213, 'نطنز', 'نطنز', 4),
(214, 'نوش آباد', 'نوش-آباد', 4),
(215, 'نیاسر', 'نیاسر', 4),
(216, 'نیک آباد', 'نیک-آباد', 4),
(217, 'هرند', 'هرند', 4),
(218, 'ورزنه', 'ورزنه', 4),
(219, 'ورنامخواست', 'ورنامخواست', 4),
(220, 'وزوان', 'وزوان', 4),
(221, 'ونک', 'ونک', 4),
(222, 'اسارا', 'اسارا', 5),
(223, 'اشتهارد', 'اشتهارد', 5),
(224, 'تنکمان', 'تنکمان', 5),
(225, 'چهارباغ', 'چهارباغ', 5),
(226, 'سعید آباد', 'سعید-آباد', 5),
(227, 'شهر جدید هشتگرد', 'شهر-جدید-هشتگرد', 5),
(228, 'طالقان', 'طالقان', 5),
(229, 'کرج', 'کرج', 5),
(230, 'کمال شهر', 'کمال-شهر', 5),
(231, 'کوهسار', 'کوهسار', 5),
(232, 'گرمدره', 'گرمدره', 5),
(233, 'ماهدشت', 'ماهدشت', 5),
(234, 'محمدشهر', 'البرز-محمدشهر', 5),
(235, 'مشکین دشت', 'مشکین-دشت', 5),
(236, 'نظرآباد', 'نظرآباد', 5),
(237, 'هشتگرد', 'هشتگرد', 5),
(238, 'ارکواز', 'ارکواز', 6),
(239, 'ایلام', 'ایلام', 6),
(240, 'ایوان', 'ایوان', 6),
(241, 'آبدانان', 'آبدانان', 6),
(242, 'آسمان آباد', 'آسمان-آباد', 6),
(243, 'بدره', 'بدره', 6),
(244, 'پهله', 'پهله', 6),
(245, 'توحید', 'توحید', 6),
(246, 'چوار', 'چوار', 6),
(247, 'دره شهر', 'دره-شهر', 6),
(248, 'دلگشا', 'دلگشا', 6),
(249, 'دهلران', 'دهلران', 6),
(250, 'زرنه', 'زرنه', 6),
(251, 'سراب باغ', 'سراب-باغ', 6),
(252, 'سرابله', 'سرابله', 6),
(253, 'صالح آباد', 'ایلام-صالح-آباد', 6),
(254, 'لومار', 'لومار', 6),
(255, 'مهران', 'مهران', 6),
(256, 'مورموری', 'مورموری', 6),
(257, 'موسیان', 'موسیان', 6),
(258, 'میمه', 'ایلام-میمه', 6),
(259, 'امام حسن', 'امام-حسن', 7),
(260, 'انارستان', 'انارستان', 7),
(261, 'اهرم', 'اهرم', 7),
(262, 'آب پخش', 'آب-پخش', 7),
(263, 'آبدان', 'آبدان', 7),
(264, 'برازجان', 'برازجان', 7),
(265, 'بردخون', 'بردخون', 7),
(266, 'بندردیر', 'بندردیر', 7),
(267, 'بندردیلم', 'بندردیلم', 7),
(268, 'بندرریگ', 'بندرریگ', 7),
(269, 'بندرکنگان', 'بندرکنگان', 7),
(270, 'بندرگناوه', 'بندرگناوه', 7),
(271, 'بنک', 'بنک', 7),
(272, 'بوشهر', 'بوشهر', 7),
(273, 'تنگ ارم', 'تنگ-ارم', 7),
(274, 'جم', 'جم', 7),
(275, 'چغادک', 'چغادک', 7),
(276, 'خارک', 'خارک', 7),
(277, 'خورموج', 'خورموج', 7),
(278, 'دالکی', 'دالکی', 7),
(279, 'دلوار', 'دلوار', 7),
(280, 'ریز', 'ریز', 7),
(281, 'سعدآباد', 'سعدآباد', 7),
(282, 'سیراف', 'سیراف', 7),
(283, 'شبانکاره', 'شبانکاره', 7),
(284, 'شنبه', 'شنبه', 7),
(285, 'عسلویه', 'عسلویه', 7),
(286, 'کاکی', 'کاکی', 7),
(287, 'کلمه', 'کلمه', 7),
(288, 'نخل تقی', 'نخل-تقی', 7),
(289, 'وحدتیه', 'وحدتیه', 7),
(290, 'ارجمند', 'ارجمند', 8),
(291, 'اسلامشهر', 'اسلامشهر', 8),
(292, 'اندیشه', 'اندیشه', 8),
(293, 'آبسرد', 'آبسرد', 8),
(294, 'آبعلی', 'آبعلی', 8),
(295, 'باغستان', 'باغستان', 8),
(296, 'باقرشهر', 'باقرشهر', 8),
(297, 'بومهن', 'بومهن', 8),
(298, 'پاکدشت', 'پاکدشت', 8),
(299, 'پردیس', 'پردیس', 8),
(300, 'پیشوا', 'پیشوا', 8),
(301, 'تهران', 'تهران', 8),
(302, 'جوادآباد', 'جوادآباد', 8),
(303, 'چهاردانگه', 'چهاردانگه', 8),
(304, 'حسن آباد', 'تهران-حسن-آباد', 8),
(305, 'دماوند', 'دماوند', 8),
(306, 'دیزین', 'دیزین', 8),
(307, 'شهر ری', 'شهر-ری', 8),
(308, 'رباط کریم', 'رباط-کریم', 8),
(309, 'رودهن', 'رودهن', 8),
(310, 'شاهدشهر', 'شاهدشهر', 8),
(311, 'شریف آباد', 'شریف-آباد', 8),
(312, 'شمشک', 'شمشک', 8),
(313, 'شهریار', 'شهریار', 8),
(314, 'صالح آباد', 'تهران-صالح-آباد', 8),
(315, 'صباشهر', 'صباشهر', 8),
(316, 'صفادشت', 'صفادشت', 8),
(317, 'فردوسیه', 'فردوسیه', 8),
(318, 'فشم', 'فشم', 8),
(319, 'فیروزکوه', 'فیروزکوه', 8),
(320, 'قدس', 'قدس', 8),
(321, 'قرچک', 'قرچک', 8),
(322, 'کهریزک', 'کهریزک', 8),
(323, 'کیلان', 'کیلان', 8),
(324, 'گلستان', 'شهر-گلستان', 8),
(325, 'لواسان', 'لواسان', 8),
(326, 'ملارد', 'ملارد', 8),
(327, 'میگون', 'میگون', 8),
(328, 'نسیم شهر', 'نسیم-شهر', 8),
(329, 'نصیرآباد', 'نصیرآباد', 8),
(330, 'وحیدیه', 'وحیدیه', 8),
(331, 'ورامین', 'ورامین', 8),
(332, 'اردل', 'اردل', 9),
(333, 'آلونی', 'آلونی', 9),
(334, 'باباحیدر', 'باباحیدر', 9),
(335, 'بروجن', 'بروجن', 9),
(336, 'بلداجی', 'بلداجی', 9),
(337, 'بن', 'بن', 9),
(338, 'جونقان', 'جونقان', 9),
(339, 'چلگرد', 'چلگرد', 9),
(340, 'سامان', 'سامان', 9),
(341, 'سفیددشت', 'سفیددشت', 9),
(342, 'سودجان', 'سودجان', 9),
(343, 'سورشجان', 'سورشجان', 9),
(344, 'شلمزار', 'شلمزار', 9),
(345, 'شهرکرد', 'شهرکرد', 9),
(346, 'طاقانک', 'طاقانک', 9),
(347, 'فارسان', 'فارسان', 9),
(348, 'فرادنبه', 'فرادبنه', 9),
(349, 'فرخ شهر', 'فرخ-شهر', 9),
(350, 'کیان', 'کیان', 9),
(351, 'گندمان', 'گندمان', 9),
(352, 'گهرو', 'گهرو', 9),
(353, 'لردگان', 'لردگان', 9),
(354, 'مال خلیفه', 'مال-خلیفه', 9),
(355, 'ناغان', 'ناغان', 9),
(356, 'نافچ', 'نافچ', 9),
(357, 'نقنه', 'نقنه', 9),
(358, 'هفشجان', 'هفشجان', 9),
(359, 'ارسک', 'ارسک', 10),
(360, 'اسدیه', 'اسدیه', 10),
(361, 'اسفدن', 'اسفدن', 10),
(362, 'اسلامیه', 'اسلامیه', 10),
(363, 'آرین شهر', 'آرین-شهر', 10),
(364, 'آیسک', 'آیسک', 10),
(365, 'بشرویه', 'بشرویه', 10),
(366, 'بیرجند', 'بیرجند', 10),
(367, 'حاجی آباد', 'خراسان-جنوبی-حاجی-آباد', 10),
(368, 'خضری دشت بیاض', 'خضری-دشت-بیاض', 10),
(369, 'خوسف', 'خوسف', 10),
(370, 'زهان', 'زهان', 10),
(371, 'سرایان', 'سرایان', 10),
(372, 'سربیشه', 'سربیشه', 10),
(373, 'سه قلعه', 'سه-قلعه', 10),
(374, 'شوسف', 'شوسف', 10),
(375, 'طبس', 'خراسان-جنوبی-طبس-', 10),
(376, 'فردوس', 'فردوس', 10),
(377, 'قاین', 'قاین', 10),
(378, 'قهستان', 'قهستان', 10),
(379, 'محمدشهر', 'خراسان-جنوبی-محمدشهر', 10),
(380, 'مود', 'مود', 10),
(381, 'نهبندان', 'نهبندان', 10),
(382, 'نیمبلوک', 'نیمبلوک', 10),
(383, 'احمدآباد صولت', 'احمدآباد-صولت', 11),
(384, 'انابد', 'انابد', 11),
(385, 'باجگیران', 'باجگیران', 11),
(386, 'باخرز', 'باخرز', 11),
(387, 'بار', 'بار', 11),
(388, 'بایگ', 'بایگ', 11),
(389, 'بجستان', 'بجستان', 11),
(390, 'بردسکن', 'بردسکن', 11),
(391, 'بیدخت', 'بیدخت', 11),
(392, 'تایباد', 'تایباد', 11),
(393, 'تربت جام', 'تربت-جام', 11),
(394, 'تربت حیدریه', 'تربت-حیدریه', 11),
(395, 'جغتای', 'جغتای', 11),
(396, 'جنگل', 'جنگل', 11),
(397, 'چاپشلو', 'چاپشلو', 11),
(398, 'چکنه', 'چکنه', 11),
(399, 'چناران', 'چناران', 11),
(400, 'خرو', 'خرو', 11),
(401, 'خلیل آباد', 'خلیل-آباد', 11),
(402, 'خواف', 'خواف', 11),
(403, 'داورزن', 'داورزن', 11),
(404, 'درگز', 'درگز', 11),
(405, 'در رود', 'در-رود', 11),
(406, 'دولت آباد', 'خراسان-رضوی-دولت-آباد', 11),
(407, 'رباط سنگ', 'رباط-سنگ', 11),
(408, 'رشتخوار', 'رشتخوار', 11),
(409, 'رضویه', 'رضویه', 11),
(410, 'روداب', 'روداب', 11),
(411, 'ریوش', 'ریوش', 11),
(412, 'سبزوار', 'سبزوار', 11),
(413, 'سرخس', 'سرخس', 11),
(414, 'سفیدسنگ', 'سفیدسنگ', 11),
(415, 'سلامی', 'سلامی', 11),
(416, 'سلطان آباد', 'سلطان-آباد', 11),
(417, 'سنگان', 'سنگان', 11),
(418, 'شادمهر', 'شادمهر', 11),
(419, 'شاندیز', 'شاندیز', 11),
(420, 'ششتمد', 'ششتمد', 11),
(421, 'شهرآباد', 'شهرآباد', 11),
(422, 'شهرزو', 'شهرزو', 11),
(423, 'صالح آباد', 'خراسان-رضوی-صالح-آباد', 11),
(424, 'طرقبه', 'طرقبه', 11),
(425, 'عشق آباد', 'خراسان-رضوی-عشق-آباد', 11),
(426, 'فرهادگرد', 'فرهادگرد', 11),
(427, 'فریمان', 'فریمان', 11),
(428, 'فیروزه', 'فیروزه', 11),
(429, 'فیض آباد', 'فیض-آباد', 11),
(430, 'قاسم آباد', 'قاسم-آباد', 11),
(431, 'قدمگاه', 'قدمگاه', 11),
(432, 'قلندرآباد', 'قلندرآباد', 11),
(433, 'قوچان', 'قوچان', 11),
(434, 'کاخک', 'کاخک', 11),
(435, 'کاریز', 'کاریز', 11),
(436, 'کاشمر', 'کاشمر', 11),
(437, 'کدکن', 'کدکن', 11),
(438, 'کلات', 'کلات', 11),
(439, 'کندر', 'کندر', 11),
(440, 'گلمکان', 'گلمکان', 11),
(441, 'گناباد', 'گناباد', 11),
(442, 'لطف آباد', 'لطف-آباد', 11),
(443, 'مزدآوند', 'مزدآوند', 11),
(444, 'مشهد', 'مشهد', 11),
(445, 'ملک آباد', 'ملک-آباد', 11),
(446, 'نشتیفان', 'نشتیفان', 11),
(447, 'نصرآباد', 'خراسان-رضوی-نصرآباد', 11),
(448, 'نقاب', 'نقاب', 11),
(449, 'نوخندان', 'نوخندان', 11),
(450, 'نیشابور', 'نیشابور', 11),
(451, 'نیل شهر', 'نیل-شهر', 11),
(452, 'همت آباد', 'همت-آباد', 11),
(453, 'یونسی', 'یونسی', 11),
(454, 'اسفراین', 'اسفراین', 12),
(455, 'ایور', 'ایور', 12),
(456, 'آشخانه', 'آشخانه', 12),
(457, 'بجنورد', 'بجنورد', 12),
(458, 'پیش قلعه', 'پیش-قلعه', 12),
(459, 'تیتکانلو', 'تیتکانلو', 12),
(460, 'جاجرم', 'جاجرم', 12),
(461, 'حصارگرمخان', 'حصارگرمخان', 12),
(462, 'درق', 'درق', 12),
(463, 'راز', 'راز', 12),
(464, 'سنخواست', 'سنخواست', 12),
(465, 'شوقان', 'شوقان', 12),
(466, 'شیروان', 'شیروان', 12),
(467, 'صفی آباد', 'خراسان-شمالی-صفی-آباد', 12),
(468, 'فاروج', 'فاروج', 12),
(469, 'قاضی', 'قاضی', 12),
(470, 'گرمه', 'گرمه', 12),
(471, 'لوجلی', 'لوجلی', 12),
(472, 'اروندکنار', 'اروندکنار', 13),
(473, 'الوان', 'الوان', 13),
(474, 'امیدیه', 'امیدیه', 13),
(475, 'اندیمشک', 'اندیمشک', 13),
(476, 'اهواز', 'اهواز', 13),
(477, 'ایذه', 'ایذه', 13),
(478, 'آبادان', 'آبادان', 13),
(479, 'آغاجاری', 'آغاجاری', 13),
(480, 'باغ ملک', 'باغ-ملک', 13),
(481, 'بستان', 'بستان', 13),
(482, 'بندرامام خمینی', 'بندرامام-خمینی', 13),
(483, 'بندرماهشهر', 'بندرماهشهر', 13),
(484, 'بهبهان', 'بهبهان', 13),
(485, 'ترکالکی', 'ترکالکی', 13),
(486, 'جایزان', 'جایزان', 13),
(487, 'چمران', 'چمران', 13),
(488, 'چویبده', 'چویبده', 13),
(489, 'حر', 'حر', 13),
(490, 'حسینیه', 'حسینیه', 13),
(491, 'حمزه', 'حمزه', 13),
(492, 'حمیدیه', 'حمیدیه', 13),
(493, 'خرمشهر', 'خرمشهر', 13),
(494, 'دارخوین', 'دارخوین', 13),
(495, 'دزآب', 'دزآب', 13),
(496, 'دزفول', 'دزفول', 13),
(497, 'دهدز', 'دهدز', 13),
(498, 'رامشیر', 'رامشیر', 13),
(499, 'رامهرمز', 'رامهرمز', 13),
(500, 'رفیع', 'رفیع', 13),
(501, 'زهره', 'زهره', 13),
(502, 'سالند', 'سالند', 13),
(503, 'سردشت', 'خوزستان-سردشت', 13),
(504, 'سوسنگرد', 'سوسنگرد', 13),
(505, 'شادگان', 'شادگان', 13),
(506, 'شاوور', 'شاوور', 13),
(507, 'شرافت', 'شرافت', 13),
(508, 'شوش', 'شوش', 13),
(509, 'شوشتر', 'شوشتر', 13),
(510, 'شیبان', 'شیبان', 13),
(511, 'صالح شهر', 'صالح-شهر', 13),
(512, 'صفی آباد', 'خوزستان-صفی-آباد', 13),
(513, 'صیدون', 'صیدون', 13),
(514, 'قلعه تل', 'قلعه-تل', 13),
(515, 'قلعه خواجه', 'قلعه-خواجه', 13),
(516, 'گتوند', 'گتوند', 13),
(517, 'لالی', 'لالی', 13),
(518, 'مسجدسلیمان', 'مسجدسلیمان', 13),
(520, 'ملاثانی', 'ملاثانی', 13),
(521, 'میانرود', 'میانرود', 13),
(522, 'مینوشهر', 'مینوشهر', 13),
(523, 'هفتگل', 'هفتگل', 13),
(524, 'هندیجان', 'هندیجان', 13),
(525, 'هویزه', 'هویزه', 13),
(526, 'ویس', 'ویس', 13),
(527, 'ابهر', 'ابهر', 14),
(528, 'ارمغان خانه', 'ارمغان-خانه', 14),
(529, 'آب بر', 'آب-بر', 14),
(530, 'چورزق', 'چورزق', 14),
(531, 'حلب', 'حلب', 14),
(532, 'خرمدره', 'خرمدره', 14),
(533, 'دندی', 'دندی', 14),
(534, 'زرین آباد', 'زرین-آباد', 14),
(535, 'زرین رود', 'زرین-رود', 14),
(536, 'زنجان', 'زنجان', 14),
(537, 'سجاس', 'سجاس', 14),
(538, 'سلطانیه', 'سلطانیه', 14),
(539, 'سهرورد', 'سهرورد', 14),
(540, 'صائین قلعه', 'صائین-قلعه', 14),
(541, 'قیدار', 'قیدار', 14),
(542, 'گرماب', 'گرماب', 14),
(543, 'ماه نشان', 'ماه-نشان', 14),
(544, 'هیدج', 'هیدج', 14),
(545, 'امیریه', 'امیریه', 15),
(546, 'ایوانکی', 'ایوانکی', 15),
(547, 'آرادان', 'آرادان', 15),
(548, 'بسطام', 'بسطام', 15),
(549, 'بیارجمند', 'بیارجمند', 15),
(550, 'دامغان', 'دامغان', 15),
(551, 'درجزین', 'درجزین', 15),
(552, 'دیباج', 'دیباج', 15),
(553, 'سرخه', 'سرخه', 15),
(554, 'سمنان', 'سمنان', 15),
(555, 'شاهرود', 'شاهرود', 15),
(556, 'شهمیرزاد', 'شهمیرزاد', 15),
(557, 'کلاته خیج', 'کلاته-خیج', 15),
(558, 'گرمسار', 'گرمسار', 15),
(559, 'مجن', 'مجن', 15),
(560, 'مهدی شهر', 'مهدی-شهر', 15),
(561, 'میامی', 'میامی', 15),
(562, 'ادیمی', 'ادیمی', 16),
(563, 'اسپکه', 'اسپکه', 16),
(564, 'ایرانشهر', 'ایرانشهر', 16),
(565, 'بزمان', 'بزمان', 16),
(566, 'بمپور', 'بمپور', 16),
(567, 'بنت', 'بنت', 16),
(568, 'بنجار', 'بنجار', 16),
(569, 'پیشین', 'پیشین', 16),
(570, 'جالق', 'جالق', 16),
(571, 'چابهار', 'چابهار', 16),
(572, 'خاش', 'خاش', 16),
(573, 'دوست محمد', 'دوست-محمد', 16),
(574, 'راسک', 'راسک', 16),
(575, 'زابل', 'زابل', 16),
(576, 'زابلی', 'زابلی', 16),
(577, 'زاهدان', 'زاهدان', 16),
(578, 'زهک', 'زهک', 16),
(579, 'سراوان', 'سراوان', 16),
(580, 'سرباز', 'سرباز', 16),
(581, 'سوران', 'سوران', 16),
(582, 'سیرکان', 'سیرکان', 16),
(583, 'علی اکبر', 'علی-اکبر', 16),
(584, 'فنوج', 'فنوج', 16),
(585, 'قصرقند', 'قصرقند', 16),
(586, 'کنارک', 'کنارک', 16),
(587, 'گشت', 'گشت', 16),
(588, 'گلمورتی', 'گلمورتی', 16),
(589, 'محمدان', 'محمدان', 16),
(590, 'محمدآباد', 'سیستان-و-بلوچستان-محمدآباد', 16),
(591, 'محمدی', 'محمدی', 16),
(592, 'میرجاوه', 'میرجاوه', 16),
(593, 'نصرت آباد', 'نصرت-آباد', 16),
(594, 'نگور', 'نگور', 16),
(595, 'نوک آباد', 'نوک-آباد', 16),
(596, 'نیک شهر', 'نیک-شهر', 16),
(597, 'هیدوچ', 'هیدوچ', 16),
(598, 'اردکان', 'فارس-اردکان', 17),
(599, 'ارسنجان', 'ارسنجان', 17),
(600, 'استهبان', 'استهبان', 17),
(601, 'اشکنان', 'اشکنان', 17),
(602, 'افزر', 'افزر', 17),
(603, 'اقلید', 'اقلید', 17),
(604, 'امام شهر', 'امام-شهر', 17),
(605, 'اهل', 'اهل', 17),
(606, 'اوز', 'اوز', 17),
(607, 'ایج', 'ایج', 17),
(608, 'ایزدخواست', 'ایزدخواست', 17),
(609, 'آباده', 'آباده', 17),
(610, 'آباده طشک', 'آباده-طشک', 17),
(611, 'باب انار', 'باب-انار', 17),
(612, 'بالاده', 'فارس-بالاده', 17),
(613, 'بنارویه', 'بنارویه', 17),
(614, 'بهمن', 'بهمن', 17),
(615, 'بوانات', 'بوانات', 17),
(616, 'بیرم', 'بیرم', 17),
(617, 'بیضا', 'بیضا', 17),
(618, 'جنت شهر', 'جنت-شهر', 17),
(619, 'جهرم', 'جهرم', 17),
(620, 'جویم', 'جویم', 17),
(621, 'زرین دشت', 'زرین-دشت', 17),
(622, 'حسن آباد', 'فارس-حسن-آباد', 17),
(623, 'خان زنیان', 'خان-زنیان', 17),
(624, 'خاوران', 'خاوران', 17),
(625, 'خرامه', 'خرامه', 17),
(626, 'خشت', 'خشت', 17),
(627, 'خنج', 'خنج', 17),
(628, 'خور', 'فارس-خور', 17),
(629, 'داراب', 'داراب', 17),
(630, 'داریان', 'داریان', 17),
(631, 'دبیران', 'دبیران', 17),
(632, 'دژکرد', 'دژکرد', 17),
(633, 'دهرم', 'دهرم', 17),
(634, 'دوبرجی', 'دوبرجی', 17),
(635, 'رامجرد', 'رامجرد', 17),
(636, 'رونیز', 'رونیز', 17),
(637, 'زاهدشهر', 'زاهدشهر', 17),
(638, 'زرقان', 'زرقان', 17),
(639, 'سده', 'سده', 17),
(640, 'سروستان', 'سروستان', 17),
(641, 'سعادت شهر', 'سعادت-شهر', 17),
(642, 'سورمق', 'سورمق', 17),
(643, 'سیدان', 'سیدان', 17),
(644, 'ششده', 'ششده', 17),
(645, 'شهرپیر', 'شهرپیر', 17),
(646, 'شهرصدرا', 'شهرصدرا', 17),
(647, 'شیراز', 'شیراز', 17),
(648, 'صغاد', 'صغاد', 17),
(649, 'صفاشهر', 'صفاشهر', 17),
(650, 'علامرودشت', 'علامرودشت', 17),
(651, 'فدامی', 'فدامی', 17),
(652, 'فراشبند', 'فراشبند', 17),
(653, 'فسا', 'فسا', 17),
(654, 'فیروزآباد', 'فارس-فیروزآباد', 17),
(655, 'قائمیه', 'قائمیه', 17),
(656, 'قادرآباد', 'قادرآباد', 17),
(657, 'قطب آباد', 'قطب-آباد', 17),
(658, 'قطرویه', 'قطرویه', 17),
(659, 'قیر', 'قیر', 17),
(660, 'کارزین (فتح آباد)', 'کارزین-فتح-آباد', 17),
(661, 'کازرون', 'کازرون', 17),
(662, 'کامفیروز', 'کامفیروز', 17),
(663, 'کره ای', 'کره-ای', 17),
(664, 'کنارتخته', 'کنارتخته', 17),
(665, 'کوار', 'کوار', 17),
(666, 'گراش', 'گراش', 17),
(667, 'گله دار', 'گله-دار', 17),
(668, 'لار', 'لار', 17),
(669, 'لامرد', 'لامرد', 17),
(670, 'لپویی', 'لپویی', 17),
(671, 'لطیفی', 'لطیفی', 17),
(672, 'مبارک آباددیز', 'مبارک-آباددیز', 17),
(673, 'مرودشت', 'مرودشت', 17),
(674, 'مشکان', 'مشکان', 17),
(675, 'مصیری', 'مصیری', 17),
(676, 'مهر', 'مهر', 17),
(677, 'میمند', 'میمند', 17),
(678, 'نوبندگان', 'نوبندگان', 17),
(679, 'نوجین', 'نوجین', 17),
(680, 'نودان', 'نودان', 17),
(681, 'نورآباد', 'فارس-نورآباد', 17),
(682, 'نی ریز', 'نی-ریز', 17),
(683, 'وراوی', 'وراوی', 17),
(684, 'ارداق', 'ارداق', 18),
(685, 'اسفرورین', 'اسفرورین', 18),
(686, 'اقبالیه', 'اقبالیه', 18),
(687, 'الوند', 'الوند', 18),
(688, 'آبگرم', 'آبگرم', 18),
(689, 'آبیک', 'آبیک', 18),
(690, 'آوج', 'آوج', 18),
(691, 'بوئین زهرا', 'بوئین-زهرا', 18),
(692, 'بیدستان', 'بیدستان', 18),
(693, 'تاکستان', 'تاکستان', 18),
(694, 'خاکعلی', 'خاکعلی', 18),
(695, 'خرمدشت', 'خرمدشت', 18),
(696, 'دانسفهان', 'دانسفهان', 18),
(697, 'رازمیان', 'رازمیان', 18),
(698, 'سگزآباد', 'سگزآباد', 18),
(699, 'سیردان', 'سیردان', 18),
(700, 'شال', 'شال', 18),
(701, 'شریفیه', 'شریفیه', 18),
(702, 'ضیاآباد', 'ضیاآباد', 18),
(703, 'قزوین', 'قزوین', 18),
(704, 'کوهین', 'کوهین', 18),
(705, 'محمدیه', 'محمدیه', 18),
(706, 'محمودآباد نمونه', 'محمودآباد-نمونه', 18),
(707, 'معلم کلایه', 'معلم-کلایه', 18),
(708, 'نرجه', 'نرجه', 18),
(709, 'جعفریه', 'جعفریه', 19),
(710, 'دستجرد', 'دستجرد', 19),
(711, 'سلفچگان', 'سلفچگان', 19),
(712, 'قم', 'قم', 19),
(713, 'قنوات', 'قنوات', 19),
(714, 'کهک', 'کهک', 19),
(715, 'آرمرده', 'آرمرده', 20),
(716, 'بابارشانی', 'بابارشانی', 20),
(717, 'بانه', 'بانه', 20),
(718, 'بلبان آباد', 'بلبان-آباد', 20),
(719, 'بوئین سفلی', 'بوئین-سفلی', 20),
(720, 'بیجار', 'بیجار', 20),
(721, 'چناره', 'چناره', 20),
(722, 'دزج', 'دزج', 20),
(723, 'دلبران', 'دلبران', 20),
(724, 'دهگلان', 'دهگلان', 20),
(725, 'دیواندره', 'دیواندره', 20),
(726, 'زرینه', 'زرینه', 20),
(727, 'سروآباد', 'سروآباد', 20),
(728, 'سریش آباد', 'سریش-آباد', 20),
(729, 'سقز', 'سقز', 20),
(730, 'سنندج', 'سنندج', 20),
(731, 'شویشه', 'شویشه', 20),
(732, 'صاحب', 'صاحب', 20),
(733, 'قروه', 'قروه', 20),
(734, 'کامیاران', 'کامیاران', 20),
(735, 'کانی دینار', 'کانی-دینار', 20),
(736, 'کانی سور', 'کانی-سور', 20),
(737, 'مریوان', 'مریوان', 20),
(738, 'موچش', 'موچش', 20),
(739, 'یاسوکند', 'یاسوکند', 20),
(740, 'اختیارآباد', 'اختیارآباد', 21),
(741, 'ارزوئیه', 'ارزوئیه', 21),
(742, 'امین شهر', 'امین-شهر', 21),
(743, 'انار', 'انار', 21),
(744, 'اندوهجرد', 'اندوهجرد', 21),
(745, 'باغین', 'باغین', 21),
(746, 'بافت', 'بافت', 21),
(747, 'بردسیر', 'بردسیر', 21),
(748, 'بروات', 'بروات', 21),
(749, 'بزنجان', 'بزنجان', 21),
(750, 'بم', 'بم', 21),
(751, 'بهرمان', 'بهرمان', 21),
(752, 'پاریز', 'پاریز', 21),
(753, 'جبالبارز', 'جبالبارز', 21),
(754, 'جوپار', 'جوپار', 21),
(755, 'جوزم', 'جوزم', 21),
(756, 'جیرفت', 'جیرفت', 21),
(757, 'چترود', 'چترود', 21),
(758, 'خاتون آباد', 'خاتون-آباد', 21),
(759, 'خانوک', 'خانوک', 21),
(760, 'خورسند', 'خورسند', 21),
(761, 'درب بهشت', 'درب-بهشت', 21),
(762, 'دهج', 'دهج', 21),
(763, 'رابر', 'رابر', 21),
(764, 'راور', 'راور', 21),
(765, 'راین', 'راین', 21),
(766, 'رفسنجان', 'رفسنجان', 21),
(767, 'رودبار', 'کرمان-رودبار', 21),
(768, 'ریحان شهر', 'ریحان-شهر', 21),
(769, 'زرند', 'زرند', 21),
(770, 'زنگی آباد', 'زنگی-آباد', 21),
(771, 'زیدآباد', 'زیدآباد', 21),
(772, 'سیرجان', 'سیرجان', 21),
(773, 'شهداد', 'شهداد', 21),
(774, 'شهربابک', 'شهربابک', 21),
(775, 'صفائیه', 'صفائیه', 21),
(776, 'عنبرآباد', 'عنبرآباد', 21),
(777, 'فاریاب', 'فاریاب', 21),
(778, 'فهرج', 'فهرج', 21),
(779, 'قلعه گنج', 'قلعه-گنج', 21),
(780, 'کاظم آباد', 'کاظم-آباد', 21),
(781, 'کرمان', 'کرمان', 21),
(782, 'کشکوئیه', 'کشکوئیه', 21),
(783, 'کهنوج', 'کهنوج', 21),
(784, 'کوهبنان', 'کوهبنان', 21),
(785, 'کیانشهر', 'کیانشهر', 21),
(786, 'گلباف', 'گلباف', 21),
(787, 'گلزار', 'گلزار', 21),
(788, 'لاله زار', 'لاله-زار', 21),
(789, 'ماهان', 'ماهان', 21),
(790, 'محمدآباد', 'کرمان-محمدآباد', 21),
(791, 'محی آباد', 'محی-آباد', 21),
(792, 'مردهک', 'مردهک', 21),
(793, 'مس سرچشمه', 'مس-سرچشمه', 21),
(794, 'منوجان', 'منوجان', 21),
(795, 'نجف شهر', 'نجف-شهر', 21),
(796, 'نرماشیر', 'نرماشیر', 21),
(797, 'نظام شهر', 'نظام-شهر', 21),
(798, 'نگار', 'نگار', 21),
(799, 'نودژ', 'نودژ', 21),
(800, 'هجدک', 'هجدک', 21),
(801, 'یزدان شهر', 'یزدان-شهر', 21),
(802, 'ازگله', 'ازگله', 22),
(803, 'اسلام آباد غرب', 'اسلام-آباد-غرب', 22),
(804, 'باینگان', 'باینگان', 22),
(805, 'بیستون', 'بیستون', 22),
(806, 'پاوه', 'پاوه', 22),
(807, 'تازه آباد', 'تازه-آباد', 22),
(808, 'جوان رود', 'جوان-رود', 22),
(809, 'حمیل', 'حمیل', 22),
(810, 'ماهیدشت', 'ماهیدشت', 22),
(811, 'روانسر', 'روانسر', 22),
(812, 'سرپل ذهاب', 'سرپل-ذهاب', 22),
(813, 'سرمست', 'سرمست', 22),
(814, 'سطر', 'سطر', 22),
(815, 'سنقر', 'سنقر', 22),
(816, 'سومار', 'سومار', 22),
(817, 'شاهو', 'شاهو', 22),
(818, 'صحنه', 'صحنه', 22),
(819, 'قصرشیرین', 'قصرشیرین', 22),
(820, 'کرمانشاه', 'کرمانشاه', 22),
(821, 'کرندغرب', 'کرندغرب', 22),
(822, 'کنگاور', 'کنگاور', 22),
(823, 'کوزران', 'کوزران', 22),
(824, 'گهواره', 'گهواره', 22),
(825, 'گیلانغرب', 'گیلانغرب', 22),
(826, 'میان راهان', 'میان-راهان', 22),
(827, 'نودشه', 'نودشه', 22),
(828, 'نوسود', 'نوسود', 22),
(829, 'هرسین', 'هرسین', 22),
(830, 'هلشی', 'هلشی', 22),
(831, 'باشت', 'باشت', 23),
(832, 'پاتاوه', 'پاتاوه', 23),
(833, 'چرام', 'چرام', 23),
(834, 'چیتاب', 'چیتاب', 23),
(835, 'دهدشت', 'دهدشت', 23),
(836, 'دوگنبدان', 'دوگنبدان', 23),
(837, 'دیشموک', 'دیشموک', 23),
(838, 'سوق', 'سوق', 23),
(839, 'سی سخت', 'سی-سخت', 23),
(840, 'قلعه رئیسی', 'قلعه-رئیسی', 23),
(841, 'گراب سفلی', 'گراب-سفلی', 23),
(842, 'لنده', 'لنده', 23),
(843, 'لیکک', 'لیکک', 23),
(844, 'مادوان', 'مادوان', 23),
(845, 'مارگون', 'مارگون', 23),
(846, 'یاسوج', 'یاسوج', 23),
(847, 'انبارآلوم', 'انبارآلوم', 24),
(848, 'اینچه برون', 'اینچه-برون', 24),
(849, 'آزادشهر', 'آزادشهر', 24),
(850, 'آق قلا', 'آق-قلا', 24),
(851, 'بندرترکمن', 'بندرترکمن', 24),
(852, 'بندرگز', 'بندرگز', 24),
(853, 'جلین', 'جلین', 24),
(854, 'خان ببین', 'خان-ببین', 24),
(855, 'دلند', 'دلند', 24),
(856, 'رامیان', 'رامیان', 24),
(857, 'سرخنکلاته', 'سرخنکلاته', 24),
(858, 'سیمین شهر', 'سیمین-شهر', 24),
(859, 'علی آباد کتول', 'علی-آباد-کتول', 24),
(860, 'فاضل آباد', 'فاضل-آباد', 24),
(861, 'کردکوی', 'کردکوی', 24),
(862, 'کلاله', 'کلاله', 24),
(863, 'گالیکش', 'گالیکش', 24),
(864, 'گرگان', 'گرگان', 24),
(865, 'گمیش تپه', 'گمیش-تپه', 24),
(866, 'گنبدکاووس', 'گنبدکاووس', 24),
(867, 'مراوه', 'مراوه', 24),
(868, 'مینودشت', 'مینودشت', 24),
(869, 'نگین شهر', 'نگین-شهر', 24),
(870, 'نوده خاندوز', 'نوده-خاندوز', 24),
(871, 'نوکنده', 'نوکنده', 24),
(872, 'ازنا', 'ازنا', 25),
(873, 'اشترینان', 'اشترینان', 25),
(874, 'الشتر', 'الشتر', 25),
(875, 'الیگودرز', 'الیگودرز', 25),
(876, 'بروجرد', 'بروجرد', 25),
(877, 'پلدختر', 'پلدختر', 25),
(878, 'چالانچولان', 'چالانچولان', 25),
(879, 'چغلوندی', 'چغلوندی', 25),
(880, 'چقابل', 'چقابل', 25),
(881, 'خرم آباد', 'لرستان-خرم-آباد', 25),
(882, 'درب گنبد', 'درب-گنبد', 25),
(883, 'دورود', 'دورود', 25),
(884, 'زاغه', 'زاغه', 25),
(885, 'سپیددشت', 'سپیددشت', 25),
(886, 'سراب دوره', 'سراب-دوره', 25),
(887, 'فیروزآباد', 'لرستان-فیروزآباد', 25),
(888, 'کونانی', 'کونانی', 25),
(889, 'کوهدشت', 'کوهدشت', 25),
(890, 'گراب', 'گراب', 25),
(891, 'معمولان', 'معمولان', 25),
(892, 'مومن آباد', 'مومن-آباد', 25),
(893, 'نورآباد', 'لرستان-نورآباد', 25),
(894, 'ویسیان', 'ویسیان', 25),
(895, 'احمدسرگوراب', 'احمدسرگوراب', 26),
(896, 'اسالم', 'اسالم', 26),
(897, 'اطاقور', 'اطاقور', 26),
(898, 'املش', 'املش', 26),
(899, 'آستارا', 'آستارا', 26),
(900, 'آستانه اشرفیه', 'آستانه-اشرفیه', 26),
(901, 'بازار جمعه', 'بازار-جمعه', 26),
(902, 'بره سر', 'بره-سر', 26),
(903, 'بندرانزلی', 'بندرانزلی', 26),
(906, 'پره سر', 'پره-سر', 26),
(907, 'تالش', 'تالش', 26),
(908, 'توتکابن', 'توتکابن', 26),
(909, 'جیرنده', 'جیرنده', 26),
(910, 'چابکسر', 'چابکسر', 26),
(911, 'چاف و چمخاله', 'چاف-و-چمخاله', 26),
(912, 'چوبر', 'چوبر', 26),
(913, 'حویق', 'حویق', 26),
(914, 'خشکبیجار', 'خشکبیجار', 26),
(915, 'خمام', 'خمام', 26),
(916, 'دیلمان', 'دیلمان', 26),
(917, 'رانکوه', 'رانکوه', 26),
(918, 'رحیم آباد', 'رحیم-آباد', 26),
(919, 'رستم آباد', 'رستم-آباد', 26),
(920, 'رشت', 'رشت', 26),
(921, 'رضوانشهر', 'گیلان-رضوانشهر', 26),
(922, 'رودبار', 'گیلان-رودبار', 26),
(923, 'رودبنه', 'رودبنه', 26),
(924, 'رودسر', 'رودسر', 26),
(925, 'سنگر', 'سنگر', 26),
(926, 'سیاهکل', 'سیاهکل', 26),
(927, 'شفت', 'شفت', 26),
(928, 'شلمان', 'شلمان', 26),
(929, 'صومعه سرا', 'صومعه-سرا', 26),
(930, 'فومن', 'فومن', 26),
(931, 'کلاچای', 'کلاچای', 26),
(932, 'کوچصفهان', 'کوچصفهان', 26),
(933, 'کومله', 'کومله', 26),
(934, 'کیاشهر', 'کیاشهر', 26),
(935, 'گوراب زرمیخ', 'گوراب-زرمیخ', 26),
(936, 'لاهیجان', 'لاهیجان', 26),
(937, 'لشت نشا', 'لشت-نشا', 26),
(938, 'لنگرود', 'لنگرود', 26),
(939, 'لوشان', 'لوشان', 26),
(940, 'لولمان', 'لولمان', 26),
(941, 'لوندویل', 'لوندویل', 26),
(942, 'لیسار', 'لیسار', 26),
(943, 'ماسال', 'ماسال', 26),
(944, 'ماسوله', 'ماسوله', 26),
(945, 'مرجقل', 'مرجقل', 26),
(946, 'منجیل', 'منجیل', 26),
(947, 'واجارگاه', 'واجارگاه', 26),
(948, 'امیرکلا', 'امیرکلا', 27),
(949, 'ایزدشهر', 'ایزدشهر', 27),
(950, 'آلاشت', 'آلاشت', 27),
(951, 'آمل', 'آمل', 27),
(952, 'بابل', 'بابل', 27),
(953, 'بابلسر', 'بابلسر', 27),
(954, 'بلده', 'مازندران-بلده', 27),
(955, 'بهشهر', 'بهشهر', 27),
(956, 'بهنمیر', 'بهنمیر', 27),
(957, 'پل سفید', 'پل-سفید', 27),
(958, 'تنکابن', 'تنکابن', 27),
(959, 'جویبار', 'جویبار', 27),
(960, 'چالوس', 'چالوس', 27),
(961, 'چمستان', 'چمستان', 27),
(962, 'خرم آباد', 'مازندران-خرم-آباد', 27),
(963, 'خلیل شهر', 'خلیل-شهر', 27),
(964, 'خوش رودپی', 'خوش-رودپی', 27),
(965, 'دابودشت', 'دابودشت', 27),
(966, 'رامسر', 'رامسر', 27),
(967, 'رستمکلا', 'رستمکلا', 27),
(968, 'رویان', 'رویان', 27),
(969, 'رینه', 'رینه', 27),
(970, 'زرگرمحله', 'زرگرمحله', 27),
(971, 'زیرآب', 'زیرآب', 27),
(972, 'ساری', 'ساری', 27),
(973, 'سرخرود', 'سرخرود', 27),
(974, 'سلمان شهر', 'سلمان-شهر', 27),
(975, 'سورک', 'سورک', 27),
(976, 'شیرگاه', 'شیرگاه', 27),
(977, 'شیرود', 'شیرود', 27),
(978, 'عباس آباد', 'عباس-آباد', 27),
(979, 'فریدونکنار', 'فریدونکنار', 27),
(980, 'فریم', 'فریم', 27),
(981, 'قائم شهر', 'قائم-شهر', 27),
(982, 'کتالم', 'کتالم', 27),
(983, 'کلارآباد', 'کلارآباد', 27),
(984, 'کلاردشت', 'کلاردشت', 27),
(985, 'کله بست', 'کله-بست', 27),
(986, 'کوهی خیل', 'کوهی-خیل', 27),
(987, 'کیاسر', 'کیاسر', 27),
(988, 'کیاکلا', 'کیاکلا', 27),
(989, 'گتاب', 'گتاب', 27),
(990, 'گزنک', 'گزنک', 27),
(991, 'گلوگاه', 'گلوگاه', 27),
(992, 'محمودآباد', 'مازندران-محمودآباد', 27),
(993, 'مرزن آباد', 'مرزن-آباد', 27),
(994, 'مرزیکلا', 'مرزیکلا', 27),
(995, 'نشتارود', 'نشتارود', 27),
(996, 'نکا', 'نکا', 27),
(997, 'نور', 'نور', 27),
(998, 'نوشهر', 'نوشهر', 27),
(999, 'اراک', 'اراک', 28),
(1000, 'آستانه', 'آستانه', 28),
(1001, 'آشتیان', 'آشتیان', 28),
(1002, 'پرندک', 'پرندک', 28),
(1003, 'تفرش', 'تفرش', 28),
(1004, 'توره', 'توره', 28),
(1005, 'جاورسیان', 'جاورسیان', 28),
(1006, 'خشکرود', 'خشکرود', 28),
(1007, 'خمین', 'خمین', 28),
(1008, 'خنداب', 'خنداب', 28),
(1009, 'داودآباد', 'داودآباد', 28),
(1010, 'دلیجان', 'دلیجان', 28),
(1011, 'رازقان', 'رازقان', 28),
(1012, 'زاویه', 'زاویه', 28),
(1013, 'ساروق', 'ساروق', 28),
(1014, 'ساوه', 'ساوه', 28),
(1015, 'سنجان', 'سنجان', 28),
(1016, 'شازند', 'شازند', 28),
(1017, 'غرق آباد', 'غرق-آباد', 28),
(1018, 'فرمهین', 'فرمهین', 28),
(1019, 'قورچی باشی', 'قورچی-باشی', 28),
(1020, 'کرهرود', 'کرهرود', 28),
(1021, 'کمیجان', 'کمیجان', 28),
(1022, 'مامونیه', 'مامونیه', 28),
(1023, 'محلات', 'محلات', 28),
(1024, 'مهاجران', 'مهاجران', 28),
(1025, 'میلاجرد', 'میلاجرد', 28),
(1026, 'نراق', 'نراق', 28),
(1027, 'نوبران', 'نوبران', 28),
(1028, 'نیمور', 'نیمور', 28),
(1029, 'هندودر', 'هندودر', 28),
(1030, 'ابوموسی', 'ابوموسی', 29),
(1031, 'بستک', 'بستک', 29),
(1032, 'بندرجاسک', 'بندرجاسک', 29),
(1033, 'بندرچارک', 'بندرچارک', 29),
(1034, 'بندرخمیر', 'بندرخمیر', 29),
(1035, 'بندرعباس', 'بندرعباس', 29),
(1036, 'بندرلنگه', 'بندرلنگه', 29),
(1037, 'بیکا', 'بیکا', 29),
(1038, 'پارسیان', 'پارسیان', 29),
(1039, 'تخت', 'تخت', 29),
(1040, 'جناح', 'جناح', 29),
(1041, 'حاجی آباد', 'هرمزگان-حاجی-آباد', 29),
(1042, 'درگهان', 'درگهان', 29),
(1043, 'دهبارز', 'دهبارز', 29),
(1044, 'رویدر', 'رویدر', 29),
(1045, 'زیارتعلی', 'زیارتعلی', 29),
(1046, 'سردشت', 'هرمزگان-سردشت', 29),
(1047, 'سندرک', 'سندرک', 29),
(1048, 'سوزا', 'سوزا', 29),
(1049, 'سیریک', 'سیریک', 29),
(1050, 'فارغان', 'فارغان', 29),
(1051, 'فین', 'فین', 29),
(1052, 'قشم', 'قشم', 29),
(1053, 'قلعه قاضی', 'قلعه-قاضی', 29),
(1054, 'کنگ', 'کنگ', 29),
(1055, 'کوشکنار', 'کوشکنار', 29),
(1056, 'کیش', 'کیش', 29),
(1057, 'گوهران', 'گوهران', 29),
(1058, 'میناب', 'میناب', 29),
(1059, 'هرمز', 'هرمز', 29),
(1060, 'هشتبندی', 'هشتبندی', 29),
(1061, 'ازندریان', 'ازندریان', 30),
(1062, 'اسدآباد', 'اسدآباد', 30),
(1063, 'برزول', 'برزول', 30),
(1064, 'بهار', 'بهار', 30),
(1065, 'تویسرکان', 'تویسرکان', 30),
(1066, 'جورقان', 'جورقان', 30),
(1067, 'جوکار', 'جوکار', 30),
(1068, 'دمق', 'دمق', 30),
(1069, 'رزن', 'رزن', 30),
(1070, 'زنگنه', 'زنگنه', 30),
(1071, 'سامن', 'سامن', 30),
(1072, 'سرکان', 'سرکان', 30),
(1073, 'شیرین سو', 'شیرین-سو', 30),
(1074, 'صالح آباد', 'همدان-صالح-آباد', 30),
(1075, 'فامنین', 'فامنین', 30),
(1076, 'فرسفج', 'فرسفج', 30),
(1077, 'فیروزان', 'فیروزان', 30),
(1078, 'قروه درجزین', 'قروه-درجزین', 30),
(1079, 'قهاوند', 'قهاوند', 30),
(1080, 'کبودر آهنگ', 'کبودر-آهنگ', 30),
(1081, 'گل تپه', 'گل-تپه', 30),
(1082, 'گیان', 'گیان', 30),
(1083, 'لالجین', 'لالجین', 30),
(1084, 'مریانج', 'مریانج', 30),
(1085, 'ملایر', 'ملایر', 30),
(1086, 'نهاوند', 'نهاوند', 30),
(1087, 'همدان', 'همدان', 30),
(1088, 'ابرکوه', 'ابرکوه', 31),
(1089, 'احمدآباد', 'احمدآباد', 31),
(1090, 'اردکان', 'یزد-اردکان', 31),
(1091, 'اشکذر', 'اشکذر', 31),
(1092, 'بافق', 'بافق', 31),
(1093, 'بفروئیه', 'بفروئیه', 31),
(1094, 'بهاباد', 'بهاباد', 31),
(1095, 'تفت', 'تفت', 31),
(1096, 'حمیدیا', 'حمیدیا', 31),
(1097, 'خضرآباد', 'خضرآباد', 31),
(1098, 'دیهوک', 'دیهوک', 31),
(1099, 'زارچ', 'زارچ', 31),
(1100, 'شاهدیه', 'شاهدیه', 31),
(1101, 'طبس', 'یزد-طبس', 31),
(1103, 'عقدا', 'عقدا', 31),
(1104, 'مروست', 'مروست', 31),
(1105, 'مهردشت', 'مهردشت', 31),
(1106, 'مهریز', 'مهریز', 31),
(1107, 'میبد', 'میبد', 31),
(1108, 'ندوشن', 'ندوشن', 31),
(1109, 'نیر', 'یزد-نیر', 31),
(1110, 'هرات', 'هرات', 31),
(1111, 'یزد', 'یزد', 31),
(1116, 'پرند', 'پرند', 8),
(1117, 'فردیس', 'فردیس', 5),
(1118, 'مارلیک', 'مارلیک', 5),
(1119, 'سادات شهر', 'سادات-شهر', 27),
(1121, 'زیباکنار', 'زیباکنار', 26),
(1135, 'کردان', 'کردان', 5),
(1137, 'ساوجبلاغ', 'ساوجبلاغ', 5),
(1138, 'تهران دشت', 'تهران-دشت', 5),
(1150, 'گلبهار', 'گلبهار', 11),
(1153, 'قیامدشت', 'قیامدشت', 8),
(1155, 'بینالود', 'بینالود', 11),
(1159, 'پیربازار', 'پیربازار', 26),
(1160, 'رضوانشهر', 'رضوانشهر', 31);

-- --------------------------------------------------------

--
-- Table structure for table `colors`
--

CREATE TABLE `colors` (
  `id` int(11) NOT NULL,
  `color` varchar(256) NOT NULL,
  `name` varchar(256) NOT NULL
) ENGINE=InnoDB DEFAULT CHARSET=utf8 COLLATE=utf8_persian_ci;

--
-- Dumping data for table `colors`
--

INSERT INTO `colors` (`id`, `color`, `name`) VALUES
(1, '#343a40', 'مشکی'),
(2, '#ff5c5c', 'قرمز'),
(3, '#49c5ff', 'آبی'),
(4, '#38575a', 'سبز'),
(5, '#dcbba8', 'کرم');

-- --------------------------------------------------------

--
-- Table structure for table `comments`
--

CREATE TABLE `comments` (
  `id` bigint(20) UNSIGNED NOT NULL,
  `commenter_id` varchar(255) DEFAULT NULL,
  `commenter_type` varchar(255) DEFAULT NULL,
  `guest_name` varchar(255) DEFAULT NULL,
  `guest_email` varchar(255) DEFAULT NULL,
  `commentable_type` varchar(255) NOT NULL,
  `commentable_id` varchar(255) NOT NULL,
  `comment` text NOT NULL,
  `approved` tinyint(1) NOT NULL DEFAULT 1,
  `child_id` bigint(20) UNSIGNED DEFAULT NULL,
  `deleted_at` timestamp NULL DEFAULT NULL,
  `created_at` timestamp NULL DEFAULT current_timestamp(),
  `updated_at` timestamp NULL DEFAULT NULL
) ENGINE=InnoDB DEFAULT CHARSET=utf8mb4 COLLATE=utf8mb4_unicode_ci;

--
-- Dumping data for table `comments`
--

INSERT INTO `comments` (`id`, `commenter_id`, `commenter_type`, `guest_name`, `guest_email`, `commentable_type`, `commentable_id`, `comment`, `approved`, `child_id`, `deleted_at`, `created_at`, `updated_at`) VALUES
(184, '1', 'App\\Models\\User', NULL, NULL, 'App\\Models\\Articles', '27', 'چه پست خوبی بود!', 1, NULL, NULL, '2022-09-04 11:21:27', '2022-09-20 03:07:43'),
(185, '1', 'App\\Models\\User', NULL, NULL, 'App\\Models\\Articles', '45', 'این پست عالی است. 👍', 1, NULL, NULL, '2022-09-04 11:23:30', '2022-09-04 11:23:30'),
(186, '1', 'App\\Models\\User', NULL, NULL, 'App\\Models\\Articles', '45', 'خوب بود', 1, NULL, NULL, '2022-09-04 11:23:55', '2022-09-04 11:23:55'),
(188, '3', 'App\\Models\\User', NULL, NULL, 'App\\Models\\Articles', '27', 'این پست عالی است!', 1, NULL, NULL, '2022-09-09 01:58:27', '2022-09-09 01:58:27'),
(190, '3', 'App\\Models\\User', NULL, NULL, 'App\\Models\\Articles', '27', 'موافقم!', 1, 184, NULL, '2022-09-09 02:01:48', '2022-09-09 02:01:48'),
(191, '3', 'App\\Models\\User', NULL, NULL, 'App\\Models\\Articles', '14', 'خیلی مفید بود!!', 1, NULL, NULL, '2022-09-09 02:25:39', '2022-09-09 02:25:39'),
(192, '3', 'App\\Models\\User', NULL, NULL, 'App\\Models\\Articles', '30', 'بسیار مفید بود', 1, NULL, NULL, '2022-09-09 02:26:57', '2022-09-15 04:35:24'),
(193, '3', 'App\\Models\\User', NULL, NULL, 'App\\Models\\Articles', '30', 'عالی بود!', 1, NULL, NULL, '2022-09-09 02:27:13', '2022-09-09 02:27:13'),
(194, '3', 'App\\Models\\User', NULL, NULL, 'App\\Models\\Articles', '30', 'مقاله ی خیلی خوبی بود', 1, NULL, NULL, '2022-09-09 02:27:46', '2022-09-09 02:27:46'),
(198, '3', 'App\\Models\\User', NULL, NULL, 'App\\Models\\Articles', '28', 'I liked it so muchhhhh😎❤️', 1, NULL, NULL, '2022-09-09 03:04:12', '2022-09-09 05:19:47'),
(200, '3', 'App\\Models\\User', NULL, NULL, 'App\\Models\\Articles', '42', 'پست بسیار جالبی بود✌️', 1, NULL, NULL, '2022-09-09 05:22:25', '2022-09-09 05:23:03'),
(201, '3', 'App\\Models\\User', NULL, NULL, 'App\\Models\\Articles', '46', 'از این پست خوشم آمد👌', 1, NULL, NULL, '2022-09-09 05:27:18', '2022-09-09 05:27:18'),
(202, '3', 'App\\Models\\User', NULL, NULL, 'App\\Models\\Articles', '30', 'بسیار مفید بود', 1, NULL, '2022-09-15 04:44:27', '2022-09-15 04:44:07', '2022-09-15 04:44:27'),
(203, NULL, NULL, NULL, NULL, 'App\\Models\\Articles', '27', 'پست با کیفیت و دقیق بود.ممنون از نویسنده اش', 1, NULL, '2022-09-20 03:05:25', '2022-09-20 03:00:54', '2022-09-20 03:05:25'),
(204, '1', 'App\\Models\\User', NULL, NULL, 'App\\Models\\Articles', '27', 'پست با کیفیت و دقیق بود.ممنون از نویسنده اش', 1, 190, NULL, '2022-09-20 03:05:35', '2022-09-20 03:05:43'),
(205, '1', 'App\\Models\\User', NULL, NULL, 'App\\Models\\Articles', '1', 'پست بسیار جالب و خوبی بود', 1, NULL, NULL, '2022-09-21 01:26:10', '2022-09-21 01:26:10'),
(206, '1', 'App\\Models\\User', NULL, NULL, 'App\\Models\\Articles', '7', 'چه پست مفید و دقیقی بود. ممنون از نویسنده ❤️', 1, NULL, NULL, '2022-09-23 06:46:23', '2022-09-23 06:46:23');

-- --------------------------------------------------------

--
-- Table structure for table `customers_opinion`
--

CREATE TABLE `customers_opinion` (
  `id` int(11) NOT NULL,
  `user_id` int(11) NOT NULL,
  `product_id` int(11) NOT NULL,
  `title` text NOT NULL,
  `body` text NOT NULL,
  `stars` int(1) NOT NULL,
  `created_at` datetime NOT NULL
) ENGINE=InnoDB DEFAULT CHARSET=utf8 COLLATE=utf8_persian_ci;

--
-- Dumping data for table `customers_opinion`
--

INSERT INTO `customers_opinion` (`id`, `user_id`, `product_id`, `title`, `body`, `stars`, `created_at`) VALUES
(1, 1, 4, 'امر و نهی می‌کرد و.', 'قرارگرفتن طولانی مدت در معرض نور خورشید میتواند\nبه بروز مشــکلاتی پوستی و حتی ســرطان منجر شود. به ه', 4, '2020-11-26 00:59:25'),
(2, 2, 14, 'تو کوک مردم! اونم این.', 'شــرکت کالگیت بتازگی از محصــول جدید خود با نام E1 رونمایی کرده که یک مســواك برقی هوشمند است. این م', 4, '2020-03-29 05:17:50'),
(3, 3, 15, 'رقم‌های مردنی حقوق.', 'یکی از مشکلات اصلی ساعتهاي هوشمند، تمام شدن سریع شارژ آنهاست. در این میان، ماتریکس پاورواچ )Matrix ', 4, '2020-11-06 03:32:30'),
(4, 3, 12, 'فشار دادم و رفتم تو..', 'چند ســال بعد از عرضه دســتیار صوتی توسط شرکتهاي بزرگ نظیر آمازون و گوگل، مدتی است شرکتهاي دیگري نی', 5, '2021-03-26 09:32:23'),
(5, 2, 6, 'نظافت هر اتاق ماهی.', 'چند ســال بعد از عرضه دســتیار صوتی توسط شرکتهاي بزرگ نظیر آمازون و گوگل، مدتی است شرکتهاي دیگري نی', 5, '2018-10-05 08:37:43'),
(6, 1, 9, 'در فکر بودم که سر پا.', 'چند ســال بعد از عرضه دســتیار صوتی توسط شرکتهاي بزرگ نظیر آمازون و گوگل، مدتی است شرکتهاي دیگري نی', 5, '2019-06-14 03:15:35'),
(7, 2, 2, 'کلاهت بگذاری که.', 'در وینــدوز 10 بــا غیرفعال کــردن ســرویس Windows Update و غیرفعال کردن\nConfigure Automatic Updates', 5, '2017-08-26 13:01:07'),
(8, 1, 1, 'که برای معلم حساب پنج.', '»گــپ« با تمرکز بر\nایجــاد فروشــگاه بر\nبســتر پیامرسانها با\nرویکردي جدید وارد\nبازار پیامرســانهاي\nد', 5, '2020-11-20 17:50:28'),
(9, 1, 10, 'می‌شد که مخفی بود و.', 'نگاه بومی خود بحث مالــی را به نرمافزارش اضافه کرده اســت؛ امکانی کــه در تلگرام و دیگر پیامرسانهاي ', 4, '2017-10-29 17:06:48'),
(10, 1, 2, 'بهتر است کارهای.', 'شــرکت کالگیت بتازگی از محصــول جدید خود با نام E1 رونمایی کرده که یک مســواك برقی هوشمند است. این م', 4, '2020-10-02 20:59:57'),
(11, 3, 12, 'می‌کرد و بیا و.', 'چند ســال بعد از عرضه دســتیار صوتی توسط شرکتهاي بزرگ نظیر آمازون و گوگل، مدتی است شرکتهاي دیگري نی', 5, '2020-02-26 00:46:37'),
(12, 3, 10, 'خوشحالی و در دانشگاه.', 'یکی از مشکلات اصلی ساعتهاي هوشمند، تمام شدن سریع شارژ آنهاست. در این میان، ماتریکس پاورواچ )Matrix ', 4, '2021-02-21 22:04:05'),
(13, 2, 4, 'حسابم چیه؟ حرف حسابم.', 'نگاه بومی خود بحث مالــی را به نرمافزارش اضافه کرده اســت؛ امکانی کــه در تلگرام و دیگر پیامرسانهاي ', 4, '2018-08-23 09:31:14'),
(14, 2, 10, 'عصر یکی از.', 'ایــن روزهــا تقریبا تمــام رایانهها قادر بــه اجراي سیستمعاملهاي 64 بیتی هستند، اما پشتیبانی رایانه', 5, '2021-07-23 09:53:11'),
(15, 2, 17, 'و این جور چیزها. دو.', 'داشتن یک دستیار هوشــمند براي انجام کارهاي مختلف بسیار خوب است، اما آیا میدانید دستیار گوگل ملقب به', 5, '2019-05-13 19:56:12'),
(16, 1, 15, 'میخک یا شمعدانی بود..', 'چند ســال بعد از عرضه دســتیار صوتی توسط شرکتهاي بزرگ نظیر آمازون و گوگل، مدتی است شرکتهاي دیگري نی', 5, '2019-09-05 20:44:12'),
(17, 2, 15, 'می‌کنم، در مدرسه.', 'یکی از مشکلات اصلی ساعتهاي هوشمند، تمام شدن سریع شارژ آنهاست. در این میان، ماتریکس پاورواچ )Matrix ', 5, '2021-06-18 17:00:42'),
(18, 1, 14, 'به بیمارستان برود. و.', 'در وینــدوز 10 بــا غیرفعال کــردن ســرویس Windows Update و غیرفعال کردن\nConfigure Automatic Updates', 5, '2021-06-10 01:54:56'),
(19, 3, 15, 'و بعد با صراحت بهش.', 'یکی از مشکلات اصلی ساعتهاي هوشمند، تمام شدن سریع شارژ آنهاست. در این میان، ماتریکس پاورواچ )Matrix ', 5, '2019-12-20 23:17:11'),
(20, 1, 11, 'بود هر.... هر چه بود او.', 'قرارگرفتن طولانی مدت در معرض نور خورشید میتواند\nبه بروز مشــکلاتی پوستی و حتی ســرطان منجر شود. به ه', 5, '2018-05-17 20:12:11'),
(21, 3, 11, 'که نمی‌شه! هر روز نیم.', 'چند ســال بعد از عرضه دســتیار صوتی توسط شرکتهاي بزرگ نظیر آمازون و گوگل، مدتی است شرکتهاي دیگري نی', 4, '2018-06-30 00:33:29'),
(22, 3, 3, 'این اتفاق‌ها جای.', 'بیســفون جزو اولین\nتلاشهــاي ایرانیان\nبـــراي ســـاخت\nپیامرســانهاي تلفن\nهمراه بود که توانست\nخدمات م', 4, '2020-07-09 15:08:17'),
(23, 2, 2, 'بود به نظرم آمد. صورت.', 'داشتن یک دستیار هوشــمند براي انجام کارهاي مختلف بسیار خوب است، اما آیا میدانید دستیار گوگل ملقب به', 5, '2021-05-26 16:24:53'),
(24, 3, 13, 'چه فایده؟ نه کسی را.', 'چند ســال بعد از عرضه دســتیار صوتی توسط شرکتهاي بزرگ نظیر آمازون و گوگل، مدتی است شرکتهاي دیگري نی', 5, '2018-08-07 19:26:12'),
(25, 1, 12, 'بکشند آقا. رئیس‌شون.', 'یکی از مشکلات اصلی ساعتهاي هوشمند، تمام شدن سریع شارژ آنهاست. در این میان، ماتریکس پاورواچ )Matrix ', 5, '2018-01-09 03:30:28');

-- --------------------------------------------------------

--
-- Table structure for table `failed_jobs`
--

CREATE TABLE `failed_jobs` (
  `id` bigint(20) UNSIGNED NOT NULL,
  `uuid` varchar(255) NOT NULL,
  `connection` text NOT NULL,
  `queue` text NOT NULL,
  `payload` longtext NOT NULL,
  `exception` longtext NOT NULL,
  `failed_at` timestamp NOT NULL DEFAULT current_timestamp()
) ENGINE=InnoDB DEFAULT CHARSET=utf8mb4 COLLATE=utf8mb4_unicode_ci;

-- --------------------------------------------------------

--
-- Table structure for table `faq`
--

CREATE TABLE `faq` (
  `id` int(11) NOT NULL,
  `question` text NOT NULL,
  `answer` text NOT NULL
) ENGINE=InnoDB DEFAULT CHARSET=utf8 COLLATE=utf8_persian_ci;

--
-- Dumping data for table `faq`
--

INSERT INTO `faq` (`id`, `question`, `answer`) VALUES
(1, 'وضعیت سفارش چیست؟', 'لورم ایپسوم متن ساختگی با تولید سادگی نامفهوم از صنعت چاپ و با استفاده از طراحان گرافیک است. چاپگرها و متون بلکه روزنامه و مجله در ستون و سطرآنچنان که لازم است'),
(2, 'حمل و نقل و تحویل چگونه است؟', 'لورم ایپسوم متن ساختگی با تولید سادگی نامفهوم از صنعت چاپ و با استفاده از طراحان گرافیک است. چاپگرها و متون بلکه روزنامه و مجله در ستون و سطرآنچنان که لازم است'),
(3, 'مبلغ پرداختی', 'کتابهای زیادی در شصت و سه درصد گذشته، حال و آینده شناخت فراوان جامعه و متخصصان را می طلبد'),
(4, 'بازگشت و تعویض', 'در این صورت می توان امید داشت که تمام و دشواری موجود در ارائه راهکارها و شرایط سخت تایپ به پایان رسد'),
(5, 'سیاست حفظ حریم خصوصی', 'تا با نرم افزارها شناخت بیشتری را برای طراحان رایانه ای علی الخصوص طراحان خلاقی و فرهنگ پیشرو در زبان فارسی ایجاد کرد. ');

-- --------------------------------------------------------

--
-- Table structure for table `media`
--

CREATE TABLE `media` (
  `id` bigint(20) UNSIGNED NOT NULL,
  `model_type` varchar(255) NOT NULL,
  `model_id` bigint(20) UNSIGNED NOT NULL,
  `uuid` char(36) DEFAULT NULL,
  `collection_name` varchar(255) NOT NULL,
  `name` varchar(255) NOT NULL,
  `file_name` varchar(255) NOT NULL,
  `mime_type` varchar(255) DEFAULT NULL,
  `disk` varchar(255) NOT NULL,
  `conversions_disk` varchar(255) DEFAULT NULL,
  `size` bigint(20) UNSIGNED NOT NULL,
  `manipulations` longtext CHARACTER SET utf8mb4 COLLATE utf8mb4_bin NOT NULL CHECK (json_valid(`manipulations`)),
  `custom_properties` longtext CHARACTER SET utf8mb4 COLLATE utf8mb4_bin NOT NULL CHECK (json_valid(`custom_properties`)),
  `generated_conversions` longtext CHARACTER SET utf8mb4 COLLATE utf8mb4_bin NOT NULL CHECK (json_valid(`generated_conversions`)),
  `responsive_images` longtext CHARACTER SET utf8mb4 COLLATE utf8mb4_bin NOT NULL CHECK (json_valid(`responsive_images`)),
  `order_column` int(10) UNSIGNED DEFAULT NULL,
  `created_at` timestamp NULL DEFAULT NULL,
  `updated_at` timestamp NULL DEFAULT NULL
) ENGINE=InnoDB DEFAULT CHARSET=utf8mb4 COLLATE=utf8mb4_unicode_ci;

--
-- Dumping data for table `media`
--

INSERT INTO `media` (`id`, `model_type`, `model_id`, `uuid`, `collection_name`, `name`, `file_name`, `mime_type`, `disk`, `conversions_disk`, `size`, `manipulations`, `custom_properties`, `generated_conversions`, `responsive_images`, `order_column`, `created_at`, `updated_at`) VALUES
(36, 'App\\Models\\Products', 1, '4bdb1aa1-2cec-4a75-89a7-556c19ad3b76', 'products', 'product-1_dn05xs', 'RGfFBZkBcLmraOXlZCS9PCtOk8Qbp5-metacHJvZHVjdC0xX2RuMDV4cy5qcGc=-.jpg', 'image/jpeg', 'cloudinary', 'cloudinary', 49245, '[]', '[]', '[]', '[]', 1, '2022-09-23 08:04:58', '2022-09-23 08:04:58'),
(37, 'App\\Models\\Products', 2, 'fedb1a02-c2b9-4e46-b3ce-9a7740fc7d59', 'products', 'product-3_rzz1yx', '1pPZDaKjlIdr8MWFzdnufIOG4WXzWo-metacHJvZHVjdC0zX3J6ejF5eC5qcGc=-.jpg', 'image/jpeg', 'cloudinary', 'cloudinary', 40505, '[]', '[]', '[]', '[]', 1, '2022-09-23 08:06:48', '2022-09-23 08:06:48'),
(38, 'App\\Models\\Products', 3, '0483b059-589d-49be-b68f-07f71c442fc7', 'products', 'product-5_hu5nng', 'UB4KabLueJn3bx3CHqmhl4RrM0FitQ-metacHJvZHVjdC01X2h1NW5uZy5qcGc=-.jpg', 'image/jpeg', 'cloudinary', 'cloudinary', 48422, '[]', '[]', '[]', '[]', 1, '2022-09-23 08:11:40', '2022-09-23 08:11:40'),
(39, 'App\\Models\\Products', 4, 'e112009e-0ff5-46d6-a9a3-576875157c3f', 'products', 'fashion-shoes-sneakers_b96g8v', '1etDpDElwEEqlqLpvKG7rzhGseeD9P-metaZmFzaGlvbi1zaG9lcy1zbmVha2Vyc19iOTZnOHYuanBn-.jpg', 'image/jpeg', 'cloudinary', 'cloudinary', 26733, '[]', '[]', '[]', '[]', 1, '2022-09-23 08:30:24', '2022-09-23 08:30:24'),
(40, 'App\\Models\\Products', 5, '34e97b8a-cf5e-4b13-9185-24f0f53cce85', 'products', 'product-6_pkbku9', 'oHR04s3whPgMdbQB9SUXsjmxjvptFl-metacHJvZHVjdC02X3BrYmt1OS5qcGc=-.jpg', 'image/jpeg', 'cloudinary', 'cloudinary', 52878, '[]', '[]', '[]', '[]', 1, '2022-09-23 12:38:44', '2022-09-23 12:38:44'),
(41, 'App\\Models\\Products', 6, 'a2bd8294-1022-4789-b488-9c0b4bbd9676', 'products', 'product-2_tayrsd', 'wShYkARcxhxnDZmmJJvs3AcO9T50yP-metacHJvZHVjdC0yX3RheXJzZC5qcGc=-.jpg', 'image/jpeg', 'cloudinary', 'cloudinary', 57610, '[]', '[]', '[]', '[]', 1, '2022-09-23 12:39:48', '2022-09-23 12:39:48'),
(42, 'App\\Models\\Products', 7, '12779361-c98d-40b3-9345-d14f0099508c', 'products', 'product-4_hgtbff', 'RxhhOamt1DPyoYXu412Cz249ebKGWl-metacHJvZHVjdC00X2hndGJmZi5qcGc=-.jpg', 'image/jpeg', 'cloudinary', 'cloudinary', 46541, '[]', '[]', '[]', '[]', 1, '2022-09-23 12:41:27', '2022-09-23 12:41:27'),
(43, 'App\\Models\\Products', 8, '18edfe5b-29fb-4b6b-a7e2-82c4fcc734ed', 'products', 'product-9_y7eaoz', 'C0JiwRlS6go0HJIWhGKfk87PJe4vRL-metacHJvZHVjdC05X3k3ZWFvei5qcGc=-.jpg', 'image/jpeg', 'cloudinary', 'cloudinary', 50307, '[]', '[]', '[]', '[]', 1, '2022-09-23 12:48:27', '2022-09-23 12:48:27'),
(44, 'App\\Models\\Products', 9, '4404318d-64b7-4f39-95e2-6af29d1074df', 'products', 'product-8_cwvlkp', 'Hzf27fl6Jvsuq6pey85YiEqeIxNXaH-metacHJvZHVjdC04X2N3dmxrcC5qcGc=-.jpg', 'image/jpeg', 'cloudinary', 'cloudinary', 58602, '[]', '[]', '[]', '[]', 1, '2022-09-23 12:50:08', '2022-09-23 12:50:08'),
(45, 'App\\Models\\Products', 10, 'e0ef66a9-428e-4c88-8d74-c507d9e5b25c', 'products', 'young-man-model-posing-street_sulath', 'ytlEhIsUkq9PU7FAx7Bo59GiUX0QbC-metaeW91bmctbWFuLW1vZGVsLXBvc2luZy1zdHJlZXRfc3VsYXRoLmpwZw==-.jpg', 'image/jpeg', 'cloudinary', 'cloudinary', 32550, '[]', '[]', '[]', '[]', 1, '2022-09-23 12:51:03', '2022-09-23 12:51:03'),
(46, 'App\\Models\\Products', 11, '708018ce-9748-4f44-812a-339da91b1fda', 'products', 'beautiful-woman-with-long-blonde-hair-travelling_oftfri', 'iS1o0cmCXvphIljFXQKqVUb9sG39E3-metaYmVhdXRpZnVsLXdvbWFuLXdpdGgtbG9uZy1ibG9uZGUtaGFpci10cmF2ZWxsaW5nX29mdGZyaS5qcGc=-.jpg', 'image/jpeg', 'cloudinary', 'cloudinary', 34142, '[]', '[]', '[]', '[]', 1, '2022-09-23 12:56:27', '2022-09-23 12:56:27'),
(47, 'App\\Models\\Products', 12, 'a9def0b0-d493-4ec0-aa24-cdd56fd4ea2d', 'products', 'closeup-shot-female-wearing-beautiful-silver-necklace-with-pendant_qdga2y', 'S35fdDj4JdAsT7AD5NO472ldFwzdHL-metaY2xvc2V1cC1zaG90LWZlbWFsZS13ZWFyaW5nLWJlYXV0aWZ1bC1zaWx2ZXItbmVja2xhY2Utd2l0aC1wZW5kYW50X3FkZ2EyeS5qcGc=-.jpg', 'image/jpeg', 'cloudinary', 'cloudinary', 23819, '[]', '[]', '[]', '[]', 1, '2022-09-23 12:57:44', '2022-09-23 12:57:44'),
(48, 'App\\Models\\Products', 13, 'af147604-82c1-4d06-8a79-3641279858a9', 'products', 'product-7_lew5ct', 'Yp3M4ErJ95Zw2YCWozKt5CZJ825Ep8-metacHJvZHVjdC03X2xldzVjdC5qcGc=-.jpg', 'image/jpeg', 'cloudinary', 'cloudinary', 45812, '[]', '[]', '[]', '[]', 1, '2022-09-23 12:59:30', '2022-09-23 12:59:30'),
(49, 'App\\Models\\Products', 14, 'd6434dee-78a1-4d27-b600-5850bed588c7', 'products', 'front-view-chest-part-man-dressed-stylish-black-suit-precious-watch-man-s-hands_pldokb', 'kdlAGHdPehMNyv2MnujHs7OIdiT2BL-metaZnJvbnQtdmlldy1jaGVzdC1wYXJ0LW1hbi1kcmVzc2VkLXN0eWxpc2gtYmxhY2stc3VpdC1wcmVjaW91cy13YXRjaC1tYW4tcy1oYW5kc19wbGRva2IuanBn-.jpg', 'image/jpeg', 'cloudinary', 'cloudinary', 23171, '[]', '[]', '[]', '[]', 1, '2022-09-23 13:01:24', '2022-09-23 13:01:24'),
(50, 'App\\Models\\Products', 15, '01f49ec1-8ab0-4a78-8344-e005a8633294', 'products', 'portrait-handsome-smiling-young-man-model-wearing-casual-summer-pink-clothes-fashion-stylish-man-posing-round-sunglasses_klxxdd', 'NvDiN3USiRqTfymghY0FWMu87xTMzl-metacG9ydHJhaXQtaGFuZHNvbWUtc21pbGluZy15b3VuZy1tYW4tbW9kZWwtd2VhcmluZy1jYXN1YWwtc3VtbWVyLXBpbmstY2xvdGhlcy1mYXNoaW9uLXN0eWxpc2gtbWFuLXBvc2luZy1yb3VuZC1zdW5nbGFzc2VzX2tseHhkZC5qcGc=-.jpg', 'image/jpeg', 'cloudinary', 'cloudinary', 23937, '[]', '[]', '[]', '[]', 1, '2022-09-23 13:03:10', '2022-09-23 13:03:10'),
(51, 'App\\Models\\Products', 16, 'bcc266e7-e93e-4cf7-af62-e0af915cf95d', 'products', 'elegant-young-handsome-man_vzroif', 'QY7ODp93BHDbt8SpX6pwYyZ9bh8M1b-metaZWxlZ2FudC15b3VuZy1oYW5kc29tZS1tYW5fdnpyb2lmLmpwZw==-.jpg', 'image/jpeg', 'cloudinary', 'cloudinary', 26274, '[]', '[]', '[]', '[]', 1, '2022-09-23 13:04:27', '2022-09-23 13:04:27'),
(52, 'App\\Models\\Products', 17, 'cc73e65e-851f-4a0e-98c0-62da5bfbcd80', 'products', 'portrait-beautiful-blonde-lady-stylish-white-silk-dress-checkered-jacket-pearl-necklace-gently-touching-neck-posing-city-square_n2b4i4', 'YiJ7H8cWgn5p2rHI6KmsuNjwJ5895O-metacG9ydHJhaXQtYmVhdXRpZnVsLWJsb25kZS1sYWR5LXN0eWxpc2gtd2hpdGUtc2lsay1kcmVzcy1jaGVja2VyZWQtamFja2V0LXBlYXJsLW5lY2tsYWNlLWdlbnRseS10b3VjaGluZy1uZWNrLXBvc2luZy1jaXR5LXNxdWFyZV9uMmI0aTQuanBn-.jpg', 'image/jpeg', 'cloudinary', 'cloudinary', 28655, '[]', '[]', '[]', '[]', 1, '2022-09-23 13:06:37', '2022-09-23 13:06:37'),
(53, 'App\\Models\\Products', 18, '75a17225-8269-4b48-8e51-8158474f7dd2', 'products', 'shoes-footwear-woman_gupy65', 'ic4kBLrCYMapF2tEWxQTLnzJ9VHcDK-metac2hvZXMtZm9vdHdlYXItd29tYW5fZ3VweTY1LmpwZw==-.jpg', 'image/jpeg', 'cloudinary', 'cloudinary', 23509, '[]', '[]', '[]', '[]', 1, '2022-09-23 13:08:01', '2022-09-23 13:08:01'),
(54, 'App\\Models\\User', 1, '18e3b60c-c0c4-483e-ad4b-de827a01c849', 'avatars', 'po_2', 'QhIPA3L7u8BJXvPGoo6NkY9hUb0P09-metacG9fMi5qcGc=-.jpg', 'image/jpeg', 'cloudinary', 'cloudinary', 345974, '[]', '[]', '[]', '[]', 1, '2022-09-24 03:24:26', '2022-09-24 03:24:26'),
(55, 'App\\Models\\User', 398, '73aeb6a9-c1bf-4dbf-90f2-0b9da5b2624c', 'avatars', 'start-1abfb4fe2980eabfbbaaa4365a0692539f7cd2725f324f904565a9a744f8e214', '9Bzv9eCs5q2ILNmvaXG8GjopJfXrH4-metac3RhcnQtMWFiZmI0ZmUyOTgwZWFiZmJiYWFhNDM2NWEwNjkyNTM5ZjdjZDI3MjVmMzI0ZjkwNDU2NWE5YTc0NGY4ZTIxNC5qcGc=-.jpg', 'image/jpeg', 'cloudinary', 'cloudinary', 46442, '[]', '[]', '[]', '[]', 1, '2022-09-27 12:52:43', '2022-09-27 12:52:43');

-- --------------------------------------------------------

--
-- Table structure for table `migrations`
--

CREATE TABLE `migrations` (
  `id` int(10) UNSIGNED NOT NULL,
  `migration` varchar(255) NOT NULL,
  `batch` int(11) NOT NULL
) ENGINE=InnoDB DEFAULT CHARSET=utf8mb4 COLLATE=utf8mb4_unicode_ci;

--
-- Dumping data for table `migrations`
--

INSERT INTO `migrations` (`id`, `migration`, `batch`) VALUES
(1, '2014_10_12_000000_create_users_table', 1),
(2, '2014_10_12_100000_create_password_resets_table', 1),
(3, '2019_08_19_000000_create_failed_jobs_table', 1),
(4, '2019_12_14_000001_create_personal_access_tokens_table', 1),
(5, '2018_06_30_113500_create_comments_table', 2),
(6, '2022_09_08_154311_create_permission_tables', 3),
(7, '2022_09_11_170328_create_media_table', 4),
(8, '2022_09_16_140424_create_media_table', 5),
(9, '2023_01_12_080108_create_notifications_table', 6);

-- --------------------------------------------------------

--
-- Table structure for table `notifications`
--

CREATE TABLE `notifications` (
  `id` char(36) NOT NULL,
  `type` varchar(255) NOT NULL,
  `notifiable_type` varchar(255) NOT NULL,
  `notifiable_id` bigint(20) UNSIGNED NOT NULL,
  `data` text NOT NULL,
  `read_at` timestamp NULL DEFAULT NULL,
  `created_at` timestamp NULL DEFAULT NULL,
  `updated_at` timestamp NULL DEFAULT NULL
) ENGINE=InnoDB DEFAULT CHARSET=utf8mb4 COLLATE=utf8mb4_unicode_ci;

-- --------------------------------------------------------

--
-- Table structure for table `orders`
--

CREATE TABLE `orders` (
  `id` int(11) NOT NULL,
  `reference` varchar(256) NOT NULL,
  `user_id` int(11) NOT NULL,
  `product_id` int(11) NOT NULL,
  `color_id` int(11) NOT NULL,
  `size_id` int(11) NOT NULL,
  `quantity` int(11) NOT NULL,
  `status` varchar(256) NOT NULL,
  `order_date` datetime NOT NULL DEFAULT current_timestamp()
) ENGINE=InnoDB DEFAULT CHARSET=utf8 COLLATE=utf8_persian_ci;

--
-- Dumping data for table `orders`
--

INSERT INTO `orders` (`id`, `reference`, `user_id`, `product_id`, `color_id`, `size_id`, `quantity`, `status`, `order_date`) VALUES
(69, 'PAYedf458', 22, 13, 2, 1, 5, '4', '2022-02-03 16:45:54'),
(70, 'PAYd59cc0', 19, 17, 1, 1, 9, '3', '2021-07-03 01:04:52'),
(71, 'PAY3b7303', 10, 14, 4, 4, 10, '2', '2022-01-28 14:30:45'),
(72, 'PAY7b1b18', 1, 10, 4, 3, 3, '1', '2021-04-06 14:30:59'),
(73, 'PAY876556', 1, 10, 4, 3, 4, '3', '2022-03-16 12:20:12'),
(74, 'PAY01dde6', 11, 15, 1, 4, 5, '4', '2022-06-08 21:14:30'),
(75, 'PAYbdb868', 11, 17, 4, 4, 5, '4', '2021-10-23 02:35:20'),
(76, 'PAY8661dd', 1, 9, 2, 4, 10, '2', '2020-10-12 18:59:29'),
(77, 'PAY73ca61', 1, 14, 1, 4, 2, '1', '2020-10-18 12:16:58'),
(78, 'PAYc15ff7', 1, 18, 3, 3, 8, '4', '2020-11-06 03:47:10'),
(79, 'PAYe8e261', 21, 8, 5, 4, 9, '3', '2021-09-27 08:49:16'),
(80, 'PAY70affe', 20, 18, 4, 5, 6, '2', '2021-01-19 23:44:50'),
(81, 'PAY56a334', 18, 10, 4, 1, 10, '4', '2022-01-16 23:12:32'),
(82, 'PAY8a3d50', 11, 11, 5, 1, 2, '4', '2020-10-29 08:05:05'),
(83, 'PAY7e967d', 21, 12, 5, 5, 7, '2', '2021-05-14 22:01:30'),
(84, 'PAYacd0ff', 11, 18, 3, 1, 2, '1', '2020-09-18 04:13:57'),
(85, 'PAY6005b2', 16, 10, 2, 1, 5, '2', '2022-05-12 17:57:08'),
(86, 'PAYccc895', 14, 13, 2, 1, 4, '4', '2022-05-09 15:32:11'),
(87, 'PAY483841', 17, 2, 4, 4, 5, '1', '2022-03-07 16:34:33'),
(88, 'PAY38b93a', 19, 14, 4, 1, 4, '2', '2021-12-29 04:23:46'),
(89, 'PAY9a7894', 15, 4, 5, 4, 10, '3', '2021-01-04 09:24:09'),
(90, 'PAYc1ab25', 17, 6, 3, 4, 2, '4', '2022-01-06 23:35:23'),
(91, 'PAYc226c6', 21, 11, 3, 2, 1, '1', '2021-09-07 14:42:01'),
(92, 'PAY434cda', 15, 9, 3, 4, 4, '2', '2020-09-08 02:54:58'),
(93, 'PAY5023a0', 17, 17, 5, 5, 7, '3', '2022-04-01 21:51:11'),
(94, 'PAY2b7ae1', 14, 17, 1, 3, 9, '1', '2022-05-09 00:02:28'),
(95, 'PAY9a4851', 17, 3, 2, 2, 9, '1', '2021-10-18 00:34:02'),
(96, 'PAYae1f07', 16, 2, 1, 5, 3, '1', '2021-04-28 21:55:54'),
(97, 'PAY00ab6a', 20, 11, 5, 5, 2, '2', '2021-10-19 20:40:05'),
(98, 'PAY58fe88', 16, 6, 3, 5, 4, '1', '2021-01-06 22:31:26'),
(99, 'PAY6426cb', 18, 7, 3, 5, 8, '1', '2022-03-20 04:47:51'),
(100, 'PAY5d74af', 14, 18, 5, 2, 5, '1', '2021-09-19 03:10:52'),
(101, 'PAYee6000', 13, 11, 1, 4, 1, '1', '2021-11-03 07:08:51'),
(102, 'PAY84712a', 21, 2, 5, 5, 7, '3', '2021-01-10 11:41:30'),
(103, 'PAYc32f2a', 14, 8, 1, 3, 9, '2', '2022-05-16 19:52:54'),
(104, 'PAYd4c1a9', 13, 9, 4, 4, 4, '2', '2022-05-06 22:41:53'),
(105, 'PAY709287', 12, 12, 5, 3, 9, '2', '2022-03-10 21:58:42'),
(106, 'PAY3d4850', 11, 13, 1, 1, 9, '3', '2021-01-03 01:52:40'),
(107, 'PAY7cc6ec', 18, 1, 5, 5, 1, '2', '2022-03-15 05:02:45'),
(108, 'PAY4bb8dd', 1, 11, 3, 5, 3, '4', '2021-05-18 11:43:00'),
(109, 'PAY6e554a', 22, 5, 2, 4, 6, '1', '2021-05-02 09:32:54'),
(110, 'PAYf1e4b0', 10, 7, 3, 3, 5, '4', '2021-03-17 17:51:22'),
(111, 'PAY60d495', 22, 18, 3, 1, 7, '2', '2020-11-10 17:07:48'),
(112, 'PAY5d5f8d', 13, 8, 1, 3, 8, '4', '2021-12-16 19:24:47'),
(113, 'PAYd9e159', 19, 1, 5, 2, 5, '1', '2020-08-24 09:11:58'),
(114, 'PAY620992', 21, 9, 1, 1, 5, '4', '2022-01-29 14:51:17'),
(115, 'PAYb4eede', 20, 4, 3, 5, 9, '1', '2022-04-16 10:12:04'),
(116, 'PAY0c83b5', 17, 15, 3, 5, 5, '1', '2021-12-24 20:28:08'),
(117, 'PAY4c2177', 21, 14, 3, 5, 4, '4', '2021-12-04 14:58:33'),
(118, 'PAYa02194', 12, 15, 2, 3, 4, '4', '2022-03-27 04:50:03');

-- --------------------------------------------------------

--
-- Table structure for table `password_resets`
--

CREATE TABLE `password_resets` (
  `email` varchar(255) NOT NULL,
  `token` varchar(255) NOT NULL,
  `created_at` timestamp NULL DEFAULT NULL
) ENGINE=InnoDB DEFAULT CHARSET=utf8mb4 COLLATE=utf8mb4_unicode_ci;

--
-- Dumping data for table `password_resets`
--

INSERT INTO `password_resets` (`email`, `token`, `created_at`) VALUES
('atena.dadkhah86@gmail.com', '$2y$10$cxcRfS6pspVsaIYqHvuKV.30gLZFCkLchjiiMnDex6I6y9sre73Uy', '2022-09-27 15:28:25');

-- --------------------------------------------------------

--
-- Table structure for table `personal_access_tokens`
--

CREATE TABLE `personal_access_tokens` (
  `id` bigint(20) UNSIGNED NOT NULL,
  `tokenable_type` varchar(255) NOT NULL,
  `tokenable_id` bigint(20) UNSIGNED NOT NULL,
  `name` varchar(255) NOT NULL,
  `token` varchar(64) NOT NULL,
  `abilities` text DEFAULT NULL,
  `last_used_at` timestamp NULL DEFAULT NULL,
  `created_at` timestamp NULL DEFAULT NULL,
  `updated_at` timestamp NULL DEFAULT NULL
) ENGINE=InnoDB DEFAULT CHARSET=utf8mb4 COLLATE=utf8mb4_unicode_ci;

-- --------------------------------------------------------

--
-- Table structure for table `products`
--

CREATE TABLE `products` (
  `id` int(11) NOT NULL,
  `name` text NOT NULL,
  `instock` tinyint(1) NOT NULL,
  `today_price` float NOT NULL,
  `description` text DEFAULT NULL,
  `features` longtext CHARACTER SET utf8mb4 COLLATE utf8mb4_bin DEFAULT NULL,
  `discount` float DEFAULT NULL,
  `previous_price` int(11) DEFAULT NULL,
  `production_year` year(4) NOT NULL,
  `slug` text NOT NULL,
  `created_at` datetime DEFAULT NULL,
  `updated_at` timestamp NULL DEFAULT NULL
) ENGINE=InnoDB DEFAULT CHARSET=utf8 COLLATE=utf8_persian_ci;

--
-- Dumping data for table `products`
--

INSERT INTO `products` (`id`, `name`, `instock`, `today_price`, `description`, `features`, `discount`, `previous_price`, `production_year`, `slug`, `created_at`, `updated_at`) VALUES
(1, 'کوله پشتی کوتاه', 1, 320.79, 'یکی از مشکلات اصلی ساعتهاي هوشمند، تمام شدن سریع شارژ آنهاست. در این میان، ماتریکس پاورواچ )Matrix PowerWatch( رویکردي متفاوت را در پیش گرفته و از یک فناوري قدیمیتر براي تامین انرژي موردنیاز دســتگاه استفاده میکند. در این فناوري، گرماي مچ دســت کاربر که با ســاعت در تماس است، مورد استفاده قرار میگیرد. ساعت هوشمند ماتریکس پاورواچ با استفاده از فناوري بلوتوث میتواند اعلانات مختلف )نظیر تماس یا پیامک دریافتی( را به اطلاع کاربر\nبرســاند. این گجت همچنین برخی کاربردهاي دستبندهاي\nهوشمند ورزشــی )نظیر نمایش میزان کالري مصرف شده\nطی فعالیت فیزیکی( را نیز در خود دارد. ماتریکس پاورواچ\nضدآب بوده و میتواند تا 200 متر زیر آب همچنان کار کند.\nهمچنین تیم طراحی این محصول کوشیده ساختاري مقاوم\nدر شرایط مختلف را براي آن ایجاد کند. هنوز هیچ اطلاعاتی\nدرباره زمان عرضه و قیمت این محصول اعلام نشده است.', '[{\"feature\":\"\\u062a\\u062d\\u0642\\u06cc\\u0642 \\u06a9\\u0644\\u0645\\u0627\\u062a \\u06a9\\u0644\\u06cc\\u062f\\u06cc \\u062c\\u0632\\u0621 \\u0645\\u0647\\u0645\\u062a\\u0631\\u06cc\\u0646 \\u0628\\u062e\\u0634\\u0647\\u0627\\u06cc \\u0633\\u064a\\u0654\\u0648 \\u0633\\u0627\\u06cc\\u062a \\u0645\\u06cc\\u0628\\u0627\\u0634\\u062f.\"},{\"feature\":\"\\u0628\\u0627\\u0628\\u0627 \\u0646\\u0627\\u0646 \\u062f\\u0627\\u062f \\u0648 \\u0639\\u0644\\u06cc \\u0622\\u0646\\u0631\\u0627 \\u062e\\u0648\\u0631\\u062f..\"},{\"feature\":\"\\u0627\\u0631\\u0627\\u064a\\u0654\\u0647 \\u06cc\\u06a9 \\u0646\\u0645\\u0627 \\u0627\\u0632 \\u0646\\u062d\\u0648\\u0647 \\u062e\\u0648\\u0627\\u0646\\u0634 \\u0633\\u0627\\u06cc\\u062a \\u062a\\u0648\\u0633\\u0637 \\u0631\\u0628\\u0627\\u062a \\u0647\\u0627\\u06cc \\u06af\\u0648\\u06af\\u0644.\"}]', NULL, NULL, 2021, 'کوله-پشتی-کوتاه', '2022-09-23 15:45:42', '2022-09-27 12:17:13'),
(2, 'شلوار تنگ', 1, 200.45, 'چند ســال بعد از عرضه دســتیار صوتی توسط شرکتهاي بزرگ نظیر آمازون و گوگل، مدتی است شرکتهاي دیگري نیز به این حوزه علاقه نشان دادهاند. شــرکت JBL اخیرا از محصول جدیدي به نام لینک ویو )Link View( رونمایی کرد که با همکاري گوگل طراحی شــده اســت. این محصول داراي یک نمایشگر هشت اینچی است و برخلاف دیگر دســتیارهاي صوتی که فاقد چنین قابلیتی هستند، به کاربر امکان مشاهده وضعیت و انتخاب گزینههاي موردنظر را از طریق لمس میدهد. این نمایشگر از وضوح 1280 در 720 پیکسلی برخوردار اســت، اما یکی از نقاط قوت این گجت، به اســپیکرهاي آن مربوط میشود. شرکت JBL به دلیل تولید اسپیکرهاي باکیفیت شهرت دارد و در این محصول نیز دو اسپیکر 10 واتی را گنجانده که امکان پخش صدا با کیفیتی عالی را در اختیار کاربر قرار میدهد. هنوز قیمت JBL\nلینک ویو که تابستان 97 به بازار عرضه میشود، اعلام نشده است..', '[{\"feature\":\"\\u062a\\u0648\\u0636\\u06cc\\u062d\\u0627\\u062a \\u0645\\u062a\\u0627 \\u0645\\u0645\\u06a9\\u0646 \\u0627\\u0633\\u062a \\u062a\\u0648\\u0633\\u0637 \\u06af\\u0648\\u06af\\u0644 \\u0628\\u0647 \\u0639\\u0646\\u0648\\u0627\\u0646 \\u062a\\u0648\\u0636\\u06cc\\u062d\\u0627\\u062a \\u0635\\u0641\\u062d\\u0647 \\u062f\\u0631 \\u0646\\u062a\\u0627\\u06cc\\u062c \\u062c\\u0633\\u062a\\u062c\\u0648 \\u0646\\u0645\\u0627\\u06cc\\u0634 \\u062f\\u0627\\u062f\\u0647 \\u0634\\u0648\\u062f.\"},{\"feature\":\"\\u0698\\u0627\\u067e\\u0646\\u06cc\\u0647\\u0627 \\u0631\\u0627 \\u06a9\\u0647 \\u0645\\u06cc\\u0634\\u0646\\u0627\\u0633\\u06cc\\u062f! \\u0639\\u0627\\u0634\\u0642 \\u0633\\u062e\\u062a\\u06cc \\u06a9\\u0634\\u06cc\\u062f\\u0646 \\u0648 \\u0686\\u0627\\u0644\\u0640\\u0640\\u0634 \\u0648 \\u06a9\\u0646\\u0640\\u0640\\u062f\\u0646 \\u067e\\u0648\\u0633\\u0640\\u0640\\u062a \\u0633\\u0640\\u0640\\u0631 \\u0627\\u0632 \\u0628\\u0627\\u0632\\u06cc\\u06a9\\u0646 \\u0628\\u0631\\u0627\\u064a \\u0631\\u0633\\u0640\\u0640\\u06cc\\u062f\\u0646 \\u0628\\u0647 \\u06cc\\u06a9 \\u062a\\u062c\\u0631\\u0628\\u0640\\u0640\\u0647 \\u0647\\u06cc\\u062c\\u0627\\u0646\\u0627\\u0646\\u06af\\u06cc\\u0632 \\u0648 \\u0631\\u0636\\u0627\\u06cc\\u062a\\u0628\\u062e\\u0634 \\u0647\\u0633\\u062a\\u0646\\u062f.\"}]', 10, NULL, 2022, 'شلوار-تنگ', '2022-09-23 15:45:42', '2022-09-23 13:13:38'),
(3, 'کیف بندی چرم کیسه ای', 1, 233, 'نگاه بومی خود بحث مالــی را به نرمافزارش اضافه کرده اســت؛ امکانی کــه در تلگرام و دیگر پیامرسانهاي خارجی وجود ندارد. حوزه فعالیت ســروش در بخش مالی شامل خدمات پرداخت قبوض، خرید شارژ آنلاین و پرداخت درون کانالی است که میتواند بسترساز بهبود کســبوکارها روي پیامرســانها باشد. البته خدمات دیگري چون ارائــه وضعیت آبوهوا و حتی خدمات آگاهی از اوقات شــرعی، دیگر تلاشهاي سروش در جهت ایجاد تغییر نسبت\nبه نمونههاي خارجی آن است..', '[{\"feature\":\"\\u06a9\\u0627\\u0631\\u06cc \\u0646\\u06a9\\u0646\\u06cc\\u0645 \\u06a9\\u0647 \\u0628\\u0627\\u0639\\u062b \\u0634\\u0648\\u062f \\u0627\\u0632 \\u062c\\u0647\\u0631\\u0647 \\u062e\\u0648\\u062f \\u062f\\u0631 \\u0622\\u06cc\\u0646\\u0647 \\u0641\\u0631\\u0627\\u0631\\u06cc \\u0628\\u0627\\u0634\\u06cc\\u0645..\"},{\"feature\":\"\\u0627\\u06cc\\u062c\\u0627\\u062f \\u0627\\u0653\\u062f\\u0631\\u0633 \\u0634\\u0627\\u0645\\u0644 \\u062d\\u0631\\u0648\\u0641\\u06cc \\u0645\\u0631\\u062a\\u0628\\u0637 \\u0628\\u0627 \\u0645\\u062d\\u062a\\u0648\\u0627\\u06cc \\u0633\\u0627\\u06cc\\u062a \\u0633\\u0627\\u062e\\u062a\\u0627\\u0631\\u06cc \\u0628\\u0627 \\u06a9\\u0627\\u0631\\u0628\\u0631\\u06cc \\u0628\\u0633\\u06cc\\u0627\\u0631 \\u0633\\u0627\\u062f\\u0647 \\u0628\\u0647 \\u0627\\u0653\\u062f\\u0631\\u0633 \\u0633\\u0627\\u06cc\\u062a \\u0645\\u06cc\\u062f\\u0647\\u062f.\"},{\"feature\":\"\\u062a\\u0648\\u0636\\u06cc\\u062d\\u0627\\u062a \\u0628\\u062e\\u0634 \\u0645\\u062a\\u0627 \\u0628\\u0647 \\u06af\\u0648\\u06af\\u0644 \\u0627\\u0639\\u0644\\u0627\\u0645 \\u0645\\u06cc\\u06a9\\u0646\\u062f \\u06a9\\u0647 \\u0645\\u062d\\u062a\\u0648\\u0627\\u06cc \\u0635\\u0641\\u062d\\u0647 \\u062f\\u0631\\u0628\\u0627\\u0631\\u0647 \\u0686\\u06cc\\u0633\\u062a.\"},{\"feature\":\"\\u0645\\u0634\\u06a9\\u0644\\u0627\\u062a \\u0627\\u0642\\u062a\\u0635\\u0627\\u062f\\u06cc \\u06af\\u0631\\u06cc\\u0628\\u0627\\u0646 \\u06af\\u06cc\\u0631 \\u0647\\u0645\\u0647 \\u06cc \\u0645\\u0627 \\u0627\\u0633\\u062a..\"},{\"feature\":\"\\u0633\\u0627\\u06cc\\u062a \\u0645\\u0627\\u06cc\\u06a9\\u0631\\u0648\\u0633\\u0627\\u0641\\u062a \\u0628\\u0631\\u0627\\u06cc \\u0645\\u0631\\u0648\\u0631\\u06af\\u0631 \\u0628\\u06cc\\u0646\\u06af \\u0627\\u0628\\u0632\\u0627\\u0631 \\u0648\\u0628\\u0645\\u0633\\u062a\\u0631\\u06cc \\u0628\\u0627 \\u0627\\u0645\\u06a9\\u0627\\u0646\\u0627\\u062a\\u06cc \\u0645\\u0634\\u0627\\u0628\\u0647 \\u0627\\u0645\\u06a9\\u0627\\u0646\\u0627\\u062a \\u0630\\u06a9\\u0631 \\u0634\\u062f\\u0647 \\u0627\\u0631\\u0627\\u064a\\u0654\\u0647 \\u062f\\u0627\\u062f\\u0647 \\u0627\\u0633\\u062a.\"},{\"feature\":\"\\u0622\\u0646\\u062c\\u0627 \\u06a9\\u0647 \\u0633\\u06a9\\u0648\\u062a \\u062d\\u0627\\u06a9\\u0645 \\u0645\\u06cc\\u0634\\u0648\\u062f \\u0645\\u0648\\u0633\\u06cc\\u0642\\u06cc \\u0622\\u063a\\u0627\\u0632 \\u0645\\u06cc \\u0634\\u0648\\u062f..\"}]', NULL, 311, 2022, 'کیف-بندی-چرم-کیسه-ای', '2022-09-23 15:45:42', '2022-09-23 13:14:14'),
(4, 'کفش مخملی اسپورت', 0, 540.23, 'در وینــدوز 10 بــا غیرفعال کــردن ســرویس Windows Update و غیرفعال کردن\nConfigure Automatic Updates درGroup Policy Editor - gpedit.msc بــا وارد شــدن به Update history چــه در بخش Settings و چه در بخــش Installed Update در Programs and Features هیــچ اثــري از آپدیتهــاي قبلی که نصب شــدهاند، وجود نــدارد و عبــارت No updates are installed on this computer مشــاهده میشــود. ســوالم این اســت که با غیرفعال کردن آنچه در بالا گفته شــد، آیــا آن آپدیتهایی که نصب شــدهاند غیرفعال میشــوند و کار نمیکنند یا این غیرفعال کردن فقط باعث جلوگیري از آپدیت\nخودکار است؟.', '[{\"feature\":\"\\u062f\\u0631 \\u0634\\u0628\\u06a9\\u0647 \\u0647\\u0627\\u06cc \\u0627\\u062c\\u062a\\u0645\\u0627\\u0639\\u06cc \\u0641\\u0639\\u0627\\u0644\\u062a\\u0631 \\u0628\\u0627\\u0634\\u06cc\\u062f.\"},{\"feature\":\"\\u0645\\u0634\\u06a9\\u0644\\u0627\\u062a \\u0645\\u0627 \\u0628\\u0627 \\u0627\\u0637\\u0631\\u0627\\u0641\\u06cc\\u0627\\u0646\\u0645\\u0627\\u0646 \\u0627\\u063a\\u0644\\u0628 \\u062f\\u0631 \\u0646\\u06af\\u0631\\u0634 \\u0645\\u0627 \\u0627\\u0633\\u062a.\"},{\"feature\":\"\\u062f\\u0631\\u06cc\\u0627\\u0641\\u062a \\u067e\\u06cc\\u0627\\u0645 \\u0628\\u0631\\u0627\\u06cc \\u062a\\u062e\\u0644\\u0641\\u0627\\u062a \\u0633\\u0627\\u06cc\\u062a \\u0648 \\u0627\\u06cc\\u062c\\u0627\\u062f \\u0627\\u0645\\u06a9\\u0627\\u0646 \\u062f\\u0631\\u062e\\u0648\\u0627\\u0633\\u062a \\u062a\\u062c\\u062f\\u06cc\\u062f \\u0646\\u0638\\u0631 \\u062f\\u0631\\u0628\\u0627\\u0631\\u0647 \\u062a\\u062e\\u0644\\u0641\\u0627\\u062a \\u0633\\u0627\\u06cc\\u062a.\"}]', 20, NULL, 2022, 'کفش-مخملی-اسپورت', '2022-09-23 15:45:42', '2022-09-23 13:14:36'),
(5, 'کیف مخمل فانتزی', 1, 270.9, 'نگاه بومی خود بحث مالــی را به نرمافزارش اضافه کرده اســت؛ امکانی کــه در تلگرام و دیگر پیامرسانهاي خارجی وجود ندارد. حوزه فعالیت ســروش در بخش مالی شامل خدمات پرداخت قبوض، خرید شارژ آنلاین و پرداخت درون کانالی است که میتواند بسترساز بهبود کســبوکارها روي پیامرســانها باشد. البته خدمات دیگري چون ارائــه وضعیت آبوهوا و حتی خدمات آگاهی از اوقات شــرعی، دیگر تلاشهاي سروش در جهت ایجاد تغییر نسبت\nبه نمونههاي خارجی آن است..', '[{\"feature\":\"\\u0627\\u06cc\\u062c\\u0627\\u062f \\u0627\\u0653\\u062f\\u0631\\u0633 \\u0634\\u0627\\u0645\\u0644 \\u062d\\u0631\\u0648\\u0641\\u06cc \\u0645\\u0631\\u062a\\u0628\\u0637 \\u0628\\u0627 \\u0645\\u062d\\u062a\\u0648\\u0627\\u06cc \\u0633\\u0627\\u06cc\\u062a \\u0633\\u0627\\u062e\\u062a\\u0627\\u0631\\u06cc \\u0628\\u0627 \\u06a9\\u0627\\u0631\\u0628\\u0631\\u06cc \\u0628\\u0633\\u06cc\\u0627\\u0631 \\u0633\\u0627\\u062f\\u0647 \\u0628\\u0647 \\u0627\\u0653\\u062f\\u0631\\u0633 \\u0633\\u0627\\u06cc\\u062a \\u0645\\u06cc\\u062f\\u0647\\u062f.\"},{\"feature\":\"\\u0647\\u0631 \\u0631\\u0648\\u0632 \\u06cc\\u06a9 \\u0631\\u0648\\u0632 \\u0632\\u06cc\\u0628\\u0627 \\u0628\\u0631\\u0627\\u06cc \\u0627\\u0646\\u062c\\u0627\\u0645 \\u06a9\\u0627\\u0631 \\u0647\\u0627\\u06cc \\u062f\\u0631\\u0633\\u062a \\u0627\\u0633\\u062a \\u0632\\u0645\\u0627\\u0646 \\u0631\\u0627 \\u0627\\u0632 \\u062f\\u0633\\u062a \\u0646\\u062f\\u0647\\u06cc\\u0645..\"},{\"feature\":\"\\u0632\\u0646\\u062f\\u06af\\u06cc \\u0627\\u0632 \\u0622\\u0646 \\u0645\\u0627\\u0633\\u062a \\u0645\\u0627 \\u0622\\u0646 \\u0631\\u0627 \\u0628\\u0647 \\u0631\\u0648\\u0634 \\u062e\\u0648\\u062f\\u0645\\u0627\\u0646 \\u067e\\u06cc\\u0634 \\u0645\\u06cc\\u0628\\u0631\\u06cc\\u0645..\"}]', 5, NULL, 2021, 'کیف-مخمل-فانتزی', '2022-09-23 15:45:42', '2022-09-23 12:38:48'),
(6, 'کیف چرم کوله و بندی', 1, 330, '»گــپ« با تمرکز بر\nایجــاد فروشــگاه بر\nبســتر پیامرسانها با\nرویکردي جدید وارد\nبازار پیامرســانهاي\nداخلی شــده است.\nگرچه نگارشهاي مخصوص اکثر سیستمهاى عامل براي این نرمافزار طراحیشده، ولی هنوز امکان استفاده از آن روي سیستمعامل ویندوز وجود نــدارد. گپ امکان انجام خریدوفروش با اســتفاده از تراکنشهــا را دارد و ایــن مزیت رقابتی این پیامرســان نســبت به نمونههاي\nمشابه است..', '[{\"feature\":\"\\u0645\\u0631\\u06af \\u0634\\u0631\\u0648\\u0639 \\u06cc\\u06a9 \\u0632\\u0646\\u062f\\u06af\\u06cc \\u062f\\u0648\\u0628\\u0627\\u0631\\u0647 \\u0627\\u0633\\u062a . \\u0628\\u0627 \\u0627\\u06cc\\u0646 \\u062c\\u0645\\u0644\\u0647 \\u0647\\u0645\\u06af\\u06cc \\u062e\\u0648\\u062f\\u0645\\u0627\\u0646 \\u062f\\u0631 \\u06cc\\u06a9 \\u0631\\u0648\\u06cc\\u0627\\u06cc\\u06cc \\u062f\\u0633\\u062a \\u0646\\u06cc\\u0627\\u0641\\u062a\\u0646\\u06cc \\u0641\\u0631\\u0648 \\u0645\\u06cc\\u0628\\u0631\\u06cc\\u0645..\"},{\"feature\":\"\\u0632\\u0645\\u0627\\u0646\\u06cc \\u067e\\u0631\\u062f\\u0627\\u062e\\u062a \\u067e\\u0648\\u0644\\u06cc \\u0628\\u06cc\\u0634 \\u0627\\u0632 \\u0633\\u0647 \\u0645\\u06cc\\u0644\\u06cc\\u0648\\u0646 \\u062a\\u0648\\u0645\\u0627\\u0646 \\u0628\\u0631\\u0627\\u064a \\u06cc\\u06a9\\u0644\\u067e \\u062a\\u0627\\u067e\\u060c \\u0648\\u0644\\u062e\\u0631\\u062c\\u06cc \\u062a\\u0645\\u0627\\u0645\\u0639\\u06cc\\u0627\\u0631\\u064a \\u0628\\u0647 \\u062d\\u0633\\u0627\\u0628 \\u0645\\u06cc\\u0627\\u0653\\u0645\\u062f.\"},{\"feature\":\"\\u0645\\u0634\\u062e\\u0635 \\u06a9\\u0631\\u062f\\u0646 \\u062f\\u0627\\u0645\\u0646\\u0647 \\u0627\\u06cc\\u062f\\u0647 \\u0627\\u0653\\u0644 \\u0628\\u0631\\u0627\\u06cc \\u0633\\u0627\\u06cc\\u062a \\u0634\\u0645\\u0627.\"}]', NULL, NULL, 2022, 'کیف-چرم-کوله-و-بندی', '2022-09-23 15:45:42', '2022-09-23 12:39:51'),
(7, 'کیف بند دار چرم مجلسی', 0, 360.45, 'داشتن یک دستیار هوشــمند براي انجام کارهاي مختلف بسیار خوب است، اما آیا میدانید دستیار گوگل ملقب به Google Assistant همه فرمانهاي صوتی شما را براي اجرا ابتدا در سرورهاي گوگل و در ادامه یک نسخه از آن را\nنیز در فضاي ذخیرهسازي شخصی شما ذخیره میکند؟.', '[{\"feature\":\"\\u062a\\u0627 \\u0634\\u0642\\u0627\\u06cc\\u0642 \\u0647\\u0633\\u062a \\u0632\\u0646\\u062f\\u06af\\u06cc \\u0628\\u0627\\u06cc\\u062f \\u06a9\\u0631\\u062f..\"},{\"feature\":\"\\u0698\\u0627\\u067e\\u0646\\u06cc\\u0647\\u0627 \\u0631\\u0627 \\u06a9\\u0647 \\u0645\\u06cc\\u0634\\u0646\\u0627\\u0633\\u06cc\\u062f! \\u0639\\u0627\\u0634\\u0642 \\u0633\\u062e\\u062a\\u06cc \\u06a9\\u0634\\u06cc\\u062f\\u0646 \\u0648 \\u0686\\u0627\\u0644\\u0640\\u0640\\u0634 \\u0648 \\u06a9\\u0646\\u0640\\u0640\\u062f\\u0646 \\u067e\\u0648\\u0633\\u0640\\u0640\\u062a \\u0633\\u0640\\u0640\\u0631 \\u0627\\u0632 \\u0628\\u0627\\u0632\\u06cc\\u06a9\\u0646 \\u0628\\u0631\\u0627\\u064a \\u0631\\u0633\\u0640\\u0640\\u06cc\\u062f\\u0646 \\u0628\\u0647 \\u06cc\\u06a9 \\u062a\\u062c\\u0631\\u0628\\u0640\\u0640\\u0647 \\u0647\\u06cc\\u062c\\u0627\\u0646\\u0627\\u0646\\u06af\\u06cc\\u0632 \\u0648 \\u0631\\u0636\\u0627\\u06cc\\u062a\\u0628\\u062e\\u0634 \\u0647\\u0633\\u062a\\u0646\\u062f.\"}]', 12, 420, 2021, 'کیف-بند-دار-چرم-مجلسی', '2022-09-23 15:45:42', '2022-09-23 12:41:30'),
(8, 'کفش چرم مجلسی', 1, 450.9, 'با افزایش تعداد دســتگاههاي مختلف الکترونیکی در خانــه، باید از دســتگاه کنترل از راه دور ویــژه هر کدام استفاده کرد. شاید در خانه شما نیز براي تلویزیون، گیرنده دیجیتال، پخش استریو و کولر یک کنترل از راه دور وجود داشــته باشد و احتمالا در چند سال آینده نیز بر تعداد آنها اضافه میشــود. یوگو )Ugo( ابزاري کاربردي است که میتواند جایگزین همه این دستگاههاي کنترل از راه دور شود. ســازندگان این گجت، آن را به یک چوب جادویی تشــبیه میکنند. براي اســتفاده از یوگو ابتدا باید سطح و فرمانهایی مشــخص را براي آن تعیین کرد. براي نمونه اگر میز عســلی اتاق پذیرایی بهعنوان یکی از این سطوح تعریف شــود، با هر بار قرارگیري یوگو روي آن میتوان دســتگاه تلویزیون را کنترل کرد. یوگو با قابلیت حســگر\nاثرانگشت میتواند 16 کاربر مختلف داشته باشد..', '[{\"feature\":\"\\u0627\\u06cc\\u0646 \\u0631\\u0648\\u0632\\u0647\\u0627 \\u06a9\\u0645\\u062a\\u0631 \\u06a9\\u0633\\u06cc \\u067e\\u06cc\\u062f\\u0627 \\u0645\\u06cc\\u0634\\u0648\\u062f \\u06a9\\u0647 \\u0628\\u0627 USSD \\u06cc\\u0627 \\u06a9\\u062f\\u0647\\u0627\\u06cc\\u06cc \\u06a9\\u0647 \\u0628\\u0627 \\u0633\\u062a\\u0627\\u0631\\u0647 \\u0634\\u0631\\u0648\\u0639 \\u0648 \\u0628\\u0627 \\u0645\\u0631\\u0628\\u0639 \\u062a\\u0645\\u0627\\u0645 \\u0645\\u06cc\\u0634\\u0648\\u0646\\u062f\\u060c \\u0627\\u0653\\u0634\\u0646\\u0627 \\u0646\\u0628\\u0627\\u0634\\u062f.\"},{\"feature\":\"\\u0645\\u0634\\u062e\\u0635 \\u06a9\\u0631\\u062f\\u0646 \\u062f\\u0627\\u0645\\u0646\\u0647 \\u0627\\u06cc\\u062f\\u0647 \\u0627\\u0653\\u0644 \\u0628\\u0631\\u0627\\u06cc \\u0633\\u0627\\u06cc\\u062a \\u0634\\u0645\\u0627.\"},{\"feature\":\"\\u0634\\u0646\\u0627\\u062e\\u062a \\u06a9\\u0644\\u06cc\\u062f\\u0648\\u0627\\u0698 \\u0647 \\u0647\\u0627\\u06cc \\u0628\\u0631\\u062a\\u0631 \\u062f\\u0631 \\u062c\\u0633\\u062a\\u062c\\u0648 \\u06a9\\u0647 \\u0628\\u0647 \\u062f\\u06cc\\u062f\\u0647 \\u0634\\u062f\\u0646 \\u0633\\u0627\\u06cc\\u062a \\u06a9\\u0645\\u06a9 \\u0645\\u06cc \\u06a9\\u0646\\u062f.\"},{\"feature\":\"\\u0645\\u0634\\u062e\\u0635 \\u06a9\\u0631\\u062f\\u0646 \\u0645\\u0634\\u06a9\\u0644\\u0627\\u062a \\u0645\\u0648\\u062c\\u0648\\u062f \\u062f\\u0631 \\u0639\\u0646\\u0627\\u0648\\u06cc\\u0646 \\u0648 \\u0645\\u062a\\u0627\\u06cc \\u062a\\u0648\\u0636\\u06cc\\u062d\\u0627\\u062a \\u0635\\u0641\\u062d\\u0627\\u062a \\u0633\\u0627\\u06cc\\u062a.\"},{\"feature\":\"\\u0647\\u062a\\u0631 \\u0627\\u0633\\u062a \\u062a\\u0627 \\u062c\\u0627\\u06cc \\u0645\\u0645\\u06a9\\u0646 \\u0627\\u0632 \\u0639\\u06a9\\u0633 \\u0647\\u0627\\u06cc BMP \\u0627\\u0633\\u062a\\u0641\\u0627\\u062f\\u0647 \\u0646\\u06a9\\u0646\\u06cc\\u062f. \\u0632\\u06cc\\u0631\\u0627 \\u062d\\u062c\\u0645 \\u0632\\u06cc\\u0627\\u062f\\u06cc \\u0627\\u0634\\u063a\\u0627\\u0644 \\u0645\\u06cc \\u06a9\\u0646\\u0646\\u062f.\"}]', NULL, NULL, 2022, 'کفش-چرم-مجلسی', '2022-09-23 15:45:42', '2022-09-23 12:48:30'),
(9, 'کفش صندل راحتی', 1, 230.56, 'داشتن یک دستیار هوشــمند براي انجام کارهاي مختلف بسیار خوب است، اما آیا میدانید دستیار گوگل ملقب به Google Assistant همه فرمانهاي صوتی شما را براي اجرا ابتدا در سرورهاي گوگل و در ادامه یک نسخه از آن را\nنیز در فضاي ذخیرهسازي شخصی شما ذخیره میکند؟.', '[{\"feature\":\"\\u0627\\u06cc\\u062c\\u0627\\u062f \\u062f\\u0633\\u062a\\u0647 \\u0628\\u0646\\u062f\\u06cc \\u0647\\u0627 \\u0648 \\u0646\\u0627\\u0645 \\u0647\\u0627\\u06cc \\u062a\\u0648\\u0635\\u06cc\\u0641\\u06cc \\u062f\\u0631 \\u0633\\u0627\\u062e\\u062a\\u0627\\u0631 \\u0627\\u0653\\u062f\\u0631\\u0633 \\u0635\\u0641\\u062d\\u0627\\u062a \\u06a9\\u0645\\u06a9 \\u0645\\u06cc\\u06a9\\u0646\\u062f \\u06a9\\u0647 \\u0633\\u0627\\u06cc\\u062a \\u0645\\u0631\\u062a\\u0628 \\u0628\\u0645\\u0627\\u0646\\u062f.\"},{\"feature\":\"\\u0644\\u0648\\u0631\\u0645 \\u0627\\u06cc\\u067e\\u0633\\u0648\\u0645 \\u0645\\u062a\\u0646 \\u0633\\u0627\\u062e\\u062a\\u06af\\u06cc \\u0628\\u0627 \\u062a\\u0648\\u0644\\u06cc\\u062f \\u0633\\u0627\\u062f\\u06af\\u06cc \\u0646\\u0627\\u0645\\u0641\\u0647\\u0648\\u0645 \\u0627\\u0632 \\u0635\\u0646\\u0639\\u062a \\u0686\\u0627\\u067e \\u0648 \\u0628\\u0627 \\u0627\\u0633\\u062a\\u0641\\u0627\\u062f\\u0647 \\u0627\\u0632 \\u0637\\u0631\\u0627\\u062d\\u0627\\u0646 \\u06af\\u0631\\u0627\\u0641\\u06cc\\u06a9 \\u0627\\u0633\\u062a..\"},{\"feature\":\"\\u0645\\u0627 \\u062a\\u0646\\u0647\\u0627 \\u0628\\u0647 \\u062f\\u0646\\u06cc\\u0627 \\u0645\\u06cc \\u0622\\u06cc\\u06cc\\u0645 \\u0648 \\u062a\\u0646\\u0647\\u0627 \\u0627\\u0632 \\u062f\\u0646\\u06cc\\u0627 \\u0645\\u06cc\\u0631\\u0648\\u06cc\\u0645 \\u0645\\u0647\\u0645 \\u0622\\u0646 \\u0627\\u0633\\u062a \\u06a9\\u0647 \\u0628\\u06cc\\u0646 \\u062f\\u0648 \\u062a\\u0646\\u0647\\u0627 \\u0632\\u0646\\u062f\\u06af\\u06cc \\u0646\\u06a9\\u0646\\u06cc\\u0645..\"},{\"feature\":\"\\u0645\\u0627 \\u062a\\u0646\\u0647\\u0627 \\u0628\\u0647 \\u062f\\u0646\\u06cc\\u0627 \\u0645\\u06cc \\u0622\\u06cc\\u06cc\\u0645 \\u0648 \\u062a\\u0646\\u0647\\u0627 \\u0627\\u0632 \\u062f\\u0646\\u06cc\\u0627 \\u0645\\u06cc\\u0631\\u0648\\u06cc\\u0645 \\u0645\\u0647\\u0645 \\u0622\\u0646 \\u0627\\u0633\\u062a \\u06a9\\u0647 \\u0628\\u06cc\\u0646 \\u062f\\u0648 \\u062a\\u0646\\u0647\\u0627 \\u0632\\u0646\\u062f\\u06af\\u06cc \\u0646\\u06a9\\u0646\\u06cc\\u0645..\"}]', 15, NULL, 2019, 'کفش-صندل-راحتی', '2022-09-23 15:45:42', '2022-09-23 12:50:11'),
(10, 'کت و شلوار مخمل', 1, 620.25, '»گــپ« با تمرکز بر\nایجــاد فروشــگاه بر\nبســتر پیامرسانها با\nرویکردي جدید وارد\nبازار پیامرســانهاي\nداخلی شــده است.\nگرچه نگارشهاي مخصوص اکثر سیستمهاى عامل براي این نرمافزار طراحیشده، ولی هنوز امکان استفاده از آن روي سیستمعامل ویندوز وجود نــدارد. گپ امکان انجام خریدوفروش با اســتفاده از تراکنشهــا را دارد و ایــن مزیت رقابتی این پیامرســان نســبت به نمونههاي\nمشابه است..', '[{\"feature\":\"\\u0628\\u0627 \\u06a9\\u0645\\u06a9 \\u06af\\u0648\\u06af\\u0644 \\u0648\\u0628\\u0645\\u0633\\u062a\\u0631 \\u062a\\u0639\\u062f\\u0627\\u062f \\u0635\\u0641\\u062d\\u0627\\u062a \\u0633\\u0627\\u06cc\\u062a \\u06a9\\u0647 \\u062f\\u0627\\u0631\\u0627\\u06cc \\u0633\\u0627\\u062e\\u062a\\u0627\\u0631 \\u062e\\u0627\\u0635 \\u062f\\u0631 \\u0646\\u062a\\u0627\\u06cc\\u062c \\u062c\\u0633\\u062a\\u062c\\u0648 \\u0647\\u0633\\u062a\\u0646\\u062f \\u0631\\u0627 \\u0645\\u0634\\u0627\\u0647\\u062f\\u0647 \\u06a9\\u0646\\u06cc\\u062f.\"},{\"feature\":\"\\u0628\\u06cc\\u0634\\u062a\\u0631 \\u0645\\u0631\\u0648\\u0631\\u06af\\u0631\\u0647\\u0627 \\u0627\\u0632 \\u0641\\u0631\\u0645\\u062a \\u0647\\u0627\\u06cc \\u0641\\u0627\\u06cc\\u0644 \\u0639\\u0645\\u0648\\u0645\\u06cc \\u062a\\u0635\\u0627\\u0648\\u06cc\\u0631 \\u0645\\u0627\\u0646\\u0646\\u062f BMP \\u060cPNG \\u060cGIF \\u060cJPEG \\u067e\\u0634\\u062a\\u06cc\\u0628\\u0627\\u0646\\u06cc \\u0645\\u06cc \\u06a9\\u0646\\u0646\\u062f.\"}]', NULL, NULL, 2022, 'کت-و-شلوار-مخمل', '2022-09-23 15:45:42', '2022-09-23 12:51:34'),
(11, 'بارانی چرم', 0, 575.35, 'نگاه بومی خود بحث مالــی را به نرمافزارش اضافه کرده اســت؛ امکانی کــه در تلگرام و دیگر پیامرسانهاي خارجی وجود ندارد. حوزه فعالیت ســروش در بخش مالی شامل خدمات پرداخت قبوض، خرید شارژ آنلاین و پرداخت درون کانالی است که میتواند بسترساز بهبود کســبوکارها روي پیامرســانها باشد. البته خدمات دیگري چون ارائــه وضعیت آبوهوا و حتی خدمات آگاهی از اوقات شــرعی، دیگر تلاشهاي سروش در جهت ایجاد تغییر نسبت\nبه نمونههاي خارجی آن است..', '[{\"feature\":\"\\u0645\\u0634\\u062e\\u0635 \\u06a9\\u0631\\u062f\\u0646 \\u062f\\u0627\\u0645\\u0646\\u0647 \\u0627\\u06cc\\u062f\\u0647 \\u0627\\u0653\\u0644 \\u0628\\u0631\\u0627\\u06cc \\u0633\\u0627\\u06cc\\u062a \\u0634\\u0645\\u0627.\"},{\"feature\":\"\\u0644\\u06cc\\u0646\\u06a9 \\u0647\\u0627 \\u0645\\u06cc\\u062a\\u0648\\u0627\\u0646\\u0646\\u062f \\u0645\\u062a\\u0646 \\u06cc\\u0627 \\u0639\\u06a9\\u0633 \\u06cc\\u0627 \\u06a9\\u062f\\u0647\\u0627\\u06cc \\u062c\\u0627\\u0648\\u0627 \\u0627\\u0633\\u06a9\\u0631\\u06cc\\u067e\\u062a \\u0648 \\u06cc\\u0627 \\u062a\\u0631\\u06a9\\u06cc\\u0628\\u06cc \\u0627\\u0632 \\u0627\\u0653\\u0646\\u0647\\u0627 \\u0628\\u0627\\u0634\\u0646\\u062f.\"},{\"feature\":\"\\u062a\\u0627\\u0631\\u06cc\\u062e \\u062f\\u0648 \\u0628\\u0627\\u0631 \\u062a\\u06a9\\u0631\\u0627\\u0631 \\u0645\\u06cc\\u0634\\u0648\\u062f : \\u06cc\\u06a9\\u06cc \\u0628\\u0647 \\u0635\\u0648\\u0631\\u062a \\u062a\\u0631\\u0627\\u0698\\u062f\\u06cc \\u0648 \\u062f\\u06cc\\u06af\\u0631\\u06cc \\u0628\\u0647 \\u0635\\u0648\\u0631\\u062a \\u06a9\\u0645\\u062f\\u06cc..\"}]', NULL, NULL, 2019, 'بارانی-چرم', '2022-09-23 15:45:42', '2022-09-23 12:56:30'),
(12, 'گرنبند دایره ساده', 1, 700.89, 'داشتن یک دستیار هوشــمند براي انجام کارهاي مختلف بسیار خوب است، اما آیا میدانید دستیار گوگل ملقب به Google Assistant همه فرمانهاي صوتی شما را براي اجرا ابتدا در سرورهاي گوگل و در ادامه یک نسخه از آن را\nنیز در فضاي ذخیرهسازي شخصی شما ذخیره میکند؟.', '[{\"feature\":\"\\u062a\\u0627\\u0631\\u06cc\\u062e \\u062f\\u0648 \\u0628\\u0627\\u0631 \\u062a\\u06a9\\u0631\\u0627\\u0631 \\u0645\\u06cc\\u0634\\u0648\\u062f : \\u06cc\\u06a9\\u06cc \\u0628\\u0647 \\u0635\\u0648\\u0631\\u062a \\u062a\\u0631\\u0627\\u0698\\u062f\\u06cc \\u0648 \\u062f\\u06cc\\u06af\\u0631\\u06cc \\u0628\\u0647 \\u0635\\u0648\\u0631\\u062a \\u06a9\\u0645\\u062f\\u06cc..\"},{\"feature\":\"\\u06af\\u0648\\u06af\\u0644 \\u067e\\u06cc\\u0634\\u0646\\u0647\\u0627\\u062f \\u0645\\u06cc \\u06a9\\u0646\\u062f \\u06a9\\u0647 \\u062a\\u0645\\u0627\\u0645 \\u0633\\u0627\\u06cc\\u062a \\u0647\\u0627 \\u062f\\u0631 \\u0635\\u0648\\u0631\\u062a \\u0627\\u0645\\u06a9\\u0627\\u0646 \\u0627\\u0632 \\u067e\\u0631\\u0648\\u062a\\u06a9\\u0644 Https \\u0627\\u0633\\u062a\\u0641\\u0627\\u062f\\u0647 \\u06a9\\u0646\\u0646\\u062f.\"},{\"feature\":\"\\u062a\\u062d\\u0642\\u06cc\\u0642 \\u06a9\\u0644\\u0645\\u0627\\u062a \\u06a9\\u0644\\u06cc\\u062f\\u06cc \\u062c\\u0632\\u0621 \\u0645\\u0647\\u0645\\u062a\\u0631\\u06cc\\u0646 \\u0628\\u062e\\u0634\\u0647\\u0627\\u06cc \\u0633\\u064a\\u0654\\u0648 \\u0633\\u0627\\u06cc\\u062a \\u0645\\u06cc\\u0628\\u0627\\u0634\\u062f.\"},{\"feature\":\"\\u0647\\u062a\\u0631 \\u0627\\u0633\\u062a \\u062a\\u0627 \\u062c\\u0627\\u06cc \\u0645\\u0645\\u06a9\\u0646 \\u0627\\u0632 \\u0639\\u06a9\\u0633 \\u0647\\u0627\\u06cc BMP \\u0627\\u0633\\u062a\\u0641\\u0627\\u062f\\u0647 \\u0646\\u06a9\\u0646\\u06cc\\u062f. \\u0632\\u06cc\\u0631\\u0627 \\u062d\\u062c\\u0645 \\u0632\\u06cc\\u0627\\u062f\\u06cc \\u0627\\u0634\\u063a\\u0627\\u0644 \\u0645\\u06cc \\u06a9\\u0646\\u0646\\u062f.\"},{\"feature\":\"\\u0644\\u0648\\u0631\\u0645 \\u0627\\u06cc\\u067e\\u0633\\u0648\\u0645 \\u0645\\u062a\\u0646 \\u0633\\u0627\\u062e\\u062a\\u06af\\u06cc \\u0628\\u0627 \\u062a\\u0648\\u0644\\u06cc\\u062f \\u0633\\u0627\\u062f\\u06af\\u06cc \\u0646\\u0627\\u0645\\u0641\\u0647\\u0648\\u0645 \\u0627\\u0632 \\u0635\\u0646\\u0639\\u062a \\u0686\\u0627\\u067e \\u0648 \\u0628\\u0627 \\u0627\\u0633\\u062a\\u0641\\u0627\\u062f\\u0647 \\u0627\\u0632 \\u0637\\u0631\\u0627\\u062d\\u0627\\u0646 \\u06af\\u0631\\u0627\\u0641\\u06cc\\u06a9 \\u0627\\u0633\\u062a..\"}]', 10, NULL, 2022, 'گرنبند-دایره-ساده', '2022-09-23 15:45:42', '2022-09-23 12:57:58'),
(13, 'کفش اسپورت مدل 98', 1, 180.78, 'داشتن یک دستیار هوشــمند براي انجام کارهاي مختلف بسیار خوب است، اما آیا میدانید دستیار گوگل ملقب به Google Assistant همه فرمانهاي صوتی شما را براي اجرا ابتدا در سرورهاي گوگل و در ادامه یک نسخه از آن را\nنیز در فضاي ذخیرهسازي شخصی شما ذخیره میکند؟.', '[{\"feature\":\"\\u0628\\u0627\\u0628\\u0627 \\u0646\\u0627\\u0646 \\u062f\\u0627\\u062f \\u0648 \\u0639\\u0644\\u06cc \\u0622\\u0646\\u0631\\u0627 \\u062e\\u0648\\u0631\\u062f..\"},{\"feature\":\"\\u062f\\u0631 \\u0634\\u0628\\u06a9\\u0647 \\u0647\\u0627\\u06cc \\u0627\\u062c\\u062a\\u0645\\u0627\\u0639\\u06cc \\u0641\\u0639\\u0627\\u0644\\u062a\\u0631 \\u0628\\u0627\\u0634\\u06cc\\u062f.\"},{\"feature\":\"\\u062f\\u0631\\u06cc\\u0627\\u0641\\u062a \\u067e\\u06cc\\u0627\\u0645 \\u0628\\u0631\\u0627\\u06cc \\u062a\\u062e\\u0644\\u0641\\u0627\\u062a \\u0633\\u0627\\u06cc\\u062a \\u0648 \\u0627\\u06cc\\u062c\\u0627\\u062f \\u0627\\u0645\\u06a9\\u0627\\u0646 \\u062f\\u0631\\u062e\\u0648\\u0627\\u0633\\u062a \\u062a\\u062c\\u062f\\u06cc\\u062f \\u0646\\u0638\\u0631 \\u062f\\u0631\\u0628\\u0627\\u0631\\u0647 \\u062a\\u062e\\u0644\\u0641\\u0627\\u062a \\u0633\\u0627\\u06cc\\u062a.\"},{\"feature\":\"\\u0641\\u0631\\u0635\\u062a \\u0647\\u0627 \\u0627\\u0632 \\u062f\\u0633\\u062a \\u0646\\u062f\\u0647\\u06cc\\u0645 \\u060c \\u0641\\u0631\\u0635\\u062a \\u0647\\u0645\\u06cc\\u0634\\u06af\\u06cc \\u0646\\u06cc\\u0633\\u062a\\u0646\\u062f..\"}]', 10, NULL, 2021, 'کفش-اسپورت-مدل-98', '2022-09-23 15:45:42', '2022-09-23 12:59:32'),
(14, 'ساعت سنگی مدل 88', 0, 670, 'داشتن یک دستیار هوشــمند براي انجام کارهاي مختلف بسیار خوب است، اما آیا میدانید دستیار گوگل ملقب به Google Assistant همه فرمانهاي صوتی شما را براي اجرا ابتدا در سرورهاي گوگل و در ادامه یک نسخه از آن را\nنیز در فضاي ذخیرهسازي شخصی شما ذخیره میکند؟.', '[{\"feature\":\"\\u062f\\u0631 \\u0634\\u0628\\u06a9\\u0647 \\u0647\\u0627\\u06cc \\u0627\\u062c\\u062a\\u0645\\u0627\\u0639\\u06cc \\u0641\\u0639\\u0627\\u0644\\u062a\\u0631 \\u0628\\u0627\\u0634\\u06cc\\u062f.\"},{\"feature\":\"\\u0633\\u0627\\u06cc\\u062a \\u0645\\u0627\\u06cc\\u06a9\\u0631\\u0648\\u0633\\u0627\\u0641\\u062a \\u0628\\u0631\\u0627\\u06cc \\u0645\\u0631\\u0648\\u0631\\u06af\\u0631 \\u0628\\u06cc\\u0646\\u06af \\u0627\\u0628\\u0632\\u0627\\u0631 \\u0648\\u0628\\u0645\\u0633\\u062a\\u0631\\u06cc \\u0628\\u0627 \\u0627\\u0645\\u06a9\\u0627\\u0646\\u0627\\u062a\\u06cc \\u0645\\u0634\\u0627\\u0628\\u0647 \\u0627\\u0645\\u06a9\\u0627\\u0646\\u0627\\u062a \\u0630\\u06a9\\u0631 \\u0634\\u062f\\u0647 \\u0627\\u0631\\u0627\\u064a\\u0654\\u0647 \\u062f\\u0627\\u062f\\u0647 \\u0627\\u0633\\u062a.\"},{\"feature\":\"\\u0645\\u0634\\u06a9\\u0644\\u0627\\u062a \\u0645\\u0627 \\u0628\\u0627 \\u0627\\u0637\\u0631\\u0627\\u0641\\u06cc\\u0627\\u0646\\u0645\\u0627\\u0646 \\u0627\\u063a\\u0644\\u0628 \\u062f\\u0631 \\u0646\\u06af\\u0631\\u0634 \\u0645\\u0627 \\u0627\\u0633\\u062a.\"},{\"feature\":\"\\u0647\\u0631 \\u0631\\u0648\\u0632 \\u06cc\\u06a9 \\u0631\\u0648\\u0632 \\u0632\\u06cc\\u0628\\u0627 \\u0628\\u0631\\u0627\\u06cc \\u0627\\u0646\\u062c\\u0627\\u0645 \\u06a9\\u0627\\u0631 \\u0647\\u0627\\u06cc \\u062f\\u0631\\u0633\\u062a \\u0627\\u0633\\u062a \\u0632\\u0645\\u0627\\u0646 \\u0631\\u0627 \\u0627\\u0632 \\u062f\\u0633\\u062a \\u0646\\u062f\\u0647\\u06cc\\u0645..\"},{\"feature\":\"\\u06af\\u0648\\u06af\\u0644 \\u067e\\u06cc\\u0634\\u0646\\u0647\\u0627\\u062f \\u0645\\u06cc \\u06a9\\u0646\\u062f \\u06a9\\u0647 \\u062a\\u0645\\u0627\\u0645 \\u0633\\u0627\\u06cc\\u062a \\u0647\\u0627 \\u062f\\u0631 \\u0635\\u0648\\u0631\\u062a \\u0627\\u0645\\u06a9\\u0627\\u0646 \\u0627\\u0632 \\u067e\\u0631\\u0648\\u062a\\u06a9\\u0644 Https \\u0627\\u0633\\u062a\\u0641\\u0627\\u062f\\u0647 \\u06a9\\u0646\\u0646\\u062f.\"},{\"feature\":\"\\u0627\\u0631\\u0627\\u064a\\u0654\\u0647 \\u06cc\\u06a9 \\u0646\\u0645\\u0627 \\u0627\\u0632 \\u0646\\u062d\\u0648\\u0647 \\u062e\\u0648\\u0627\\u0646\\u0634 \\u0633\\u0627\\u06cc\\u062a \\u062a\\u0648\\u0633\\u0637 \\u0631\\u0628\\u0627\\u062a \\u0647\\u0627\\u06cc \\u06af\\u0648\\u06af\\u0644.\"}]', NULL, NULL, 2021, 'ساعت-سنگی-مدل-88', '2022-09-23 15:45:42', '2022-09-23 13:01:27'),
(15, 'بلوز مخمل مردانه ', 1, 200.9, 'ایــن روزهــا تقریبا تمــام رایانهها قادر بــه اجراي سیستمعاملهاي 64 بیتی هستند، اما پشتیبانی رایانهها از این نسخه دلیل نمیشود تمام سیستمعاملهاي نصب شده توســط کاربران نیز نسخه 64 بیت باشد و ممکن اســت رایانه یک کاربر به نسخه 32 بیت سیستمعامل\nمجهز شده باشــد..', '[{\"feature\":\"\\u0647\\u062a\\u0631 \\u0627\\u0633\\u062a \\u062a\\u0627 \\u062c\\u0627\\u06cc \\u0645\\u0645\\u06a9\\u0646 \\u0627\\u0632 \\u0639\\u06a9\\u0633 \\u0647\\u0627\\u06cc BMP \\u0627\\u0633\\u062a\\u0641\\u0627\\u062f\\u0647 \\u0646\\u06a9\\u0646\\u06cc\\u062f. \\u0632\\u06cc\\u0631\\u0627 \\u062d\\u062c\\u0645 \\u0632\\u06cc\\u0627\\u062f\\u06cc \\u0627\\u0634\\u063a\\u0627\\u0644 \\u0645\\u06cc \\u06a9\\u0646\\u0646\\u062f.\"},{\"feature\":\"\\u0645\\u0634\\u062e\\u0635 \\u06a9\\u0631\\u062f\\u0646 \\u0645\\u0634\\u06a9\\u0644\\u0627\\u062a \\u0645\\u0648\\u062c\\u0648\\u062f \\u062f\\u0631 \\u0639\\u0646\\u0627\\u0648\\u06cc\\u0646 \\u0648 \\u0645\\u062a\\u0627\\u06cc \\u062a\\u0648\\u0636\\u06cc\\u062d\\u0627\\u062a \\u0635\\u0641\\u062d\\u0627\\u062a \\u0633\\u0627\\u06cc\\u062a.\"},{\"feature\":\"\\u0698\\u0627\\u067e\\u0646\\u06cc\\u0647\\u0627 \\u0631\\u0627 \\u06a9\\u0647 \\u0645\\u06cc\\u0634\\u0646\\u0627\\u0633\\u06cc\\u062f! \\u0639\\u0627\\u0634\\u0642 \\u0633\\u062e\\u062a\\u06cc \\u06a9\\u0634\\u06cc\\u062f\\u0646 \\u0648 \\u0686\\u0627\\u0644\\u0640\\u0640\\u0634 \\u0648 \\u06a9\\u0646\\u0640\\u0640\\u062f\\u0646 \\u067e\\u0648\\u0633\\u0640\\u0640\\u062a \\u0633\\u0640\\u0640\\u0631 \\u0627\\u0632 \\u0628\\u0627\\u0632\\u06cc\\u06a9\\u0646 \\u0628\\u0631\\u0627\\u064a \\u0631\\u0633\\u0640\\u0640\\u06cc\\u062f\\u0646 \\u0628\\u0647 \\u06cc\\u06a9 \\u062a\\u062c\\u0631\\u0628\\u0640\\u0640\\u0647 \\u0647\\u06cc\\u062c\\u0627\\u0646\\u0627\\u0646\\u06af\\u06cc\\u0632 \\u0648 \\u0631\\u0636\\u0627\\u06cc\\u062a\\u0628\\u062e\\u0634 \\u0647\\u0633\\u062a\\u0646\\u062f.\"},{\"feature\":\"\\u062a\\u0627 \\u0634\\u0642\\u0627\\u06cc\\u0642 \\u0647\\u0633\\u062a \\u0632\\u0646\\u062f\\u06af\\u06cc \\u0628\\u0627\\u06cc\\u062f \\u06a9\\u0631\\u062f..\"},{\"feature\":\"\\u0647\\u0631 \\u0631\\u0648\\u0632 \\u06cc\\u06a9 \\u0631\\u0648\\u0632 \\u0632\\u06cc\\u0628\\u0627 \\u0628\\u0631\\u0627\\u06cc \\u0627\\u0646\\u062c\\u0627\\u0645 \\u06a9\\u0627\\u0631 \\u0647\\u0627\\u06cc \\u062f\\u0631\\u0633\\u062a \\u0627\\u0633\\u062a \\u0632\\u0645\\u0627\\u0646 \\u0631\\u0627 \\u0627\\u0632 \\u062f\\u0633\\u062a \\u0646\\u062f\\u0647\\u06cc\\u0645..\"}]', 30, NULL, 2022, 'بلوز-مخمل-مردانه', '2022-09-23 15:45:42', '2022-09-23 13:03:13'),
(16, 'پیراهن چهارخانه', 0, 320.3, 'شــرکت کالگیت بتازگی از محصــول جدید خود با نام E1 رونمایی کرده که یک مســواك برقی هوشمند است. این مســواك با بهرهگیري از حسگرهاي مختلف خود میتواند موقعیت و زمان صرف شده براي مسواك زدن بخشهاي مختلف دهان را تعیین کند و در صورت جاماندن هر بخشی از دندانها، آن را به کاربر اعلام کند. همچنین الگوریتم خاص این مســواك میتواند بتدریج با عادتهاي کاربر آشــنا شده و توصیههایی دقیقتر به\nاو ارائه دهد. نرمافزار این مســواك بر اســاس پلتفرم ResearchKit شــرکت اپل توسعهیافته است. این پلتفرم براي کمک به پژوهشگران و توسهدهندگان تجهیزات مرتبط با سلامت و پزشکی طراحی شده است. مسواك E1 ارتعاشاتی با امواج صوتی ایجاد کرده که به تمیزتر شــدن دندانها و از بین بردن بهتر مواد زاید روي آنها کمک میکند. باتري\nاین مسواك با هر بار شارژ میتواند تا ده روز کار کند. قیمت این محصول 96 دلار است..', '[{\"feature\":\"\\u0645\\u0627 \\u062a\\u0646\\u0647\\u0627 \\u0628\\u0647 \\u062f\\u0646\\u06cc\\u0627 \\u0645\\u06cc \\u0622\\u06cc\\u06cc\\u0645 \\u0648 \\u062a\\u0646\\u0647\\u0627 \\u0627\\u0632 \\u062f\\u0646\\u06cc\\u0627 \\u0645\\u06cc\\u0631\\u0648\\u06cc\\u0645 \\u0645\\u0647\\u0645 \\u0622\\u0646 \\u0627\\u0633\\u062a \\u06a9\\u0647 \\u0628\\u06cc\\u0646 \\u062f\\u0648 \\u062a\\u0646\\u0647\\u0627 \\u0632\\u0646\\u062f\\u06af\\u06cc \\u0646\\u06a9\\u0646\\u06cc\\u0645..\"},{\"feature\":\"\\u0645\\u0634\\u062e\\u0635 \\u06a9\\u0631\\u062f\\u0646 \\u062f\\u0627\\u0645\\u0646\\u0647 \\u0627\\u06cc\\u062f\\u0647 \\u0627\\u0653\\u0644 \\u0628\\u0631\\u0627\\u06cc \\u0633\\u0627\\u06cc\\u062a \\u0634\\u0645\\u0627.\"},{\"feature\":\"\\u062f\\u0631\\u06cc\\u0627\\u0641\\u062a \\u0627\\u0637\\u0644\\u0627\\u0639\\u0627\\u062a \\u062f\\u0631\\u0628\\u0627\\u0631\\u0647 \\u0646\\u062d\\u0648\\u0647 \\u062f\\u0633\\u062a\\u0631\\u0633\\u06cc \\u0645\\u062e\\u0627\\u0637\\u0628\\u0627\\u0646 \\u0628\\u0647 \\u0633\\u0627\\u06cc\\u062a \\u0648 \\u0646\\u062d\\u0648\\u0647 \\u0631\\u0641\\u062a\\u0627\\u0631 \\u0627\\u0653\\u0646\\u0647\\u0627.\"},{\"feature\":\"\\u062f\\u0631\\u062c \\u0648\\u06cc\\u0698\\u06af\\u06cc Alt \\u0647\\u0646\\u06af\\u0627\\u0645\\u06cc\\u06a9\\u0647 \\u0627\\u0632 \\u0639\\u06a9\\u0633 \\u0628\\u0639\\u0646\\u0648\\u0627\\u0646 \\u0644\\u06cc\\u0646\\u06a9 \\u0627\\u0633\\u062a\\u0641\\u0627\\u062f\\u0647 \\u0645\\u06cc \\u06a9\\u0646\\u06cc\\u062f.\"}]', NULL, 371, 2018, 'پیراهن-چهارخانه', '2022-09-23 15:45:42', '2022-09-23 13:04:30'),
(17, 'گردنبند مروارید', 1, 800.67, 'شــرکت کالگیت بتازگی از محصــول جدید خود با نام E1 رونمایی کرده که یک مســواك برقی هوشمند است. این مســواك با بهرهگیري از حسگرهاي مختلف خود میتواند موقعیت و زمان صرف شده براي مسواك زدن بخشهاي مختلف دهان را تعیین کند و در صورت جاماندن هر بخشی از دندانها، آن را به کاربر اعلام کند. همچنین الگوریتم خاص این مســواك میتواند بتدریج با عادتهاي کاربر آشــنا شده و توصیههایی دقیقتر به\nاو ارائه دهد. نرمافزار این مســواك بر اســاس پلتفرم ResearchKit شــرکت اپل توسعهیافته است. این پلتفرم براي کمک به پژوهشگران و توسهدهندگان تجهیزات مرتبط با سلامت و پزشکی طراحی شده است. مسواك E1 ارتعاشاتی با امواج صوتی ایجاد کرده که به تمیزتر شــدن دندانها و از بین بردن بهتر مواد زاید روي آنها کمک میکند. باتري\nاین مسواك با هر بار شارژ میتواند تا ده روز کار کند. قیمت این محصول 96 دلار است..', '[{\"feature\":\"\\u0644\\u06cc\\u0646\\u06a9 \\u0647\\u0627 \\u0645\\u06cc\\u062a\\u0648\\u0627\\u0646\\u0646\\u062f \\u0645\\u062a\\u0646 \\u06cc\\u0627 \\u0639\\u06a9\\u0633 \\u06cc\\u0627 \\u06a9\\u062f\\u0647\\u0627\\u06cc \\u062c\\u0627\\u0648\\u0627 \\u0627\\u0633\\u06a9\\u0631\\u06cc\\u067e\\u062a \\u0648 \\u06cc\\u0627 \\u062a\\u0631\\u06a9\\u06cc\\u0628\\u06cc \\u0627\\u0632 \\u0627\\u0653\\u0646\\u0647\\u0627 \\u0628\\u0627\\u0634\\u0646\\u062f.\"},{\"feature\":\"\\u0628\\u06cc\\u0634\\u062a\\u0631 \\u0645\\u0631\\u0648\\u0631\\u06af\\u0631\\u0647\\u0627 \\u0627\\u0632 \\u0641\\u0631\\u0645\\u062a \\u0647\\u0627\\u06cc \\u0641\\u0627\\u06cc\\u0644 \\u0639\\u0645\\u0648\\u0645\\u06cc \\u062a\\u0635\\u0627\\u0648\\u06cc\\u0631 \\u0645\\u0627\\u0646\\u0646\\u062f BMP \\u060cPNG \\u060cGIF \\u060cJPEG \\u067e\\u0634\\u062a\\u06cc\\u0628\\u0627\\u0646\\u06cc \\u0645\\u06cc \\u06a9\\u0646\\u0646\\u062f.\"},{\"feature\":\"\\u062f\\u0631 \\u0634\\u0628\\u06a9\\u0647 \\u0647\\u0627\\u06cc \\u0627\\u062c\\u062a\\u0645\\u0627\\u0639\\u06cc \\u0641\\u0639\\u0627\\u0644\\u062a\\u0631 \\u0628\\u0627\\u0634\\u06cc\\u062f.\"}]', NULL, NULL, 2022, 'گردنبند-مروارید', '2022-09-23 15:45:42', '2022-09-23 13:06:40'),
(18, 'کفش مجلسی تخت فانتزی', 0, 510.2, 'قرارگرفتن طولانی مدت در معرض نور خورشید میتواند\nبه بروز مشــکلاتی پوستی و حتی ســرطان منجر شود. به همین دلیل اطــلاع دقیق از میزان زمان کافی قرارگیري در برابر آفتاب میتواند ســودمند باشد. یک شرکت نوآور، نوعی برچســب طراحی کرده که روي پوســت قرار میگیرد و در صورت قرارگیــري در برابر نور به مــدت طولانی به کاربر هشدار میدهد. این محصول لاجیکاینک )LogicInk( نام دارد و از نوعی جوهر خاص ساخته شده است. هر برچسب داراي تصویر چند حلقه یا میله است که با قرارگیري در برابر نور رنگشــان بتدریج از بنفش به صورتی تغییر میکند. در صورت صورتی رنگ شــدن همه آنها، کاربر میتواند متوجه شــود که دیگر نباید در برابر آفتاب بماند. گفتنی است براي استفاده از این محصول نیازي به گوشی هوشمند نیست. هنوز قیمت لاجیکاینک و زمــان تقریبی عرضه آن به بازارهاي\nجهانی اعلام نشده است..', '[{\"feature\":\"\\u0632\\u0646\\u062f\\u06af\\u06cc \\u0627\\u0632 \\u0622\\u0646 \\u0645\\u0627\\u0633\\u062a \\u0645\\u0627 \\u0622\\u0646 \\u0631\\u0627 \\u0628\\u0647 \\u0631\\u0648\\u0634 \\u062e\\u0648\\u062f\\u0645\\u0627\\u0646 \\u067e\\u06cc\\u0634 \\u0645\\u06cc\\u0628\\u0631\\u06cc\\u0645..\"},{\"feature\":\"\\u0632\\u0645\\u0627\\u0646\\u06cc \\u067e\\u0631\\u062f\\u0627\\u062e\\u062a \\u067e\\u0648\\u0644\\u06cc \\u0628\\u06cc\\u0634 \\u0627\\u0632 \\u0633\\u0647 \\u0645\\u06cc\\u0644\\u06cc\\u0648\\u0646 \\u062a\\u0648\\u0645\\u0627\\u0646 \\u0628\\u0631\\u0627\\u064a \\u06cc\\u06a9\\u0644\\u067e \\u062a\\u0627\\u067e\\u060c \\u0648\\u0644\\u062e\\u0631\\u062c\\u06cc \\u062a\\u0645\\u0627\\u0645\\u0639\\u06cc\\u0627\\u0631\\u064a \\u0628\\u0647 \\u062d\\u0633\\u0627\\u0628 \\u0645\\u06cc\\u0627\\u0653\\u0645\\u062f.\"},{\"feature\":\"\\u0632\\u0646\\u062f\\u06af\\u06cc \\u0627\\u0632 \\u0622\\u0646 \\u0645\\u0627\\u0633\\u062a \\u0645\\u0627 \\u0622\\u0646 \\u0631\\u0627 \\u0628\\u0647 \\u0631\\u0648\\u0634 \\u062e\\u0648\\u062f\\u0645\\u0627\\u0646 \\u067e\\u06cc\\u0634 \\u0645\\u06cc\\u0628\\u0631\\u06cc\\u0645..\"},{\"feature\":\"\\u0628\\u0627\\u0628\\u0627 \\u0646\\u0627\\u0646 \\u062f\\u0627\\u062f \\u0648 \\u0639\\u0644\\u06cc \\u0622\\u0646\\u0631\\u0627 \\u062e\\u0648\\u0631\\u062f..\"},{\"feature\":\"\\u062f\\u0631\\u062c \\u0648\\u06cc\\u0698\\u06af\\u06cc Alt \\u0647\\u0646\\u06af\\u0627\\u0645\\u06cc\\u06a9\\u0647 \\u0627\\u0632 \\u0639\\u06a9\\u0633 \\u0628\\u0639\\u0646\\u0648\\u0627\\u0646 \\u0644\\u06cc\\u0646\\u06a9 \\u0627\\u0633\\u062a\\u0641\\u0627\\u062f\\u0647 \\u0645\\u06cc \\u06a9\\u0646\\u06cc\\u062f.\"}]', 30, NULL, 2021, 'کفش-مجلسی-تخت-فانتزی', '2022-09-23 15:45:42', '2022-09-23 13:08:03');

-- --------------------------------------------------------

--
-- Table structure for table `products_categories`
--

CREATE TABLE `products_categories` (
  `id` int(11) NOT NULL,
  `product_id` int(11) NOT NULL,
  `shop_category_id` int(11) NOT NULL
) ENGINE=InnoDB DEFAULT CHARSET=utf8 COLLATE=utf8_persian_ci;

--
-- Dumping data for table `products_categories`
--

INSERT INTO `products_categories` (`id`, `product_id`, `shop_category_id`) VALUES
(1, 1, 19),
(3, 2, 11),
(4, 3, 17),
(7, 4, 16),
(9, 5, 17),
(11, 6, 17),
(13, 7, 17),
(15, 8, 16),
(17, 9, 16),
(18, 10, 9),
(19, 11, 10),
(21, 12, 23),
(24, 13, 16),
(26, 14, 23),
(27, 15, 5),
(28, 16, 5),
(30, 17, 23),
(32, 18, 16);

-- --------------------------------------------------------

--
-- Table structure for table `products_color`
--

CREATE TABLE `products_color` (
  `id` int(11) NOT NULL,
  `product_id` int(11) NOT NULL,
  `color_id` int(11) NOT NULL
) ENGINE=InnoDB DEFAULT CHARSET=utf8 COLLATE=utf8_persian_ci;

--
-- Dumping data for table `products_color`
--

INSERT INTO `products_color` (`id`, `product_id`, `color_id`) VALUES
(1, 1, 4),
(2, 1, 5),
(3, 2, 2),
(4, 2, 1),
(5, 2, 3),
(6, 3, 4),
(7, 4, 1),
(8, 4, 5),
(9, 5, 4),
(10, 5, 5),
(11, 5, 1),
(12, 6, 4),
(13, 7, 1),
(14, 7, 2),
(15, 8, 3),
(16, 8, 4),
(17, 9, 2),
(18, 10, 4),
(19, 10, 2),
(20, 10, 1),
(21, 11, 2),
(22, 11, 4),
(23, 11, 3),
(24, 12, 2),
(25, 12, 3),
(26, 12, 4),
(27, 13, 3),
(28, 13, 4),
(29, 13, 1),
(30, 13, 5),
(31, 13, 2),
(32, 14, 4),
(33, 14, 3),
(34, 14, 5),
(35, 15, 2),
(36, 15, 1),
(37, 15, 3),
(38, 15, 5),
(39, 16, 1),
(40, 17, 1),
(41, 17, 5),
(42, 18, 2);

-- --------------------------------------------------------

--
-- Table structure for table `products_size`
--

CREATE TABLE `products_size` (
  `id` int(11) NOT NULL,
  `product_id` int(11) NOT NULL,
  `size_id` int(11) NOT NULL
) ENGINE=InnoDB DEFAULT CHARSET=utf8 COLLATE=utf8_persian_ci;

--
-- Dumping data for table `products_size`
--

INSERT INTO `products_size` (`id`, `product_id`, `size_id`) VALUES
(1, 1, 2),
(4, 2, 2),
(5, 2, 5),
(6, 2, 3),
(7, 2, 4),
(8, 3, 2),
(9, 3, 1),
(10, 3, 5),
(11, 3, 3),
(12, 4, 4),
(13, 4, 5),
(14, 4, 3),
(15, 5, 5),
(16, 5, 4),
(17, 5, 3),
(18, 6, 4),
(19, 6, 2),
(20, 7, 1),
(21, 8, 2),
(22, 9, 3),
(23, 9, 4),
(24, 9, 1),
(25, 10, 1),
(26, 10, 5),
(27, 10, 2),
(28, 11, 3),
(29, 11, 1),
(30, 11, 4),
(31, 11, 2),
(32, 12, 3),
(33, 12, 5),
(34, 13, 1),
(35, 13, 2),
(36, 14, 5),
(37, 14, 4),
(38, 15, 4),
(39, 15, 5),
(40, 15, 3),
(41, 15, 1),
(42, 16, 4),
(43, 16, 3),
(44, 16, 1),
(45, 17, 2),
(46, 18, 3),
(47, 18, 4),
(48, 18, 2),
(49, 18, 1);

-- --------------------------------------------------------

--
-- Table structure for table `profiles`
--

CREATE TABLE `profiles` (
  `id` int(11) NOT NULL,
  `user_id` int(11) NOT NULL,
  `about` text DEFAULT NULL,
  `phone` varchar(256) DEFAULT NULL,
  `country` varchar(256) DEFAULT NULL,
  `birth` date DEFAULT NULL
) ENGINE=InnoDB DEFAULT CHARSET=utf8 COLLATE=utf8_persian_ci;

--
-- Dumping data for table `profiles`
--

INSERT INTO `profiles` (`id`, `user_id`, `about`, `phone`, `country`, `birth`) VALUES
(21, 1, 'سلام! من آتنا دادخواه هستم. امیدوارم حالتان خوب باشد دوستان من!', '09020036770', 'تهران', '2007-11-20'),
(25, 2, NULL, NULL, NULL, NULL),
(30, 3, NULL, NULL, NULL, NULL),
(139, 4, 'بابا نان داد و علی آنرا خورد..', '+298173673', 'گیلان', '2014-08-19'),
(140, 5, 'فرصت ها از دست ندهیم ، فرصت همیشگی نیستند..', '+2910088840', 'قزوین', '1992-01-19'),
(141, 6, 'زندگی از آن ماست ما آن را به روش خودمان پیش میبریم..', '+6852181411879', 'آذربایجان شرقی', '1972-03-18'),
(142, 7, 'بابا نان داد و علی آنرا خورد..', '+50562430860', 'آذربایجان شرقی', '2020-03-22'),
(143, 8, 'مشخص کردن دامنه ایده آل برای سایت شما.', '+2916435682', 'قم', '2018-12-13'),
(144, 9, 'لینک ها میتوانند متن یا عکس یا کدهای جاوا اسکریپت و یا ترکیبی از آنها باشند.', '+5077511107063', 'فارس', '2006-11-11'),
(145, 10, 'تا شقایق هست زندگی باید کرد..', '+2699178286', 'چهارمحال و بختیاری', '1995-02-01'),
(146, 11, 'زمانی پرداخت پولی بیش از سه میلیون تومان براي یکلپ تاپ، ولخرجی تمامعیاري به حساب میآمد.', '+97557184034', 'اردبیل', '2007-03-12'),
(147, 12, 'توضیحات بخش متا به گوگل اعلام میکند که محتوای صفحه درباره چیست.', '+377651736076', 'قم', '1975-03-04'),
(148, 13, 'امروزه، نرمافزارهاي زیادي براي یادداشــتبرداري وجود دارند.', '+2394011290', 'کهگیلویه وبویراحمد', '1970-07-14'),
(149, 14, 'مشکلات اقتصادی گریبان گیر همه ی ما است..', '+585684574264', 'خوزستان', '2008-06-29'),
(150, 15, 'تحقیق کلمات کلیدی جزء مهمترین بخشهای سئو سایت میباشد.', '+3788126034915', 'فارس', '2019-09-16'),
(151, 16, 'ایجاد دسته بندی ها و نام های توصیفی در ساختار آدرس صفحات کمک میکند که سایت مرتب بماند.', '+5016875693', 'چهارمحال و بختیاری', '1995-01-20'),
(152, 17, 'هر روز یک روز زیبا برای انجام کار های درست است زمان را از دست ندهیم..', '+94511498136', 'گیلان', '2019-04-27'),
(153, 18, 'زندگی از آن ماست ما آن را به روش خودمان پیش میبریم..', '+243595392267', 'قزوین', '1997-02-11'),
(154, 19, 'سایت مایکروسافت برای مرورگر بینگ ابزار وبمستری با امکاناتی مشابه امکانات ذکر شده ارائه داده است.', '+354586932855', 'ایلام', '1979-08-20'),
(155, 20, 'ژاپنیها را که میشناسید! عاشق سختی کشیدن و چالــش و کنــدن پوســت ســر از بازیکن براي رســیدن به یک تجربــه هیجانانگیز و رضایتبخش هستند.', '+22204214439', 'ایلام', '2003-12-19'),
(156, 21, 'زمانی پرداخت پولی بیش از سه میلیون تومان براي یکلپ تاپ، ولخرجی تمامعیاري به حساب میآمد.', '+32472239502', 'مازندران', '2016-12-31'),
(157, 22, 'مشکلات ما با اطرافیانمان اغلب در نگرش ما است.', '+299126133', 'قزوین', '2002-09-19'),
(158, 23, 'در شبکه های اجتماعی فعالتر باشید.', '+85306942117', 'خراسان رضوی', '2011-03-13'),
(159, 24, 'هتر است تا جای ممکن از عکس های BMP استفاده نکنید. زیرا حجم زیادی اشغال می کنند.', '+5956688789175', 'خراسان رضوی', '1993-07-27'),
(160, 25, 'لورم ایپسوم متن ساختگی با تولید سادگی نامفهوم از صنعت چاپ و با استفاده از طراحان گرافیک است..', '+242454461459', 'همدان', '1983-11-23'),
(161, 26, 'زندگی با داشتن آرامش روحی و روانی زیبا تر خواهد بود..', '+22869010286', 'گلستان', '1992-03-14'),
(162, 27, 'فرصت ها از دست ندهیم ، فرصت همیشگی نیستند..', '+869452090717', 'کردستان', '2010-12-28'),
(163, 28, 'مرگ شروع یک زندگی دوباره است . با این جمله همگی خودمان در یک رویایی دست نیافتنی فرو میبریم..', '+852777231011', 'لرستان', '1978-11-14'),
(164, 29, 'هر روز یک روز زیبا برای انجام کار های درست است زمان را از دست ندهیم..', '+41761841283', 'سیستان و بلوچستان', '2011-05-20'),
(165, 30, 'مشخص کردن مشکلات موجود در عناوین و متای توضیحات صفحات سایت.', '+9728110311792', 'مرکزی', '2015-07-16'),
(166, 31, 'تحقیق کلمات کلیدی جزء مهمترین بخشهای سئو سایت میباشد.', '+22655430952', 'اردبیل', '1970-05-22'),
(167, 32, 'تاریخ دو بار تکرار میشود : یکی به صورت تراژدی و دیگری به صورت کمدی..', '+354330575821', 'آذربایجان شرقی', '2014-02-18'),
(168, 33, 'توضیحات بخش متا به گوگل اعلام میکند که محتوای صفحه درباره چیست.', '+6850742282667', 'اردبیل', '2007-11-15'),
(169, 34, 'تاریخ دو بار تکرار میشود : یکی به صورت تراژدی و دیگری به صورت کمدی..', '+9644227642121', 'یزد', '1996-09-06'),
(170, 35, 'مشخص کردن دامنه ایده آل برای سایت شما.', '+41469879173', 'سیستان و بلوچستان', '1995-12-03'),
(171, 36, 'تا شقایق هست زندگی باید کرد..', '+207728089630', 'بوشهر', '2015-10-19'),
(172, 37, 'تجربه نشان داده است که موتورهای جستجو حتی پیچیده ترین ساختارهای درختی در سایت را به راحتی پردازش می کنند.', '+9726003828838', 'آذربایجان غربی', '2010-08-12'),
(173, 38, 'لورم ایپسوم متن ساختگی با تولید سادگی نامفهوم از صنعت چاپ و با استفاده از طراحان گرافیک است..', '+844333163550', 'ایلام', '1978-11-03'),
(174, 39, 'درج ویژگی Alt هنگامیکه از عکس بعنوان لینک استفاده می کنید.', '+211723678290', 'هرمزگان', '1996-01-07'),
(175, 40, 'گوگل پیشنهاد می کند که تمام سایت ها در صورت امکان از پروتکل Https استفاده کنند.', '+36324188338', 'اصفهان', '2016-03-08'),
(176, 41, 'تا شقایق هست زندگی باید کرد..', '+38921201136', 'تهران', '1981-08-06'),
(177, 42, 'مشکلات ما با اطرافیانمان اغلب در نگرش ما است.', '+5013284123', 'چهارمحال و بختیاری', '1984-11-29'),
(178, 43, 'تجربه نشان داده است که موتورهای جستجو حتی پیچیده ترین ساختارهای درختی در سایت را به راحتی پردازش می کنند.', '+354779826384', 'ایلام', '1993-08-21'),
(179, 44, 'آنجا که سکوت حاکم میشود موسیقی آغاز می شود..', '+6830193667', 'آذربایجان غربی', '1994-06-18'),
(180, 45, 'ما تنها به دنیا می آییم و تنها از دنیا میرویم مهم آن است که بین دو تنها زندگی نکنیم..', '+99370216234', 'گیلان', '1971-03-08'),
(181, 46, 'بیشتر مرورگرها از فرمت های فایل عمومی تصاویر مانند BMP ،PNG ،GIF ،JPEG پشتیبانی می کنند.', '+252176749469', 'ایلام', '2002-09-17'),
(182, 47, 'لورم ایپسوم متن ساختگی با تولید سادگی نامفهوم از صنعت چاپ و با استفاده از طراحان گرافیک است..', '+50222257475', 'خراسان شمالی', '1996-05-01'),
(183, 48, 'تا شقایق هست زندگی باید کرد..', '+249336212130', 'گلستان', '1989-09-28'),
(184, 49, 'آنجا که سکوت حاکم میشود موسیقی آغاز می شود..', '+664212609317', 'مرکزی', '2017-05-11'),
(185, 50, 'زندگی با داشتن آرامش روحی و روانی زیبا تر خواهد بود..', '+924355475756', 'قم', '2014-07-05'),
(186, 51, 'ما تنها به دنیا می آییم و تنها از دنیا میرویم مهم آن است که بین دو تنها زندگی نکنیم..', '+956308165074', 'بوشهر', '1991-01-11'),
(187, 52, 'مرگ شروع یک زندگی دوباره است . با این جمله همگی خودمان در یک رویایی دست نیافتنی فرو میبریم..', '+23629069563', 'تهران', '2006-01-06'),
(188, 53, 'آنجا که سکوت حاکم میشود موسیقی آغاز می شود..', '+3580896912724', 'همدان', '1999-09-03'),
(189, 54, 'تحقیق کلمات کلیدی جزء مهمترین بخشهای سئو سایت میباشد.', '+387450110815', 'سیستان و بلوچستان', '1975-02-28'),
(190, 55, 'هتر است تا جای ممکن از عکس های BMP استفاده نکنید. زیرا حجم زیادی اشغال می کنند.', '+6785699884', 'بوشهر', '2005-03-01'),
(191, 56, 'مشکلات اقتصادی گریبان گیر همه ی ما است..', '+591987363144', 'اردبیل', '2006-12-08'),
(192, 57, 'توضیحات بخش متا به گوگل اعلام میکند که محتوای صفحه درباره چیست.', '+97413437676', 'چهارمحال و بختیاری', '1982-08-21'),
(193, 58, 'زندگی از آن ماست ما آن را به روش خودمان پیش میبریم..', '+23078757727', 'ایلام', '1970-10-13'),
(194, 59, 'فرصت ها از دست ندهیم ، فرصت همیشگی نیستند..', '+80877602662', 'فارس', '2001-09-15'),
(195, 60, 'تاریخ دو بار تکرار میشود : یکی به صورت تراژدی و دیگری به صورت کمدی..', '+33659491262', 'خوزستان', '2004-12-18'),
(196, 61, 'هر روز یک روز زیبا برای انجام کار های درست است زمان را از دست ندهیم..', '+992024778189', 'زنجان', '2008-11-26'),
(197, 62, 'ژاپنیها را که میشناسید! عاشق سختی کشیدن و چالــش و کنــدن پوســت ســر از بازیکن براي رســیدن به یک تجربــه هیجانانگیز و رضایتبخش هستند.', '+262479318641', 'گلستان', '1980-01-07'),
(198, 63, 'لورم ایپسوم متن ساختگی با تولید سادگی نامفهوم از صنعت چاپ و با استفاده از طراحان گرافیک است..', '+393477040619', 'کرمانشاه', '1996-03-14'),
(199, 64, 'شناخت کلیدواژ ه های برتر در جستجو که به دیده شدن سایت کمک می کند.', '+8557569561568', 'فارس', '2005-04-05'),
(200, 65, 'هر روز یک روز زیبا برای انجام کار های درست است زمان را از دست ندهیم..', '+6854057409973', 'گلستان', '2002-10-31'),
(201, 66, 'مشخص کردن مشکلات موجود در عناوین و متای توضیحات صفحات سایت.', '+672051670', 'خراسان جنوبی', '2001-08-02'),
(202, 67, 'فرصت ها از دست ندهیم ، فرصت همیشگی نیستند..', '+3819340596037', 'فارس', '1981-07-18'),
(203, 68, 'درج ویژگی Alt هنگامیکه از عکس بعنوان لینک استفاده می کنید.', '+382007688381', 'آذربایجان شرقی', '2014-11-09'),
(204, 69, 'لورم ایپسوم متن ساختگی با تولید سادگی نامفهوم از صنعت چاپ و با استفاده از طراحان گرافیک است..', '+80874991568', 'خراسان رضوی', '1982-11-02'),
(205, 70, 'هتر است تا جای ممکن از عکس های BMP استفاده نکنید. زیرا حجم زیادی اشغال می کنند.', '+420758458440', 'هرمزگان', '2022-05-01'),
(206, 71, 'لینک ها میتوانند متن یا عکس یا کدهای جاوا اسکریپت و یا ترکیبی از آنها باشند.', '+97578266182', 'خراسان رضوی', '2003-01-03'),
(207, 72, 'لینک ها میتوانند متن یا عکس یا کدهای جاوا اسکریپت و یا ترکیبی از آنها باشند.', '+567392128693', 'لرستان', '1991-02-19'),
(208, 73, 'ژاپنیها را که میشناسید! عاشق سختی کشیدن و چالــش و کنــدن پوســت ســر از بازیکن براي رســیدن به یک تجربــه هیجانانگیز و رضایتبخش هستند.', '+2673830667781', 'البرز', '2012-01-15'),
(209, 74, 'زمانی پرداخت پولی بیش از سه میلیون تومان براي یکلپ تاپ، ولخرجی تمامعیاري به حساب میآمد.', '+590020413946', 'همدان', '2010-01-25'),
(210, 75, 'ایجاد دسته بندی ها و نام های توصیفی در ساختار آدرس صفحات کمک میکند که سایت مرتب بماند.', '+818617162837', 'هرمزگان', '2021-12-03'),
(211, 396, NULL, NULL, NULL, NULL),
(213, 398, 'سلام!\nمن سارا سارایی هستم!! \n', '9976512234', NULL, NULL);

-- --------------------------------------------------------

--
-- Table structure for table `setting`
--

CREATE TABLE `setting` (
  `id` int(11) NOT NULL,
  `title` text NOT NULL,
  `description` text NOT NULL,
  `logo` longtext CHARACTER SET utf8mb4 COLLATE utf8mb4_bin NOT NULL,
  `social_media` longtext CHARACTER SET utf8mb4 COLLATE utf8mb4_bin DEFAULT NULL CHECK (json_valid(`social_media`)),
  `contact` longtext CHARACTER SET utf8mb4 COLLATE utf8mb4_bin DEFAULT NULL CHECK (json_valid(`contact`)),
  `address` text NOT NULL,
  `discount` datetime DEFAULT NULL
) ENGINE=MyISAM DEFAULT CHARSET=utf8 COLLATE=utf8_persian_ci;

--
-- Dumping data for table `setting`
--

INSERT INTO `setting` (`id`, `title`, `description`, `logo`, `social_media`, `contact`, `address`, `discount`) VALUES
(1, 'فروشگاه الیت', 'ارسال رایگان • بازگشت 30 روزه رایگان • تحویل سریع', '{\n\"header\" : \"images/logo.png\",\n\"footer\" : \"images/logo-alt.png\"\n}', '[{\"url\":\"https:\\/\\/example.com\",\"media\":\"facebook\"},{\"url\":\"https:\\/\\/example.com\",\"media\":\"instagram\"},{\"url\":\"https:\\/\\/example.com\",\"media\":\"linkedin\"},{\"url\":\"https:\\/\\/example.com\",\"media\":\"vimeo\"}]', '{\"phone\":\"9020036770\",\"email\":[{\"email\":\"customer.service@example.com\"},{\"email\":\"info@example.com\"}],\"call\":[{\"call\":\"88712821\"},{\"call\":\"88712822\"}]}', 'خیابان فرصت شیرازی، ساختمان ۱۱۱، پلاک ۵۴، طبقه چهارم، کد پستی: ۵۱۴۴۱، شرکت الیت\n\n', '2023-01-10 00:00:00');

-- --------------------------------------------------------

--
-- Table structure for table `shop_categories`
--

CREATE TABLE `shop_categories` (
  `id` int(11) NOT NULL,
  `title` text NOT NULL,
  `slug` varchar(256) DEFAULT NULL,
  `sub` int(11) DEFAULT 0
) ENGINE=InnoDB DEFAULT CHARSET=utf8 COLLATE=utf8_persian_ci;

--
-- Dumping data for table `shop_categories`
--

INSERT INTO `shop_categories` (`id`, `title`, `slug`, `sub`) VALUES
(1, 'زنان', 'زنان', 0),
(2, 'مردان', 'مردان', 0),
(3, 'کیف و کفش', 'کیف-و-کفش', 0),
(4, 'وسایل جانبی', 'وسایل-جانبی', 0),
(5, 'پیراهن مردانه', 'پیراهن-مردانه', 2),
(7, 'تی شرت مردانه', 'تی-شرت-مردانه', 2),
(8, 'شلوار جین مردانه', 'شلوار-جین-مردانه', 2),
(9, 'کت و ژاکت مردانه', 'کت-و-ژاکت-مردانه', 2),
(10, 'کت و ژاکت زنانه', 'کت-و-ژاکت-زنانه', 1),
(11, 'شلوار جین زنانه', 'شلوار-جین-زنانه', 1),
(12, 'تی شرت زنانه', 'تی-شرت-زنانه', 1),
(14, 'پیراهن-زنانه', 'پیراهن-زنانه', 1),
(15, 'کفش پاشنه بلند', 'کفش-پاشنه-بلند', 3),
(16, 'کفش', 'کفش', 3),
(17, 'کیف بندی', 'کیف-بندی', 3),
(19, 'کوله پشتی', 'کوله-پشتی', 3),
(20, 'کمربند', 'کمربند', 4),
(21, 'شنل و کلاه', 'شنل-و-کلاه', 4),
(22, 'دستکش', 'دستکش', 4),
(23, 'ساعت و جواهرات', 'ساعت-و-جواهرات', 4);

-- --------------------------------------------------------

--
-- Table structure for table `sizes`
--

CREATE TABLE `sizes` (
  `id` int(11) NOT NULL,
  `size` text NOT NULL
) ENGINE=InnoDB DEFAULT CHARSET=utf8 COLLATE=utf8_persian_ci;

--
-- Dumping data for table `sizes`
--

INSERT INTO `sizes` (`id`, `size`) VALUES
(1, 'L Large'),
(2, 'XL Extra Large'),
(3, 'M Medium'),
(4, 'S Small'),
(5, 'XS Extra Small');

-- --------------------------------------------------------

--
-- Table structure for table `team`
--

CREATE TABLE `team` (
  `id` int(11) NOT NULL,
  `name` varchar(256) NOT NULL,
  `title` text NOT NULL,
  `description` text DEFAULT NULL,
  `image` text NOT NULL,
  `media` longtext CHARACTER SET utf8mb4 COLLATE utf8mb4_bin NOT NULL CHECK (json_valid(`media`))
) ENGINE=InnoDB DEFAULT CHARSET=utf8 COLLATE=utf8_persian_ci;

--
-- Dumping data for table `team`
--

INSERT INTO `team` (`id`, `name`, `title`, `description`, `image`, `media`) VALUES
(1, 'Monica Gilbert', 'Founder', NULL, 'images/team/team-member-1.jpg', '{\n\"facebook\" : \"#\",\n\"twitter\" : \"#\",\n\"vimeo\" : \"#\"\n}'),
(2, 'Danial bolt', 'Designer', NULL, 'images/team/team-member-2.jpg', '{\n\"facebook\" : \"facebook.com/danialbl\",\n\"twitter\" : \"#\",\n\"vimeo\" : \"#\"\n}'),
(3, 'Rendy Howl', 'Developer', '', 'images/team/team-member-3.jpg', '{\r\n\"facebook\" : \"#\",\r\n\"twitter\" : \"#\",\r\n\"vimeo\" : \"#\"\r\n}');

-- --------------------------------------------------------

--
-- Table structure for table `tmp_users_cart`
--

CREATE TABLE `tmp_users_cart` (
  `id` int(11) NOT NULL,
  `uuid` varchar(256) NOT NULL,
  `product_id` int(11) NOT NULL,
  `color_id` int(11) NOT NULL,
  `size_id` int(11) NOT NULL,
  `quantity` int(11) NOT NULL
) ENGINE=InnoDB DEFAULT CHARSET=utf8 COLLATE=utf8_persian_ci;

-- --------------------------------------------------------

--
-- Table structure for table `users`
--

CREATE TABLE `users` (
  `id` bigint(20) UNSIGNED NOT NULL,
  `name` varchar(255) NOT NULL,
  `username` varchar(256) DEFAULT NULL,
  `email` varchar(256) NOT NULL,
  `email_verified_at` timestamp NULL DEFAULT NULL,
  `password` varchar(255) DEFAULT NULL,
  `remember_token` varchar(100) DEFAULT NULL,
  `google_id` varchar(256) DEFAULT NULL,
  `created_at` timestamp NULL DEFAULT NULL,
  `updated_at` timestamp NULL DEFAULT NULL
) ENGINE=InnoDB DEFAULT CHARSET=utf8mb4 COLLATE=utf8mb4_unicode_ci;

--
-- Dumping data for table `users`
--

INSERT INTO `users` (`id`, `name`, `username`, `email`, `email_verified_at`, `password`, `remember_token`, `google_id`, `created_at`, `updated_at`) VALUES
(1, 'Atena Dadkhah', 'dadkhah_atena', 'atena.dadkhah86@gmail.com', NULL, '$2y$10$IKgx8bpYikPqsVUT8bfBqun2p/E2Ga.Vd8yFrtRGFAIrayDlyrEYu', 'hrwmoUaqlVgsRMQG6gNQmRqzOxkjWwFphwSQ6z7XSQGjLFzjTCew5c6HtHA1', NULL, '2022-09-16 11:04:52', '2022-09-23 03:22:01'),
(2, 'امید امیدی', 'omid', 'omid@yahoo.comq', NULL, '$2y$10$MzNO6LWpHY4tDF1NZYFldOIOXFISnEy4VZZJQkVkrrhSoqqL6ZDHe', 'JNf2Z7JN3vb2WKkybPkArhhzyfqcebT4gyW6MlpjKk2zbE5rs43wSQI6KGEl', NULL, '2022-09-23 05:01:11', '2022-09-06 11:01:50'),
(3, 'ali gholi', 'ali.gholi654321', 'ali.gholi654321@gmail.com', NULL, NULL, NULL, NULL, '2022-09-23 12:38:49', '2022-08-29 11:38:49'),
(5, 'داریوش مینا راد', 'hello', 'johnnie41@stanton.com', NULL, '$2y$10$RY/wuwDTzx40nadaLjuobe7Jdfp9bdi5Oi.JUusmpkziwQLVR5Yaa', NULL, NULL, '2022-09-04 15:29:18', '2022-09-10 14:32:06'),
(6, 'یاشار سروناز راد', 'mlakin', 'yfritsch@gmail.com', NULL, '$2y$10$6vUhR3HKWYPcSkDO7bXsPut3jfb5qchXiTOrdE/5LWFC3ZbWAFVaC', NULL, NULL, '2021-05-11 12:50:02', '2022-01-19 12:49:12'),
(7, 'مهرشاد نازنین زاده', 'vbeahan', 'adurgan@gmail.com', NULL, '$2y$10$V0dTi3dsXO6JB/3OSdlYNui/Pvn/malVB3yftepGb.BaW.teeOJoS', NULL, NULL, '2021-06-21 22:04:26', '2022-05-29 04:28:02'),
(8, 'نیلوفر میترا پور', 'davon38', 'laurence.bogan@torphy.info', NULL, '$2y$10$LpP3rvS3sQPltQqz8pLREOBtubS.2XuBS8V0ce1soBxTswWO3mTHK', NULL, NULL, '2022-09-24 06:39:19', '2022-04-08 01:56:06'),
(9, 'شیرین نیلوفر راد', 'dean.fritsch', 'nicolas.monica@lehner.biz', NULL, '$2y$10$ULplnLb..Cif405fhFp8MeiQPXSr.k.caffMbWtimGwX39iKm.SPa', NULL, NULL, '2019-12-23 23:49:15', '2022-04-10 13:10:14'),
(10, 'زویا ستاره زاده', 'foconnell', 'idibbert@hotmail.com', NULL, '$2y$10$hKSSeZktFkdo/a0Uiz2j2.y0AJkxR1aeDDKjf1OmyaLOZvZSIRmD6', NULL, NULL, '2022-09-23 08:30:25', '2022-05-04 11:04:05'),
(11, 'جاوید بهشاد پور', 'hintz.horacio', 'halvorson.giovanna@spencer.info', NULL, '$2y$10$.IZoTtT7lmHTjieD4UBJteZKjGmgeTJXHgdlYFdZ5PaQw64kh9NCq', NULL, NULL, '2020-09-21 09:53:37', '2022-06-04 11:15:29'),
(12, 'رؤیا مهزیار نژاد', 'ritchie.alexanne', 'ollie62@mccullough.info', NULL, '$2y$10$G1fiQLiODNodXKjAt909fOAccePkBG5iikF335LWs6HmLEpE6x65K', NULL, NULL, '2021-05-17 22:07:44', '2022-04-30 12:45:54'),
(13, 'ریحانه آرمان پور', 'reid.oreilly', 'caltenwerth@runolfsson.com', NULL, '$2y$10$fQw8tYAwIwvhzOdyZyOpA.AxhNa3neE8QPbuRh1N7kNZsRsgzRSDC', NULL, NULL, '2022-09-25 13:54:45', '2022-04-18 20:37:09'),
(14, 'آندریا ترانه پور', 'winfield.hodkiewicz', 'stehr.michel@miller.info', NULL, '$2y$10$wQWysp7EvJmD2WNj7puCzub12L1Vc6Mb4Cdorctvclw1i4Na3Lm0e', NULL, NULL, '2021-12-13 07:43:40', '2022-06-10 10:31:42'),
(15, 'ریحانه بهشاد زاده', 'boris14', 'awolf@gmail.com', NULL, '$2y$10$wlkN9yv7aKBfg2AAh4Gk.uNoqc3abeBofqfuj3oDbII.FuVT3f6.W', NULL, NULL, '2020-10-20 01:55:14', '2022-04-20 19:32:45'),
(16, 'رؤیا تورج زاده', 'helmer67', 'nyasia.king@waters.com', NULL, '$2y$10$3PDoyIvolnYHyJSo9ZsgxO5I9Uu6cQB.bC6R8suW2PN6d76avj.Ka', NULL, NULL, '2020-06-09 23:41:51', '2022-05-21 02:31:02'),
(17, 'بهروز زامیاد پور', 'leda11', 'yost.karli@greenholt.com', NULL, '$2y$10$Kl9GUvcUvmuzGs1KTqSdVeDwszm16eUWaEwq2au.aa3kw7ktOh9YK', NULL, NULL, '2022-05-08 00:12:27', '2022-06-15 11:44:23'),
(18, 'آندریا مهرشاد راد', 'rowena25', 'earnest.ratke@hotmail.com', NULL, '$2y$10$lXjoawp950Drnsu6qzQAReoioseIA5UlsVWuTH7VI.bzyKQjv/Ng2', NULL, NULL, '2021-07-06 09:48:22', '2022-03-30 01:48:06'),
(19, 'بهشاد ستاره نژاد', 'kautzer.velma', 'tjakubowski@torphy.com', NULL, '$2y$10$7KmSYeknUILPexZvBuIk6.zUmHQQMBoJy/Iatw0kMBHsC5DR.1Nr2', NULL, NULL, '2021-02-09 06:45:59', '2022-02-28 22:36:21'),
(20, 'زویا مهدی پور', 'melba.jaskolski', 'miller.roscoe@wintheiser.com', NULL, '$2y$10$Rd.h1m4TzICOGRO7hVsZauP4CyrTLHQ9JI3uqaTX.cwhmNO5U2Skq', NULL, NULL, '2022-09-18 19:16:36', '2022-03-07 13:37:16'),
(21, 'پرتو سجاد پور', 'matteo58', 'turner.vella@heller.org', NULL, '$2y$10$SxgSq0eonPAEbZTCVQx1hOBnB5GROOCoTu0IqRBGfWEptg0OJu8j.', NULL, NULL, '2022-09-18 15:48:39', '2022-05-21 13:41:43'),
(22, 'شیما یاشار زاده', 'destini87', 'sheldon.renner@hotmail.com', NULL, '$2y$10$.oLWeACHg.8IxMU.TFL0Y.3mbS.GZm6SqgOps.6KE43Geb8bSLQPe', NULL, NULL, '2022-09-18 18:19:13', '2022-01-06 14:17:07'),
(23, 'بزرگمهر کورش نژاد', 'henry.halvorson', 'oschiller@hotmail.com', NULL, '$2y$10$HLqrL43uw3pj1ddMc/zffeQ/uNFFxdZv3q4OKgjisomM6Q3rCrVy.', NULL, NULL, '2022-09-18 23:05:14', '2022-01-27 11:48:19'),
(24, 'ساناز بهروز پور', 'kameron43', 'kuvalis.jarod@yahoo.com', NULL, '$2y$10$1iIbb.xuezJ0eftM/gtNtetfGUymQkm9idY/0Fs5TmhdlZvii7ezO', NULL, NULL, '2022-09-20 04:37:41', '2022-07-06 08:23:54'),
(25, 'تهمینه حمید نژاد', 'aleen.becker', 'halle91@bartell.com', NULL, '$2y$10$y1hDmKB2weRsy4TmzZbX6eUZNJsIZ44RQ7GUpujGJqkUn2VI33zKe', NULL, NULL, '2021-08-21 19:29:28', '2022-06-15 03:09:54'),
(26, 'آندریا نیلوفر پور', 'nettie01', 'annie.pagac@graham.biz', NULL, '$2y$10$J5kevcsFX4sM7J.DF/6AeOg6OZk1RsTfeInk5JBFFdjbbCce.eG1i', NULL, NULL, '2022-09-24 20:40:47', '2022-01-29 13:05:17'),
(27, 'المیرا لیلا پور', 'rosenbaum.jamar', 'maymie10@osinski.net', NULL, '$2y$10$PyYrvq3s88vFFc8q.Cd4IOdK4HZW2o7XFra.DmcfJdrISWHAQxfHy', NULL, NULL, '2021-09-08 22:09:50', '2022-02-02 13:40:11'),
(28, 'حسن مهزیار پور', 'emard.aurore', 'montana.schmidt@heidenreich.com', NULL, '$2y$10$3dCk6cQ97FwVLFt1oOxFw.ZPsvfW/19/rX2LOhOJTEOQCNPEnPd9i', NULL, NULL, '2021-03-22 14:23:25', '2022-02-15 04:13:04'),
(29, 'شایان محمود پور', 'destany.kiehn', 'ihudson@reynolds.info', NULL, '$2y$10$y3fMvadwYI4AN5bNBJQP/OAILVkAtvz/LQ7O1OyfNd033ZcK1rcFu', NULL, NULL, '2021-10-19 01:15:10', '2022-03-17 20:07:40'),
(30, 'پرتو مرجان راد', 'abelardo82', 'qrau@gmail.com', NULL, '$2y$10$DqEABagETAIZdiz2UzA7x.DdqbePb4ivQZ9urQNYbaVI6tVFAzcPe', NULL, NULL, '2022-03-22 08:40:17', '2022-02-01 12:51:57'),
(31, 'نگین زامیاد نژاد', 'hhamill', 'christiana.jacobi@sauer.net', NULL, '$2y$10$X/Eva8TylHq/zy/AY6kCCe2aLmuzkR2W.ny8XqHbb5DTQN4BAUSmS', NULL, NULL, '2019-12-16 18:13:40', '2022-06-06 08:29:12'),
(32, 'نگار ساناز راد', 'cecil02', 'clark.bins@hotmail.com', NULL, '$2y$10$8MFhI9ML67dBjhRgQyRFVunfSgCYWUlD6stqdPwDQIFEW0o.B225q', NULL, NULL, '2020-03-14 00:16:49', '2022-02-25 03:22:26'),
(33, 'بیژن بزرگمهر زاده', 'christophe16', 'maggio.broderick@yahoo.com', NULL, '$2y$10$7uNJeBojDNk2QpdEvIDtJ.y7iwKL9HoTRK/e4Ussc4Fqq8.9DdLlq', NULL, NULL, '2020-02-18 00:08:58', '2022-01-26 13:01:48'),
(34, 'نازنین سیما راد', 'bauch.greyson', 'ahermiston@yahoo.com', NULL, '$2y$10$KFpQX3gjI0TrbPxDgVsrweO8lazK.tj7BgOlN2ZMbg0vKbDMdjXhy', NULL, NULL, '2021-05-04 12:51:52', '2022-03-25 22:42:06'),
(35, 'احمد بزرگمهر راد', 'dibbert.flavie', 'aebert@bauch.org', NULL, '$2y$10$oNAbiCOjvTMASvVfiEfqROXlRw4HlZhbDgqsHk09Z7TFtgSN0/Vv6', NULL, NULL, '2021-12-05 15:53:41', '2022-06-15 00:17:57'),
(36, 'سیما نگار پور', 'toy.blaise', 'gbatz@hotmail.com', NULL, '$2y$10$P5wZQ9gBYqc9hOggMmsBfeaZTBftHApC8XErgXjS07jV/u7bsrV9C', NULL, NULL, '2020-04-08 09:33:09', '2022-05-24 09:23:22'),
(37, 'لیلا حمید پور', 'mgrimes', 'kiara52@walsh.org', NULL, '$2y$10$/Gtxr8cYiMwxLBmXiNOvw.qmWji/FonEb8HigjDwPtH6Te0eArQVS', NULL, NULL, '2021-01-15 14:44:42', '2022-02-10 16:54:19'),
(38, 'ساناز آریانا نژاد', 'viola89', 'alexa67@gmail.com', NULL, '$2y$10$zyvT6JpHhk2XKAoWnMITM.faNN9tlP3HNGxqNR4dEEr1R1h1DjEuu', NULL, NULL, '2021-05-14 14:05:03', '2022-02-15 05:42:26'),
(39, 'احمد پروانه نژاد', 'howell.rick', 'hirthe.sally@hilpert.net', NULL, '$2y$10$JO/gDPolKDRmCIzPs6q52.r.TBZPq.qq3RpLPM8IcrhgwP330Cexe', NULL, NULL, '2019-11-21 22:25:40', '2022-05-25 09:35:34'),
(40, 'شایان آرمان راد', 'chris.marks', 'tracy08@glover.com', NULL, '$2y$10$u3nuIrFS2tIgBNg58NC49.gJfrMoMoS4bQMN9/ioS9MSCQkU3HQKe', NULL, NULL, '2022-05-24 22:38:16', '2022-05-02 02:03:34'),
(41, 'زامیاد علی زاده', 'ohara.deron', 'denis95@grimes.com', NULL, '$2y$10$CsIXilT8R2vaOB1x9iW9euQNcABFPYJDoALMIj1lAzhge2eQJBZKe', NULL, NULL, '2022-02-28 07:56:02', '2022-04-27 10:19:45'),
(42, 'مینا بهرام راد', 'joshua.jast', 'bpollich@davis.info', NULL, '$2y$10$.wDe/4uV3xG7WXv2DyIzXejl3hWXzl5NiJ.Lpg8v5IhmkEv6qtH26', NULL, NULL, '2022-03-01 22:21:11', '2022-03-13 10:34:58'),
(43, 'شاهرخ نگار زاده', 'elmer06', 'hturner@kunde.com', NULL, '$2y$10$tMleND7UBUylkH8lX/wF9uryKphb.qBorHyar5K5UGsbf3h0IJgKG', NULL, NULL, '2022-03-12 09:39:40', '2022-05-19 18:26:02'),
(44, 'شقایق عطیه پور', 'stark.toni', 'krystel29@yahoo.com', NULL, '$2y$10$o/PtnG5Ttzi5rApY1EPrCO.WbRxrXqbo/iMxYc0ifVeDb5WgIKhk6', NULL, NULL, '2022-04-01 20:29:15', '2022-01-31 21:42:43'),
(45, 'ترانه پگاه نژاد', 'zdurgan', 'joe.jacobs@harvey.com', NULL, '$2y$10$OeW0wc2oH5kOkXcOKUYL/.dH753C570C6BtrgXPIicNh3yg8/XKk2', NULL, NULL, '2021-02-09 10:53:43', '2022-06-10 02:23:39'),
(46, 'شیرین یگانه راد', 'friedrich75', 'golden.rice@yundt.info', NULL, '$2y$10$Hp/hLIQHpnvG5d/.EJ1/7eCV8mltW3ggDf4XmBUvhi9vpbWyMm/QK', NULL, NULL, '2020-08-29 11:33:41', '2022-06-05 22:04:34'),
(47, 'جهان علی نژاد', 'lucie.thiel', 'tgibson@yahoo.com', NULL, '$2y$10$CFIUlg2eTuG7GrrhBvZDcO9UQ0SaAFWOOheflODGl/WTQpNN4bW22', NULL, NULL, '2020-02-25 22:46:39', '2022-03-03 19:53:28'),
(48, 'جمشید کورش نژاد', 'emmanuelle.brown', 'pkertzmann@hotmail.com', NULL, '$2y$10$1MsvxXL5/fcO7QIdJXQwBug48I8pNP3c32A46ARZtuYEjHeRUoq7i', NULL, NULL, '2022-04-14 16:16:06', '2022-04-19 12:27:18'),
(49, 'ستاره سیاوش راد', 'ubeahan', 'christophe95@hotmail.com', NULL, '$2y$10$jTlBjcvVhCrFAb7E1DoGv.sfrl6EImSFVXnVuahuaGgCHg8F.YInK', NULL, NULL, '2020-05-03 17:36:01', '2022-01-31 09:54:09'),
(50, 'مرجان کورش راد', 'shields.fermin', 'hlindgren@yahoo.com', NULL, '$2y$10$moTB4zGQL.zDb.JPu4UxtuITktZGm2s/X38rSU7VUBhHVenJvZM9q', NULL, NULL, '2022-04-17 12:21:36', '2022-04-12 20:44:53'),
(51, 'مهدی بابک زاده', 'odessa32', 'lang.skyla@yahoo.com', NULL, '$2y$10$4vZ5WkduHJg4l7/l/UZ/jOaj6Ak4e4Y62azax9PYA9VHcScUEVHP.', NULL, NULL, '2021-04-22 13:25:56', '2022-04-18 06:25:00'),
(52, 'حسام پرستو نژاد', 'becker.richard', 'tremayne42@abbott.com', NULL, '$2y$10$u7DNECiiK7acgpXIwRkOCucmRPd4/dq6p9UXi.Bvc3isnwdYUyyei', NULL, NULL, '2022-06-14 00:21:37', '2022-01-13 05:04:31'),
(53, 'میترا آرمان راد', 'usmith', 'selmer.stehr@runolfsson.info', NULL, '$2y$10$GN7oA6g22x0WO6unQnF6O.X0WOw0RcnwUt/evADtBtercXrV82dKO', NULL, NULL, '2021-12-10 20:13:17', '2022-06-22 19:26:44'),
(54, 'منا پرستو راد', 'brady.bernier', 'johann82@hotmail.com', NULL, '$2y$10$Pj0B.tSB2YrbHomVpOJCDuSWpDGCAoVv1.ZbAWQ7WU8CnoUFS0kbi', NULL, NULL, '2020-09-30 07:07:40', '2022-06-16 02:56:50'),
(55, 'تهمینه جاوید پور', 'ondricka.kennedi', 'beth94@yahoo.com', NULL, '$2y$10$EzpkTdSqlp42/2bk.M4myugKeZfKbL3ZaC076UlXTcy7OQkBWZYta', NULL, NULL, '2021-10-16 21:55:11', '2022-05-23 15:26:43'),
(56, 'ساسان سیما راد', 'zoila.rolfson', 'rledner@bartoletti.net', NULL, '$2y$10$pFYEoL94k8dUzmfw3FGcc.1SeNFE/ccBvJ9oqMrYPlvZn.OQxkufa', NULL, NULL, '2021-04-04 16:56:40', '2022-02-25 15:18:49'),
(57, 'مهرداد یاشار نژاد', 'alison20', 'rubye19@gmail.com', NULL, '$2y$10$X5bJNSCrRBulDr8Y72xNU.xdCRgZvj6qfJ0yQzl3/IoR2QSSJJRJe', NULL, NULL, '2020-06-29 20:14:23', '2022-07-03 18:35:59'),
(58, 'منا سالار نژاد', 'hans.blanda', 'ivy.west@lakin.com', NULL, '$2y$10$g3HUwbk6SYNjnp836dLJqu9/CXRxEKe/QHZn8RPydAGmN2dT919oK', NULL, NULL, '2019-10-02 10:58:54', '2022-05-07 14:15:41'),
(59, 'عطیه محمود راد', 'gheathcote', 'willie.will@gmail.com', NULL, '$2y$10$UVqYMpGxpG65Z5z3fi3LGeugMPUEUb93ChQLtOIZbFHj7qhsEXBmO', NULL, NULL, '2020-01-08 16:17:14', '2022-03-02 15:32:06'),
(60, 'بهروز وحید نژاد', 'kellie.hagenes', 'easton64@gmail.com', NULL, '$2y$10$ERVc.qJm.SAcJNc0c346YOimuyPwu2Tt3rqyYipwV6IETIe0Cs2Ua', NULL, NULL, '2021-12-26 15:30:33', '2022-06-20 23:51:11'),
(61, 'داریوش المیرا زاده', 'janelle.sauer', 'uquigley@casper.info', NULL, '$2y$10$jGMMRbMQB6vxtxiojHy7LOFtrLmxh.aRgdcNPf6fNoUw/JPnAfXKC', NULL, NULL, '2020-05-27 16:48:46', '2022-01-31 19:11:13'),
(62, 'جمشید ترانه زاده', 'oreichel', 'ismael.funk@huel.net', NULL, '$2y$10$3vGCGI.VXz0H3apuf3uYw.m0kssif2dG8A.xNgF7t/XVka4YrN9hq', NULL, NULL, '2021-07-28 04:42:03', '2022-05-02 03:59:17'),
(63, 'بهروز جمشید پور', 'celine92', 'emard.henriette@hotmail.com', NULL, '$2y$10$aWvDZos5o7HCyfYw4hrJP.De27pQftjjE090U.DDWWniuXWteIqEm', NULL, NULL, '2020-07-30 13:43:45', '2022-03-24 01:07:09'),
(64, 'احمد بابک راد', 'jerad.bergstrom', 'walker.gerhold@hotmail.com', NULL, '$2y$10$HHCrWgxCM6Z8AK6BeoTQHe3hpdLhs2rDq8MhItdwdm8UKPCGI361.', NULL, NULL, '2020-03-01 01:27:11', '2022-03-16 20:48:09'),
(65, 'سروناز زهرا نژاد', 'mark.hand', 'melyna83@effertz.net', NULL, '$2y$10$CHQ.wCVvH.t2luBuAWw.oemyqtUdgGkE2/M4owqBimgwkZw3D6UDy', NULL, NULL, '2022-02-18 00:13:22', '2022-03-10 19:33:45'),
(66, 'زویا جاوید زاده', 'zulauf.angelina', 'schowalter.geoffrey@hotmail.com', NULL, '$2y$10$YzbYAGePA06H4RGJga/aUeWmNiANEIIltC0gWMLbrJM7DtXk1rTxe', NULL, NULL, '2021-04-20 03:28:07', '2022-04-06 09:32:28'),
(67, 'مرجان شایان نژاد', 'ara.rau', 'khuel@yahoo.com', NULL, '$2y$10$2qROAiGyFNmwROoDQe8Lm.O63oIYZ5vanoBYwrz74tDgoLqYmKrFG', NULL, NULL, '2020-01-10 23:11:56', '2022-01-26 17:51:21'),
(68, 'مهرشاد المیرا پور', 'conn.kiarra', 'lesch.london@dietrich.info', NULL, '$2y$10$Um9VEGrh7EzA7mvrMhBQWOC2XNzA7F9ypi7DmGqL.G9U1svpwLtNi', NULL, NULL, '2022-03-30 12:28:20', '2022-02-13 03:52:30'),
(69, 'رؤیا شهرزاد راد', 'tskiles', 'rowan.quigley@hotmail.com', NULL, '$2y$10$veon79f83n2Be3h3xm5V0OLVydLAORx1A34UelMBjlgoxWo4noTmS', NULL, NULL, '2020-06-15 06:26:46', '2022-03-03 22:36:20'),
(70, 'زهرا آندریا پور', 'rosemarie56', 'hazel.gottlieb@yahoo.com', NULL, '$2y$10$POQSn4UBornxeSQgTQ.6V.9Fh3oFm1mfV8BBmUy1AXJSF1Nz5AF5q', NULL, NULL, '2020-10-31 19:26:35', '2022-02-10 18:44:02'),
(71, 'آرتین ستاره پور', 'tad.lockman', 'nicolas.katarina@hotmail.com', NULL, '$2y$10$tzBgAgVewvZ12oTAm2OhsuA8.jiex/5pXF3aiOktvaIWxnhH5FBZC', NULL, NULL, '2021-06-24 03:10:26', '2022-05-30 12:51:49'),
(72, 'ساسان شقایق پور', 'gaylord.coy', 'wrodriguez@yahoo.com', NULL, '$2y$10$sjJGGYa6KfJwJrxuuNmynOJFOeaXzIKfAT3FEc4N0R0exlzVcIHd.', NULL, NULL, '2019-09-18 09:38:02', '2022-05-18 08:03:39'),
(73, 'علی پژمان پور', 'gcrooks', 'wunsch.lavina@goldner.biz', NULL, '$2y$10$JmspX7V.eYMTiBpfvZpfcedaqM3m5h0/ZLyPzj8i8I7z3ImFOXqR6', NULL, NULL, '2021-09-03 00:19:58', '2022-03-10 19:54:54'),
(74, 'مهرشاد عطیه راد', 'hhammes', 'kevon.jenkins@gmail.com', NULL, '$2y$10$ZHybneaS9QPQp6L6scbOkeOmCEXl.j9AoXpHuY0ecpTEkGz4jk3ZC', NULL, NULL, '2021-01-02 22:21:27', '2022-03-19 23:34:27'),
(75, 'ساناز بهروز نژاد', 'chauck', 'djohnson@hotmail.com', NULL, '$2y$10$9B7aiCNQn6wv7e5UnzDP9uD4G2/lZfSwR65fXTlXleQIe2Zd2mcRa', NULL, NULL, '2021-02-23 10:06:20', '2022-06-16 12:10:13'),
(396, 'you tube', 'aaaddddyou', 'aaaddddyou@gmail.com', NULL, NULL, NULL, NULL, '2022-09-23 04:33:12', '2022-09-23 04:33:12'),
(398, 'سارا سارایی', 'sara.s', 'sara@yahoo.com', NULL, '$2y$10$lCo5h6wSs4GoFRHotQ2v8en8P3reYa6CLYU9uNIfgT16SoYLRGgEy', NULL, NULL, '2022-09-27 12:50:39', '2022-09-27 12:50:39');

-- --------------------------------------------------------

--
-- Table structure for table `users_cart`
--

CREATE TABLE `users_cart` (
  `id` int(11) NOT NULL,
  `user_id` int(11) NOT NULL,
  `product_id` int(11) NOT NULL,
  `color_id` int(11) NOT NULL,
  `size_id` int(11) NOT NULL,
  `quantity` int(11) NOT NULL
) ENGINE=InnoDB DEFAULT CHARSET=utf8 COLLATE=utf8_persian_ci;

--
-- Dumping data for table `users_cart`
--

INSERT INTO `users_cart` (`id`, `user_id`, `product_id`, `color_id`, `size_id`, `quantity`) VALUES
(188, 21, 5, 4, 5, 1),
(206, 3, 1, 5, 2, 5),
(211, 1, 8, 3, 2, 1),
(212, 1, 1, 5, 2, 2);

--
-- Indexes for dumped tables
--

--
-- Indexes for table `articles`
--
ALTER TABLE `articles`
  ADD PRIMARY KEY (`id`);

--
-- Indexes for table `articles_categories`
--
ALTER TABLE `articles_categories`
  ADD PRIMARY KEY (`id`);

--
-- Indexes for table `categories`
--
ALTER TABLE `categories`
  ADD PRIMARY KEY (`id`);

--
-- Indexes for table `cities`
--
ALTER TABLE `cities`
  ADD PRIMARY KEY (`id`);

--
-- Indexes for table `colors`
--
ALTER TABLE `colors`
  ADD PRIMARY KEY (`id`);

--
-- Indexes for table `comments`
--
ALTER TABLE `comments`
  ADD PRIMARY KEY (`id`),
  ADD KEY `comments_commenter_id_commenter_type_index` (`commenter_id`,`commenter_type`),
  ADD KEY `comments_commentable_type_commentable_id_index` (`commentable_type`,`commentable_id`),
  ADD KEY `comments_child_id_foreign` (`child_id`);

--
-- Indexes for table `customers_opinion`
--
ALTER TABLE `customers_opinion`
  ADD PRIMARY KEY (`id`);

--
-- Indexes for table `failed_jobs`
--
ALTER TABLE `failed_jobs`
  ADD PRIMARY KEY (`id`),
  ADD UNIQUE KEY `failed_jobs_uuid_unique` (`uuid`);

--
-- Indexes for table `faq`
--
ALTER TABLE `faq`
  ADD PRIMARY KEY (`id`);

--
-- Indexes for table `media`
--
ALTER TABLE `media`
  ADD PRIMARY KEY (`id`),
  ADD UNIQUE KEY `media_uuid_unique` (`uuid`),
  ADD KEY `media_model_type_model_id_index` (`model_type`,`model_id`),
  ADD KEY `media_order_column_index` (`order_column`);

--
-- Indexes for table `migrations`
--
ALTER TABLE `migrations`
  ADD PRIMARY KEY (`id`);

--
-- Indexes for table `notifications`
--
ALTER TABLE `notifications`
  ADD PRIMARY KEY (`id`),
  ADD KEY `notifications_notifiable_type_notifiable_id_index` (`notifiable_type`,`notifiable_id`);

--
-- Indexes for table `password_resets`
--
ALTER TABLE `password_resets`
  ADD KEY `password_resets_email_index` (`email`);

--
-- Indexes for table `personal_access_tokens`
--
ALTER TABLE `personal_access_tokens`
  ADD PRIMARY KEY (`id`),
  ADD UNIQUE KEY `personal_access_tokens_token_unique` (`token`),
  ADD KEY `personal_access_tokens_tokenable_type_tokenable_id_index` (`tokenable_type`,`tokenable_id`);

--
-- Indexes for table `products`
--
ALTER TABLE `products`
  ADD PRIMARY KEY (`id`);

--
-- Indexes for table `products_categories`
--
ALTER TABLE `products_categories`
  ADD PRIMARY KEY (`id`);

--
-- Indexes for table `products_color`
--
ALTER TABLE `products_color`
  ADD PRIMARY KEY (`id`);

--
-- Indexes for table `products_size`
--
ALTER TABLE `products_size`
  ADD PRIMARY KEY (`id`);

--
-- Indexes for table `profiles`
--
ALTER TABLE `profiles`
  ADD PRIMARY KEY (`id`);

--
-- Indexes for table `setting`
--
ALTER TABLE `setting`
  ADD PRIMARY KEY (`id`);

--
-- Indexes for table `shop_categories`
--
ALTER TABLE `shop_categories`
  ADD PRIMARY KEY (`id`);

--
-- Indexes for table `sizes`
--
ALTER TABLE `sizes`
  ADD PRIMARY KEY (`id`);

--
-- Indexes for table `team`
--
ALTER TABLE `team`
  ADD PRIMARY KEY (`id`);

--
-- Indexes for table `tmp_users_cart`
--
ALTER TABLE `tmp_users_cart`
  ADD PRIMARY KEY (`id`);

--
-- Indexes for table `users`
--
ALTER TABLE `users`
  ADD PRIMARY KEY (`id`),
  ADD UNIQUE KEY `users_email_unique` (`email`);

--
-- Indexes for table `users_cart`
--
ALTER TABLE `users_cart`
  ADD PRIMARY KEY (`id`);

--
-- AUTO_INCREMENT for dumped tables
--

--
-- AUTO_INCREMENT for table `articles`
--
ALTER TABLE `articles`
  MODIFY `id` int(11) NOT NULL AUTO_INCREMENT, AUTO_INCREMENT=54;

--
-- AUTO_INCREMENT for table `articles_categories`
--
ALTER TABLE `articles_categories`
  MODIFY `id` int(11) NOT NULL AUTO_INCREMENT, AUTO_INCREMENT=124;

--
-- AUTO_INCREMENT for table `categories`
--
ALTER TABLE `categories`
  MODIFY `id` int(11) NOT NULL AUTO_INCREMENT, AUTO_INCREMENT=9;

--
-- AUTO_INCREMENT for table `colors`
--
ALTER TABLE `colors`
  MODIFY `id` int(11) NOT NULL AUTO_INCREMENT, AUTO_INCREMENT=6;

--
-- AUTO_INCREMENT for table `comments`
--
ALTER TABLE `comments`
  MODIFY `id` bigint(20) UNSIGNED NOT NULL AUTO_INCREMENT, AUTO_INCREMENT=207;

--
-- AUTO_INCREMENT for table `customers_opinion`
--
ALTER TABLE `customers_opinion`
  MODIFY `id` int(11) NOT NULL AUTO_INCREMENT, AUTO_INCREMENT=51;

--
-- AUTO_INCREMENT for table `failed_jobs`
--
ALTER TABLE `failed_jobs`
  MODIFY `id` bigint(20) UNSIGNED NOT NULL AUTO_INCREMENT;

--
-- AUTO_INCREMENT for table `faq`
--
ALTER TABLE `faq`
  MODIFY `id` int(11) NOT NULL AUTO_INCREMENT, AUTO_INCREMENT=7;

--
-- AUTO_INCREMENT for table `media`
--
ALTER TABLE `media`
  MODIFY `id` bigint(20) UNSIGNED NOT NULL AUTO_INCREMENT, AUTO_INCREMENT=56;

--
-- AUTO_INCREMENT for table `migrations`
--
ALTER TABLE `migrations`
  MODIFY `id` int(10) UNSIGNED NOT NULL AUTO_INCREMENT, AUTO_INCREMENT=10;

--
-- AUTO_INCREMENT for table `personal_access_tokens`
--
ALTER TABLE `personal_access_tokens`
  MODIFY `id` bigint(20) UNSIGNED NOT NULL AUTO_INCREMENT;

--
-- AUTO_INCREMENT for table `products`
--
ALTER TABLE `products`
  MODIFY `id` int(11) NOT NULL AUTO_INCREMENT, AUTO_INCREMENT=19;

--
-- AUTO_INCREMENT for table `products_categories`
--
ALTER TABLE `products_categories`
  MODIFY `id` int(11) NOT NULL AUTO_INCREMENT, AUTO_INCREMENT=34;

--
-- AUTO_INCREMENT for table `products_color`
--
ALTER TABLE `products_color`
  MODIFY `id` int(11) NOT NULL AUTO_INCREMENT, AUTO_INCREMENT=43;

--
-- AUTO_INCREMENT for table `products_size`
--
ALTER TABLE `products_size`
  MODIFY `id` int(11) NOT NULL AUTO_INCREMENT, AUTO_INCREMENT=50;

--
-- AUTO_INCREMENT for table `profiles`
--
ALTER TABLE `profiles`
  MODIFY `id` int(11) NOT NULL AUTO_INCREMENT, AUTO_INCREMENT=214;

--
-- AUTO_INCREMENT for table `setting`
--
ALTER TABLE `setting`
  MODIFY `id` int(11) NOT NULL AUTO_INCREMENT, AUTO_INCREMENT=2;

--
-- AUTO_INCREMENT for table `shop_categories`
--
ALTER TABLE `shop_categories`
  MODIFY `id` int(11) NOT NULL AUTO_INCREMENT, AUTO_INCREMENT=25;

--
-- AUTO_INCREMENT for table `sizes`
--
ALTER TABLE `sizes`
  MODIFY `id` int(11) NOT NULL AUTO_INCREMENT, AUTO_INCREMENT=6;

--
-- AUTO_INCREMENT for table `team`
--
ALTER TABLE `team`
  MODIFY `id` int(11) NOT NULL AUTO_INCREMENT, AUTO_INCREMENT=4;

--
-- AUTO_INCREMENT for table `tmp_users_cart`
--
ALTER TABLE `tmp_users_cart`
  MODIFY `id` int(11) NOT NULL AUTO_INCREMENT, AUTO_INCREMENT=35;

--
-- AUTO_INCREMENT for table `users`
--
ALTER TABLE `users`
  MODIFY `id` bigint(20) UNSIGNED NOT NULL AUTO_INCREMENT, AUTO_INCREMENT=399;

--
-- AUTO_INCREMENT for table `users_cart`
--
ALTER TABLE `users_cart`
  MODIFY `id` int(11) NOT NULL AUTO_INCREMENT, AUTO_INCREMENT=213;

--
-- Constraints for dumped tables
--

--
-- Constraints for table `comments`
--
ALTER TABLE `comments`
  ADD CONSTRAINT `comments_child_id_foreign` FOREIGN KEY (`child_id`) REFERENCES `comments` (`id`) ON DELETE CASCADE;
COMMIT;

/*!40101 SET CHARACTER_SET_CLIENT=@OLD_CHARACTER_SET_CLIENT */;
/*!40101 SET CHARACTER_SET_RESULTS=@OLD_CHARACTER_SET_RESULTS */;
/*!40101 SET COLLATION_CONNECTION=@OLD_COLLATION_CONNECTION */;
